y11: direct /dev/dri/card1: Permission denied
y11: no seat available (No such file or directory), running headless
y11: input device /dev/input/event15 ("Dynamic Function Row Virtual Input Device"): keys=1 rel=0 abs=0
y11: input device /dev/input/event8 ("Apple Inc. Apple Internal Keyboard / Trackpad"): keys=1 rel=0 abs=1
y11: input device /dev/input/event7 ("Apple Inc. Touch Bar Display Touchpad"): keys=1 rel=0 abs=1
y11: input device /dev/input/event6 ("Apple Inc. Apple Internal Keyboard / Trackpad"): keys=1 rel=0 abs=0
y11: input device /dev/input/event5 ("Video Bus"): keys=1 rel=0 abs=0
y11: input device /dev/input/event4 ("Apple Headset"): keys=1 rel=0 abs=0
y11: input device /dev/input/event3 ("Power Button"): keys=1 rel=0 abs=0
y11: input device /dev/input/event2 ("Sleep Button"): keys=1 rel=0 abs=0
y11: input device /dev/input/event1 ("Power Button"): keys=1 rel=0 abs=0
y11: dri3 device /dev/dri/card1
y11: listening on /tmp/.X11-unix/X5 (/tmp/.y11-unix/Y5 -> /tmp/.X11-unix/X5)
y11: spawned client "wmaker" (pid 16401)
y11: client 0: request 1 opcode 98 len 20 bytes: 62 00 05 00 0c 00 00 00 42 49 47 2d 52 45 51 55 45 53 54 53
y11: client 0: reply seq 1 len 32
y11: client 0: request 2 opcode 128 len 4 bytes: 80 00 01 00
y11: client 0: reply seq 2 len 32
y11: client 0: request 3 opcode 55 len 20 bytes: 37 00 05 00 00 00 10 00 21 00 00 00 08 00 00 00 ff ff ff 00
y11: client 0: request 4 opcode 20 len 24 bytes: 14 00 06 00 21 00 00 00 17 00 00 00 1f 00 00 00 00 00 00 00
y11: client 0: reply seq 4 len 32
y11: client 0: request 5 opcode 98 len 20 bytes: 62 00 05 00 09 00 10 00 58 4b 45 59 42 4f 41 52 44 00 00 00
y11: client 0: reply seq 5 len 32
y11: client 0: request 6 opcode 119 len 4 bytes: 77 00 01 00
y11: client 0: reply seq 6 len 32
y11: client 0: request 7 opcode 101 len 8 bytes: 65 00 02 00 32 01 10 00
y11: client 0: reply seq 7 len 32
y11: client 0: request 8 opcode 101 len 8 bytes: 65 00 02 00 32 01 10 00
y11: client 0: reply seq 8 len 32
y11: client 0: request 9 opcode 101 len 8 bytes: 65 00 02 00 3e 01 10 00
y11: client 0: reply seq 9 len 32
y11: client 0: request 10 opcode 101 len 8 bytes: 65 00 02 00 3e 01 10 00
y11: client 0: reply seq 10 len 32
y11: client 0: request 11 opcode 101 len 8 bytes: 65 00 02 00 42 01 10 00
y11: client 0: reply seq 11 len 32
y11: client 0: request 12 opcode 101 len 8 bytes: 65 00 02 00 42 01 10 00
y11: client 0: reply seq 12 len 32
y11: client 0: request 13 opcode 101 len 8 bytes: 65 00 02 00 25 01 10 00
y11: client 0: reply seq 13 len 32
y11: client 0: request 14 opcode 101 len 8 bytes: 65 00 02 00 25 01 10 00
y11: client 0: reply seq 14 len 32
y11: client 0: request 15 opcode 101 len 8 bytes: 65 00 02 00 69 01 10 00
y11: client 0: reply seq 15 len 32
y11: client 0: request 16 opcode 101 len 8 bytes: 65 00 02 00 69 01 10 00
y11: client 0: reply seq 16 len 32
y11: client 0: request 17 opcode 101 len 8 bytes: 65 00 02 00 40 01 10 00
y11: client 0: reply seq 17 len 32
y11: client 0: request 18 opcode 101 len 8 bytes: 65 00 02 00 40 01 10 00
y11: client 0: reply seq 18 len 32
y11: client 0: request 19 opcode 101 len 8 bytes: 65 00 02 00 6c 01 10 00
y11: client 0: reply seq 19 len 32
y11: client 0: request 20 opcode 101 len 8 bytes: 65 00 02 00 6c 01 10 00
y11: client 0: reply seq 20 len 32
y11: client 0: request 21 opcode 101 len 8 bytes: 65 00 02 00 4d 01 10 00
y11: client 0: reply seq 21 len 32
y11: client 0: request 22 opcode 101 len 8 bytes: 65 00 02 00 4d 01 10 00
y11: client 0: reply seq 22 len 32
y11: client 0: request 23 opcode 101 len 8 bytes: 65 00 02 00 85 01 10 00
y11: client 0: reply seq 23 len 32
y11: client 0: request 24 opcode 101 len 8 bytes: 65 00 02 00 85 01 10 00
y11: client 0: reply seq 24 len 32
y11: client 0: request 25 opcode 101 len 8 bytes: 65 00 02 00 86 01 10 00
y11: client 0: reply seq 25 len 32
y11: client 0: request 26 opcode 101 len 8 bytes: 65 00 02 00 86 01 10 00
y11: client 0: reply seq 26 len 32
y11: client 0: request 27 opcode 101 len 8 bytes: 65 00 02 00 08 f8 10 00
y11: client 0: reply seq 27 len 32
y11: client 0: request 28 opcode 119 len 4 bytes: 77 00 01 00
y11: client 0: reply seq 28 len 32
y11: client 0: request 29 opcode 119 len 4 bytes: 77 00 01 00
y11: client 0: reply seq 29 len 32
y11: client 0: request 30 opcode 16 len 16 bytes: 10 00 04 00 08 00 10 00 57 4d 5f 53 54 41 54 45
y11: client 0: reply seq 30 len 32
y11: client 0: request 31 opcode 16 len 24 bytes: 10 00 06 00 0f 00 06 00 57 4d 5f 43 48 41 4e 47 45 5f 53 54
y11: client 0: reply seq 31 len 32
y11: client 0: request 32 opcode 16 len 20 bytes: 10 00 05 00 0c 00 00 00 57 4d 5f 50 52 4f 54 4f 43 4f 4c 53
y11: client 0: reply seq 32 len 32
y11: client 0: request 33 opcode 16 len 24 bytes: 10 00 06 00 0d 00 00 00 57 4d 5f 54 41 4b 45 5f 46 4f 43 55
y11: client 0: reply seq 33 len 32
y11: client 0: request 34 opcode 16 len 24 bytes: 10 00 06 00 10 00 00 00 57 4d 5f 44 45 4c 45 54 45 5f 57 49
y11: client 0: reply seq 34 len 32
y11: client 0: request 35 opcode 16 len 24 bytes: 10 00 06 00 10 00 00 00 57 4d 5f 53 41 56 45 5f 59 4f 55 52
y11: client 0: reply seq 35 len 32
y11: client 0: request 36 opcode 16 len 24 bytes: 10 00 06 00 10 00 00 00 57 4d 5f 43 4c 49 45 4e 54 5f 4c 45
y11: client 0: reply seq 36 len 32
y11: client 0: request 37 opcode 16 len 28 bytes: 10 00 07 00 13 00 00 00 57 4d 5f 43 4f 4c 4f 52 4d 41 50 5f
y11: client 0: reply seq 37 len 32
y11: client 0: request 38 opcode 16 len 28 bytes: 10 00 07 00 12 00 00 00 57 4d 5f 43 4f 4c 4f 52 4d 41 50 5f
y11: client 0: reply seq 38 len 32
y11: client 0: request 39 opcode 16 len 28 bytes: 10 00 07 00 11 00 00 00 5f 57 49 4e 44 4f 57 4d 41 4b 45 52
y11: client 0: reply seq 39 len 32
y11: client 0: request 40 opcode 16 len 28 bytes: 10 00 07 00 12 00 00 00 5f 57 49 4e 44 4f 57 4d 41 4b 45 52
y11: client 0: reply seq 40 len 32
y11: client 0: request 41 opcode 16 len 36 bytes: 10 00 09 00 19 00 00 00 5f 57 49 4e 44 4f 57 4d 41 4b 45 52
y11: client 0: reply seq 41 len 32
y11: client 0: request 42 opcode 16 len 32 bytes: 10 00 08 00 18 00 00 00 5f 57 49 4e 44 4f 57 4d 41 4b 45 52
y11: client 0: reply seq 42 len 32
y11: client 0: request 43 opcode 16 len 32 bytes: 10 00 08 00 18 00 00 00 5f 57 49 4e 44 4f 57 4d 41 4b 45 52
y11: client 0: reply seq 43 len 32
y11: client 0: request 44 opcode 16 len 28 bytes: 10 00 07 00 14 00 00 00 5f 57 49 4e 44 4f 57 4d 41 4b 45 52
y11: client 0: reply seq 44 len 32
y11: client 0: request 45 opcode 16 len 32 bytes: 10 00 08 00 16 00 00 00 5f 57 49 4e 44 4f 57 4d 41 4b 45 52
y11: client 0: reply seq 45 len 32
y11: client 0: request 46 opcode 16 len 32 bytes: 10 00 08 00 16 00 00 00 5f 57 49 4e 44 4f 57 4d 41 4b 45 52
y11: client 0: reply seq 46 len 32
y11: client 0: request 47 opcode 16 len 24 bytes: 10 00 06 00 10 00 00 00 5f 47 4e 55 53 54 45 50 5f 57 4d 5f
y11: client 0: reply seq 47 len 32
y11: client 0: request 48 opcode 16 len 40 bytes: 10 00 0a 00 1e 00 00 00 5f 47 4e 55 53 54 45 50 5f 57 4d 5f
y11: client 0: reply seq 48 len 32
y11: client 0: request 49 opcode 16 len 32 bytes: 10 00 08 00 17 00 00 00 5f 47 4e 55 53 54 45 50 5f 54 49 54
y11: client 0: reply seq 49 len 32
y11: client 0: request 50 opcode 16 len 36 bytes: 10 00 09 00 1c 00 00 00 5f 47 54 4b 5f 41 50 50 4c 49 43 41
y11: client 0: reply seq 50 len 32
y11: client 0: request 51 opcode 16 len 32 bytes: 10 00 08 00 16 00 00 00 57 4d 5f 49 47 4e 4f 52 45 5f 46 4f
y11: client 0: reply seq 51 len 32
y11: client 0: request 52 opcode 16 len 20 bytes: 10 00 05 00 09 00 10 00 58 64 6e 64 41 77 61 72 65 00 06 00
y11: client 0: reply seq 52 len 32
y11: client 0: request 53 opcode 16 len 20 bytes: 10 00 05 00 09 00 10 00 58 64 6e 64 45 6e 74 65 72 00 06 00
y11: client 0: reply seq 53 len 32
y11: client 0: request 54 opcode 16 len 20 bytes: 10 00 05 00 09 00 10 00 58 64 6e 64 4c 65 61 76 65 00 06 00
y11: client 0: reply seq 54 len 32
y11: client 0: request 55 opcode 16 len 16 bytes: 10 00 04 00 08 00 10 00 58 64 6e 64 44 72 6f 70
y11: client 0: reply seq 55 len 32
y11: client 0: request 56 opcode 16 len 20 bytes: 10 00 05 00 0c 00 10 00 58 64 6e 64 50 6f 73 69 74 69 6f 6e
y11: client 0: reply seq 56 len 32
y11: client 0: request 57 opcode 16 len 20 bytes: 10 00 05 00 0a 00 10 00 58 64 6e 64 53 74 61 74 75 73 6f 6e
y11: client 0: reply seq 57 len 32
y11: client 0: request 58 opcode 16 len 24 bytes: 10 00 06 00 0e 00 10 00 58 64 6e 64 41 63 74 69 6f 6e 43 6f
y11: client 0: reply seq 58 len 32
y11: client 0: request 59 opcode 16 len 24 bytes: 10 00 06 00 0d 00 10 00 58 64 6e 64 53 65 6c 65 63 74 69 6f
y11: client 0: reply seq 59 len 32
y11: client 0: request 60 opcode 16 len 20 bytes: 10 00 05 00 0c 00 10 00 58 64 6e 64 46 69 6e 69 73 68 65 64
y11: client 0: reply seq 60 len 32
y11: client 0: request 61 opcode 16 len 20 bytes: 10 00 05 00 0c 00 10 00 58 64 6e 64 54 79 70 65 4c 69 73 74
y11: client 0: reply seq 61 len 32
y11: client 0: request 62 opcode 16 len 36 bytes: 10 00 09 00 19 00 10 00 5f 57 49 4e 44 4f 57 4d 41 4b 45 52
y11: client 0: reply seq 62 len 32
y11: client 0: request 63 opcode 16 len 24 bytes: 10 00 06 00 0d 00 10 00 74 65 78 74 2f 75 72 69 2d 6c 69 73
y11: client 0: reply seq 63 len 32
y11: client 0: request 64 opcode 45 len 20 bytes: 2d 00 05 00 01 00 10 00 06 00 78 74 63 75 72 73 6f 72 69 73
y11: client 0: request 65 opcode 98 len 16 bytes: 62 00 04 00 06 00 58 43 52 45 4e 44 45 52 00 00
y11: client 0: reply seq 65 len 32
y11: client 0: request 66 opcode 139 len 12 bytes: 8b 00 03 00 00 00 00 00 0b 00 00 00
y11: client 0: reply seq 66 len 32
y11: client 0: request 67 opcode 139 len 4 bytes: 8b 01 01 00
y11: client 0: reply seq 67 len 32
y11: client 0: request 68 opcode 53 len 16 bytes: 35 20 04 00 02 00 10 00 21 00 00 00 1e 00 1e 00
y11: client 0: request 69 opcode 55 len 16 bytes: 37 00 04 00 03 00 10 00 02 00 10 00 00 00 00 00
y11: client 0: request 70 opcode 72 len 3624 bytes: 48 02 8a 03 02 00 10 00 03 00 10 00 1e 00 1e 00 00 00 00 00
y11: client 0: request 71 opcode 60 len 8 bytes: 3c 00 02 00 03 00 10 00
y11: client 0: request 72 opcode 139 len 20 bytes: 8b 04 05 00 04 00 10 00 02 00 10 00 01 01 00 00 00 00 00 00
y11: client 0: request 73 opcode 54 len 8 bytes: 36 00 02 00 02 00 10 00
y11: client 0: request 74 opcode 139 len 16 bytes: 8b 1b 04 00 05 00 10 00 04 00 10 00 03 00 02 00
y11: client 0: request 75 opcode 139 len 8 bytes: 8b 07 02 00 04 00 10 00
y11: client 0: request 76 opcode 98 len 16 bytes: 62 00 04 00 06 00 00 00 58 46 49 58 45 53 00 00
y11: client 0: reply seq 76 len 32
y11: client 0: request 77 opcode 145 len 12 bytes: 91 00 03 00 06 00 00 00 00 00 00 00
y11: client 0: reply seq 77 len 32
y11: client 0: request 78 opcode 145 len 20 bytes: 91 17 05 00 05 00 10 00 08 00 00 00 6c 65 66 74 5f 70 74 72
y11: client 0: request 79 opcode 53 len 16 bytes: 35 20 04 00 06 00 10 00 21 00 00 00 1e 00 1e 00
y11: client 0: request 80 opcode 55 len 16 bytes: 37 00 04 00 07 00 10 00 06 00 10 00 00 00 00 00
y11: client 0: request 81 opcode 72 len 3624 bytes: 48 02 8a 03 06 00 10 00 07 00 10 00 1e 00 1e 00 00 00 00 00
y11: client 0: request 82 opcode 60 len 8 bytes: 3c 00 02 00 07 00 10 00
y11: client 0: request 83 opcode 139 len 20 bytes: 8b 04 05 00 08 00 10 00 06 00 10 00 01 01 00 00 00 00 00 00
y11: client 0: request 84 opcode 54 len 8 bytes: 36 00 02 00 06 00 10 00
y11: client 0: request 85 opcode 139 len 16 bytes: 8b 1b 04 00 09 00 10 00 08 00 10 00 03 00 02 00
y11: client 0: request 86 opcode 139 len 8 bytes: 8b 07 02 00 08 00 10 00
y11: client 0: request 87 opcode 145 len 28 bytes: 91 17 07 00 09 00 10 00 0e 00 00 00 74 6f 70 5f 6c 65 66 74
y11: client 0: request 88 opcode 53 len 16 bytes: 35 20 04 00 0a 00 10 00 21 00 00 00 18 00 18 00
y11: client 0: request 89 opcode 55 len 16 bytes: 37 00 04 00 0b 00 10 00 0a 00 10 00 00 00 00 00
y11: client 0: request 90 opcode 72 len 2328 bytes: 48 02 46 02 0a 00 10 00 0b 00 10 00 18 00 18 00 00 00 00 00
y11: client 0: request 91 opcode 60 len 8 bytes: 3c 00 02 00 0b 00 10 00
y11: client 0: request 92 opcode 139 len 20 bytes: 8b 04 05 00 0c 00 10 00 0a 00 10 00 01 01 00 00 00 00 00 00
y11: client 0: request 93 opcode 54 len 8 bytes: 36 00 02 00 0a 00 10 00
y11: client 0: request 94 opcode 139 len 16 bytes: 8b 1b 04 00 0d 00 10 00 0c 00 10 00 0b 00 0b 00
y11: client 0: request 95 opcode 139 len 8 bytes: 8b 07 02 00 0c 00 10 00
y11: client 0: request 96 opcode 145 len 20 bytes: 91 17 05 00 0d 00 10 00 05 00 00 00 66 6c 65 75 72 00 00 00
y11: client 0: request 97 opcode 94 len 32 bytes: 5e 00 08 00 0e 00 10 00 01 00 10 00 01 00 10 00 78 00 79 00
y11: client 0: request 98 opcode 53 len 16 bytes: 35 20 04 00 0f 00 10 00 21 00 00 00 18 00 18 00
y11: client 0: request 99 opcode 55 len 16 bytes: 37 00 04 00 10 00 10 00 0f 00 10 00 00 00 00 00
y11: client 0: request 100 opcode 72 len 2328 bytes: 48 02 46 02 0f 00 10 00 10 00 10 00 18 00 18 00 00 00 00 00
y11: client 0: request 101 opcode 60 len 8 bytes: 3c 00 02 00 10 00 10 00
y11: client 0: request 102 opcode 139 len 20 bytes: 8b 04 05 00 11 00 10 00 0f 00 10 00 01 01 00 00 00 00 00 00
y11: client 0: request 103 opcode 54 len 8 bytes: 36 00 02 00 0f 00 10 00
y11: client 0: request 104 opcode 139 len 16 bytes: 8b 1b 04 00 12 00 10 00 11 00 10 00 04 00 04 00
y11: client 0: request 105 opcode 139 len 8 bytes: 8b 07 02 00 11 00 10 00
y11: client 0: request 106 opcode 145 len 28 bytes: 91 17 07 00 12 00 10 00 0f 00 00 00 74 6f 70 5f 6c 65 66 74
y11: client 0: request 107 opcode 53 len 16 bytes: 35 20 04 00 13 00 10 00 21 00 00 00 18 00 18 00
y11: client 0: request 108 opcode 55 len 16 bytes: 37 00 04 00 14 00 10 00 13 00 10 00 00 00 00 00
y11: client 0: request 109 opcode 72 len 2328 bytes: 48 02 46 02 13 00 10 00 14 00 10 00 18 00 18 00 00 00 00 00
y11: client 0: request 110 opcode 60 len 8 bytes: 3c 00 02 00 14 00 10 00
y11: client 0: request 111 opcode 139 len 20 bytes: 8b 04 05 00 15 00 10 00 13 00 10 00 01 01 00 00 00 00 00 00
y11: client 0: request 112 opcode 54 len 8 bytes: 36 00 02 00 13 00 10 00
y11: client 0: request 113 opcode 139 len 16 bytes: 8b 1b 04 00 16 00 10 00 15 00 10 00 12 00 04 00
y11: client 0: request 114 opcode 139 len 8 bytes: 8b 07 02 00 15 00 10 00
y11: client 0: request 115 opcode 145 len 28 bytes: 91 17 07 00 16 00 10 00 10 00 00 00 74 6f 70 5f 72 69 67 68
y11: client 0: request 116 opcode 53 len 16 bytes: 35 20 04 00 17 00 10 00 21 00 00 00 18 00 18 00
y11: client 0: request 117 opcode 55 len 16 bytes: 37 00 04 00 18 00 10 00 17 00 10 00 00 00 00 00
y11: client 0: request 118 opcode 72 len 2328 bytes: 48 02 46 02 17 00 10 00 18 00 10 00 18 00 18 00 00 00 00 00
y11: client 0: request 119 opcode 60 len 8 bytes: 3c 00 02 00 18 00 10 00
y11: client 0: request 120 opcode 139 len 20 bytes: 8b 04 05 00 19 00 10 00 17 00 10 00 01 01 00 00 00 00 00 00
y11: client 0: request 121 opcode 54 len 8 bytes: 36 00 02 00 17 00 10 00
y11: client 0: request 122 opcode 139 len 16 bytes: 8b 1b 04 00 1a 00 10 00 19 00 10 00 04 00 12 00
y11: client 0: request 123 opcode 139 len 8 bytes: 8b 07 02 00 19 00 10 00
y11: client 0: request 124 opcode 145 len 32 bytes: 91 17 08 00 1a 00 10 00 12 00 00 00 62 6f 74 74 6f 6d 5f 6c
y11: client 0: request 125 opcode 53 len 16 bytes: 35 20 04 00 1b 00 10 00 21 00 00 00 18 00 18 00
y11: client 0: request 126 opcode 55 len 16 bytes: 37 00 04 00 1c 00 10 00 1b 00 10 00 00 00 00 00
y11: client 0: request 127 opcode 72 len 2328 bytes: 48 02 46 02 1b 00 10 00 1c 00 10 00 18 00 18 00 00 00 00 00
y11: client 0: request 128 opcode 60 len 8 bytes: 3c 00 02 00 1c 00 10 00
y11: client 0: request 129 opcode 139 len 20 bytes: 8b 04 05 00 1d 00 10 00 1b 00 10 00 01 01 00 00 00 00 00 00
y11: client 0: request 130 opcode 54 len 8 bytes: 36 00 02 00 1b 00 10 00
y11: client 0: request 131 opcode 139 len 16 bytes: 8b 1b 04 00 1e 00 10 00 1d 00 10 00 12 00 12 00
y11: client 0: request 132 opcode 139 len 8 bytes: 8b 07 02 00 1d 00 10 00
y11: client 0: request 133 opcode 145 len 32 bytes: 91 17 08 00 1e 00 10 00 13 00 00 00 62 6f 74 74 6f 6d 5f 72
y11: client 0: request 134 opcode 53 len 16 bytes: 35 20 04 00 1f 00 10 00 21 00 00 00 18 00 18 00
y11: client 0: request 135 opcode 55 len 16 bytes: 37 00 04 00 20 00 10 00 1f 00 10 00 00 00 00 00
y11: client 0: request 136 opcode 72 len 2328 bytes: 48 02 46 02 1f 00 10 00 20 00 10 00 18 00 18 00 00 00 00 00
y11: client 0: request 137 opcode 60 len 8 bytes: 3c 00 02 00 20 00 10 00
y11: client 0: request 138 opcode 139 len 20 bytes: 8b 04 05 00 21 00 10 00 1f 00 10 00 01 01 00 00 00 00 00 00
y11: client 0: request 139 opcode 54 len 8 bytes: 36 00 02 00 1f 00 10 00
y11: client 0: request 140 opcode 139 len 16 bytes: 8b 1b 04 00 22 00 10 00 21 00 10 00 0b 00 0b 00
y11: client 0: request 141 opcode 139 len 8 bytes: 8b 07 02 00 21 00 10 00
y11: client 0: request 142 opcode 145 len 32 bytes: 91 17 08 00 22 00 10 00 11 00 00 00 73 62 5f 76 5f 64 6f 75
y11: client 0: request 143 opcode 53 len 16 bytes: 35 20 04 00 23 00 10 00 21 00 00 00 18 00 18 00
y11: client 0: request 144 opcode 55 len 16 bytes: 37 00 04 00 24 00 10 00 23 00 10 00 00 00 00 00
y11: client 0: request 145 opcode 72 len 2328 bytes: 48 02 46 02 23 00 10 00 24 00 10 00 18 00 18 00 00 00 00 00
y11: client 0: request 146 opcode 60 len 8 bytes: 3c 00 02 00 24 00 10 00
y11: client 0: request 147 opcode 139 len 20 bytes: 8b 04 05 00 25 00 10 00 23 00 10 00 01 01 00 00 00 00 00 00
y11: client 0: request 148 opcode 54 len 8 bytes: 36 00 02 00 23 00 10 00
y11: client 0: request 149 opcode 139 len 16 bytes: 8b 1b 04 00 26 00 10 00 25 00 10 00 0b 00 0b 00
y11: client 0: request 150 opcode 139 len 8 bytes: 8b 07 02 00 25 00 10 00
y11: client 0: request 151 opcode 145 len 32 bytes: 91 17 08 00 26 00 10 00 11 00 00 00 73 62 5f 68 5f 64 6f 75
y11: client 0: request 152 opcode 53 len 16 bytes: 35 20 04 00 27 00 10 00 21 00 00 00 18 00 18 00
y11: client 0: request 153 opcode 55 len 16 bytes: 37 00 04 00 28 00 10 00 27 00 10 00 00 00 00 00
y11: client 0: request 154 opcode 72 len 2328 bytes: 48 02 46 02 27 00 10 00 28 00 10 00 18 00 18 00 00 00 00 00
y11: client 0: request 155 opcode 60 len 8 bytes: 3c 00 02 00 28 00 10 00
y11: client 0: request 156 opcode 139 len 20 bytes: 8b 04 05 00 29 00 10 00 27 00 10 00 01 01 00 00 00 00 00 00
y11: client 0: request 157 opcode 54 len 8 bytes: 36 00 02 00 27 00 10 00
y11: client 0: request 158 opcode 139 len 16 bytes: 8b 1b 04 00 2a 00 10 00 29 00 10 00 0b 00 0b 00
y11: client 0: request 159 opcode 139 len 8 bytes: 8b 07 02 00 29 00 10 00
y11: client 0: request 160 opcode 53 len 16 bytes: 35 20 04 00 2b 00 10 00 21 00 00 00 18 00 18 00
y11: client 0: request 161 opcode 55 len 16 bytes: 37wmaker(getPropList(proplist.c:885)): warning: syntax error in file /etc/WindowMaker/WMRootMenu, line 5: was expecting a string, data, array or dictionary. If it's a string, try enclosing it with ". 00 04 00 2c 00 10 00 2b 00 10 00 00 00 00 00
y11: client 0: request 162 opcode 72 len 2328 bytes: 48 02 46 02 2b 00 10 00 2c 00 10 00 18 00 18 00 00 00 00 00
y11: client 0: request 163 opcode 60 len 8 bytes: 3c 00 02 00 2c 00 10 00
y11: client 0: request 164 opcode 139 len 20 bytes: 8b 04 05 00 2d 00 10 00 2b 00 10 00 01 01 00 00 00 00 00 00
y11: client 0: request 165 opcode 54 len 8 bytes: 36 00 02
 00 2b 00 10 00wmaker(getPLArray(proplist.c:748)): warning: syntax error in file /etc/WindowMaker/WMRootMenu, line 5: could not get PropList array element
y11: client 0: request 166 opcode 139 len 16 bytes: 8b 1b 04
 00 2e 00 10wmaker(getPLArray(proplist.c:748)): warning: syntax error in file /etc/WindowMaker/WMRootMenu, line 5: could not get PropList array element 00 2d 00 10 00
 0b 00 0b 00
y11: client 0: request 167 opcode 139 len 8 bytes: 8b 07 02 00 2d 00 10 00
y11: client 0: request 168 opcode 53 len 16 bytes: 35 20 04wmaker(readGlobalDomain(defaults.c:902)): warning: could not load domain WMRootMenu from global defaults database 00 2f 00 10 00
 21 00 00 00 18 00 18 00
y11: client 0: request 169 opcode 55 len 16 bytes: 37 00 04 00 30 00 10 00 2f 00 10 00 00 00 00 00
y11: client 0: request 170 opcode 72 len 2328 bytes: 48 02 46 02 2f 00 10 00 30 00 10 00 18 00 18 00 00 00 00 00
y11: client 0: request 171 opcode 60 len 8 bytes: 3c 00 02 00 30 00 10 00
y11: client 0: request 172 opcode 139 len 20 bytes: 8b 04 05 00 31 00 10 00 2f 00 10 00 01 01 00 00 00 00 00 00
y11: client 0: request 173 opcode 54 len 8 bytes: 36 00 02 00 2f 00 10 00
y11: client 0: request 174 opcode 139 len 16 bytes: 8b 1b 04 00 32 00 10 00 31 00 10 00 0b 00 0b 00
y11: client 0: request 175 opcode 139 len 8 bytes: 8b 07 02 00 31 00 10 00
y11: client 0: request 176 opcode 53 len 16 bytes: 35 20 04 00 33 00 10 00 21 00 00 00 18 00 18 00
y11: client 0: request 177 opcode 55 len 16 bytes: 37 00 04 00 34 00 10 00 33 00 10 00 00 00 00 00
y11: client 0: request 178 opcode 72 len 2328 bytes: 48 02 46 02 33 00 10 00 34 00 10 00 18 00 18 00 00 00 00 00
y11: client 0: request 179 opcode 60 len 8 bytes: 3c 00 02 00 34 00 10 00
y11: client 0: request 180 opcode 139 len 20 bytes: 8b 04 05 00 35 00 10 00 33 00 10 00 01 01 00 00 00 00 00 00
y11: client 0: request 181 opcode 54 len 8 bytes: 36 00 02 00 33 00 10 00
y11: client 0: request 182 opcode 139 len 16 bytes: 8b 1b 04 00 36 00 10 00 35 00 10 00 0b 00 0b 00
y11: client 0: request 183 opcode 139 len 8 bytes: 8b 07 02 00 35 00 10 00
y11: client 0: request 184 opcode 53 len 16 bytes: 35 20 04 00 37 00 10 00 21 00 00 00 18 00 18 00
y11: client 0: request 185 opcode 55 len 16 bytes: 37 00 04 00 38 00 10 00 37 00 10 00 00 00 00 00
y11: client 0: request 186 opcode 72 len 2328 bytes: 48 02 46 02 37 00 10 00 38 00 10 00 18 00 18 00 00 00 00 00
y11: client 0: request 187 opcode 60 len 8 bytes: 3c 00 02 00 38 00 10 00
y11: client 0: request 188 opcode 139 len 20 bytes: 8b 04 05 00 39 00 10 00 37 00 10 00 01 01 00 00 00 00 00 00
y11: client 0: request 189 opcode 54 len 8 bytes: 36 00 02 00 37 00 10 00
y11: client 0: request 190 opcode 139 len 16 bytes: 8b 1b 04 00 3a 00 10 00 39 00 10 00 0b 00 0b 00
y11: client 0: request 191 opcode 139 len 8 bytes: 8b 07 02 00 39 00 10 00
y11: client 0: request 192 opcode 53 len 16 bytes: 35 20 04 00 3b 00 10 00 21 00 00 00 18 00 18 00
y11: client 0: request 193 opcode 55 len 16 bytes: 37 00 04 00 3c 00 10 00 3b 00 10 00 00 00 00 00
y11: client 0: request 194 opcode 72 len 2328 bytes: 48 02 46 02 3b 00 10 00 3c 00 10 00 18 00 18 00 00 00 00 00
y11: client 0: request 195 opcode 60 len 8 bytes: 3c 00 02 00 3c 00 10 00
y11: client 0: request 196 opcode 139 len 20 bytes: 8b 04 05 00 3d 00 10 00 3b 00 10 00 01 01 00 00 00 00 00 00
y11: client 0: request 197 opcode 54 len 8 bytes: 36 00 02 00 3b 00 10 00
y11: client 0: request 198 opcode 139 len 16 bytes: 8b 1b 04 00 3e 00 10 00 3d 00 10 00 0b 00 0b 00
y11: client 0: request 199 opcode 139 len 8 bytes: 8b 07 02 00 3d 00 10 00
y11: client 0: request 200 opcode 53 len 16 bytes: 35 20 04 00 3f 00 10 00 21 00 00 00 18 00 18 00
y11: client 0: request 201 opcode 55 len 16 bytes: 37 00 04 00 40 00 10 00 3f 00 10 00 00 00 00 00
y11: client 0: request 202 opcode 72 len 2328 bytes: 48 02 46 02 3f 00 10 00 40 00 10 00 18 00 18 00 00 00 00 00
y11: client 0: request 203 opcode 60 len 8 bytes: 3c 00 02 00 40 00 10 00
y11: client 0: request 204 opcode 139 len 20 bytes: 8b 04 05 00 41 00 10 00 3f 00 10 00 01 01 00 00 00 00 00 00
y11: client 0: request 205 opcode 54 len 8 bytes: 36 00 02 00 3f 00 10 00
y11: client 0: request 206 opcode 139 len 16 bytes: 8b 1b 04 00 42 00 10 00 41 00 10 00 0b 00 0b 00
y11: client 0: request 207 opcode 139 len 8 bytes: 8b 07 02 00 41 00 10 00
y11: client 0: request 208 opcode 53 len 16 bytes: 35 20 04 00 43 00 10 00 21 00 00 00 18 00 18 00
y11: client 0: request 209 opcode 55 len 16 bytes: 37 00 04 00 44 00 10 00 43 00 10 00 00 00 00 00
y11: client 0: request 210 opcode 72 len 2328 bytes: 48 02 46 02 43 00 10 00 44 00 10 00 18 00 18 00 00 00 00 00
y11: client 0: request 211 opcode 60 len 8 bytes: 3c 00 02 00 44 00 10 00
y11: client 0: request 212 opcode 139 len 20 bytes: 8b 04 05 00 45 00 10 00 43 00 10 00 01 01 00 00 00 00 00 00
y11: client 0: request 213 opcode 54 len 8 bytes: 36 00 02 00 43 00 10 00
y11: client 0: request 214 opcode 139 len 16 bytes: 8b 1b 04 00 46 00 10 00 45 00 10 00 0b 00 0b 00
y11: client 0: request 215 opcode 139 len 8 bytes: 8b 07 02 00 45 00 10 00
y11: client 0: request 216 opcode 53 len 16 bytes: 35 20 04 00 47 00 10 00 21 00 00 00 18 00 18 00
y11: client 0: request 217 opcode 55 len 16 bytes: 37 00 04 00 48 00 10 00 47 00 10 00 00 00 00 00
y11: client 0: request 218 opcode 72 len 2328 bytes: 48 02 46 02 47 00 10 00 48 00 10 00 18 00 18 00 00 00 00 00
y11: client 0: request 219 opcode 60 len 8 bytes: 3c 00 02 00 48 00 10 00
y11: client 0: request 220 opcode 139 len 20 bytes: 8b 04 05 00 49 00 10 00 47 00 10 00 01 01 00 00 00 00 00 00
y11: client 0: request 221 opcode 54 len 8 bytes: 36 00 02 00 47 00 10 00
y11: client 0: request 222 opcode 139 len 16 bytes: 8b 1b 04 00 4a 00 10 00 49 00 10 00 0b 00 0b 00
y11: client 0: request 223 opcode 139 len 8 bytes: 8b 07 02 00 49 00 10 00
y11: client 0: request 224 opcode 53 len 16 bytes: 35 20 04 00 4b 00 10 00 21 00 00 00 18 00 18 00
y11: client 0: request 225 opcode 55 len 16 bytes: 37 00 04 00 4c 00 10 00 4b 00 10 00 00 00 00 00
y11: client 0: request 226 opcode 72 len 2328 bytes: 48 02 46 02 4b 00 10 00 4c 00 10 00 18 00 18 00 00 00 00 00
y11: client 0: request 227 opcode 60 len 8 bytes: 3c 00 02 00 4c 00 10 00
y11: client 0: request 228 opcode 139 len 20 bytes: 8b 04 05 00 4d 00 10 00 4b 00 10 00 01 01 00 00 00 00 00 00
y11: client 0: request 229 opcode 54 len 8 bytes: 36 00 02 00 4b 00 10 00
y11: client 0: request 230 opcode 139 len 16 bytes: 8b 1b 04 00 4e 00 10 00 4d 00 10 00 0b 00 0b 00
y11: client 0: request 231 opcode 139 len 8 bytes: 8b 07 02 00 4d 00 10 00
y11: client 0: request 232 opcode 53 len 16 bytes: 35 20 04 00 4f 00 10 00 21 00 00 00 18 00 18 00
y11: client 0: request 233 opcode 55 len 16 bytes: 37 00 04 00 50 00 10 00 4f 00 10 00 00 00 00 00
y11: client 0: request 234 opcode 72 len 2328 bytes: 48 02 46 02 4f 00 10 00 50 00 10 00 18 00 18 00 00 00 00 00
y11: client 0: request 235 opcode 60 len 8 bytes: 3c 00 02 00 50 00 10 00
y11: client 0: request 236 opcode 139 len 20 bytes: 8b 04 05 00 51 00 10 00 4f 00 10 00 01 01 00 00 00 00 00 00
y11: client 0: request 237 opcode 54 len 8 bytes: 36 00 02 00 4f 00 10 00
y11: client 0: request 238 opcode 139 len 16 bytes: 8b 1b 04 00 52 00 10 00 51 00 10 00 0b 00 0b 00
y11: client 0: request 239 opcode 139 len 8 bytes: 8b 07 02 00 51 00 10 00
y11: client 0: request 240 opcode 53 len 16 bytes: 35 20 04 00 53 00 10 00 21 00 00 00 18 00 18 00
y11: client 0: request 241 opcode 55 len 16 bytes: 37 00 04 00 54 00 10 00 53 00 10 00 00 00 00 00
y11: client 0: request 242 opcode 72 len 2328 bytes: 48 02 46 02 53 00 10 00 54 00 10 00 18 00 18 00 00 00 00 00
y11: client 0: request 243 opcode 60 len 8 bytes: 3c 00 02 00 54 00 10 00
y11: client 0: request 244 opcode 139 len 20 bytes: 8b 04 05 00 55 00 10 00 53 00 10 00 01 01 00 00 00 00 00 00
y11: client 0: request 245 opcode 54 len 8 bytes: 36 00 02 00 53 00 10 00
y11: client 0: request 246 opcode 139 len 16 bytes: 8b 1b 04 00 56 00 10 00 55 00 10 00 0b 00 0b 00
y11: client 0: request 247 opcode 139 len 8 bytes: 8b 07 02 00 55 00 10 00
y11: client 0: request 248 opcode 53 len 16 bytes: 35 20 04 00 57 00 10 00 21 00 00 00 18 00 18 00
y11: client 0: request 249 opcode 55 len 16 bytes: 37 00 04 00 58 00 10 00 57 00 10 00 00 00 00 00
y11: client 0: request 250 opcode 72 len 2328 bytes: 48 02 46 02 57 00 10 00 58 00 10 00 18 00 18 00 00 00 00 00
y11: client 0: request 251 opcode 60 len 8 bytes: 3c 00 02 00 58 00 10 00
y11: client 0: request 252 opcode 139 len 20 bytes: 8b 04 05 00 59 00 10 00 57 00 10 00 01 01 00 00 00 00 00 00
y11: client 0: request 253 opcode 54 len 8 bytes: 36 00 02 00 57 00 10 00
y11: client 0: request 254 opcode 139 len 16 bytes: 8b 1b 04 00 5a 00 10 00 59 00 10 00 0b 00 0b 00
y11: client 0: request 255 opcode 139 len 8 bytes: 8b 07 02 00 59 00 10 00
y11: client 0: request 256 opcode 53 len 16 bytes: 35 20 04 00 5b 00 10 00 21 00 00 00 18 00 18 00
y11: client 0: request 257 opcode 55 len 16 bytes: 37 00 04 00 5c 00 10 00 5b 00 10 00 00 00 00 00
y11: client 0: request 258 opcode 72 len 2328 bytes: 48 02 46 02 5b 00 10 00 5c 00 10 00 18 00 18 00 00 00 00 00
y11: client 0: request 259 opcode 60 len 8 bytes: 3c 00 02 00 5c 00 10 00
y11: client 0: request 260 opcode 139 len 20 bytes: 8b 04 05 00 5d 00 10 00 5b 00 10 00 01 01 00 00 00 00 00 00
y11: client 0: request 261 opcode 54 len 8 bytes: 36 00 02 00 5b 00 10 00
y11: client 0: request 262 opcode 139 len 16 bytes: 8b 1b 04 00 5e 00 10 00 5d 00 10 00 0b 00 0b 00
y11: client 0: request 263 opcode 139 len 8 bytes: 8b 07 02 00 5d 00 10 00
y11: client 0: request 264 opcode 53 len 16 bytes: 35 20 04 00 5f 00 10 00 21 00 00 00 18 00 18 00
y11: client 0: request 265 opcode 55 len 16 bytes: 37 00 04 00 60 00 10 00 5f 00 10 00 00 00 00 00
y11: client 0: request 266 opcode 72 len 2328 bytes: 48 02 46 02 5f 00 10 00 60 00 10 00 18 00 18 00 00 00 00 00
y11: client 0: request 267 opcode 60 len 8 bytes: 3c 00 02 00 60 00 10 00
y11: client 0: request 268 opcode 139 len 20 bytes: 8b 04 05 00 61 00 10 00 5f 00 10 00 01 01 00 00 00 00 00 00
y11: client 0: request 269 opcode 54 len 8 bytes: 36 00 02 00 5f 00 10 00
y11: client 0: request 270 opcode 139 len 16 bytes: 8b 1b 04 00 62 00 10 00 61 00 10 00 0b 00 0b 00
y11: client 0: request 271 opcode 139 len 8 bytes: 8b 07 02 00 61 00 10 00
y11: client 0: request 272 opcode 53 len 16 bytes: 35 20 04 00 63 00 10 00 21 00 00 00 18 00 18 00
y11: client 0: request 273 opcode 55 len 16 bytes: 37 00 04 00 64 00 10 00 63 00 10 00 00 00 00 00
y11: client 0: request 274 opcode 72 len 2328 bytes: 48 02 46 02 63 00 10 00 64 00 10 00 18 00 18 00 00 00 00 00
y11: client 0: request 275 opcode 60 len 8 bytes: 3c 00 02 00 64 00 10 00
y11: client 0: request 276 opcode 139 len 20 bytes: 8b 04 05 00 65 00 10 00 63 00 10 00 01 01 00 00 00 00 00 00
y11: client 0: request 277 opcode 54 len 8 bytes: 36 00 02 00 63 00 10 00
y11: client 0: request 278 opcode 139 len 16 bytes: 8b 1b 04 00 66 00 10 00 65 00 10 00 0b 00 0b 00
y11: client 0: request 279 opcode 139 len 8 bytes: 8b 07 02 00 65 00 10 00
y11: client 0: request 280 opcode 139 len 136 bytes: 8b 1f 22 00 67 00 10 00 2a 00 10 00 3c 00 00 00 2e 00 10 00
y11: client 0: request 281 opcode 95 len 8 bytes: 5f 00 02 00 2a 00 10 00
y11: client 0: request 282 opcode 95 len 8 bytes: 5f 00 02 00 2e 00 10 00
y11: client 0: request 283 opcode 95 len 8 bytes: 5f 00 02 00 32 00 10 00
y11: client 0: request 284 opcode 95 len 8 bytes: 5f 00 02 00 36 00 10 00
y11: client 0: request 285 opcode 95 len 8 bytes: 5f 00 02 00 3a 00 10 00
y11: client 0: request 286 opcode 95 len 8 bytes: 5f 00 02 00 3e 00 10 00
y11: client 0: request 287 opcode 95 len 8 bytes: 5f 00 02 00 42 00 10 00
y11: client 0: request 288 opcode 95 len 8 bytes: 5f 00 02 00 46 00 10 00
y11: client 0: request 289 opcode 95 len 8 bytes: 5f 00 02 00 4a 00 10 00
y11: client 0: request 290 opcode 95 len 8 bytes: 5f 00 02 00 4e 00 10 00
y11: client 0: request 291 opcode 95 len 8 bytes: 5f 00 02 00 52 00 10 00
y11: client 0: request 292 opcode 95 len 8 bytes: 5f 00 02 00 56 00 10 00
y11: client 0: request 293 opcode 95 len 8 bytes: 5f 00 02 00 5a 00 10 00
y11: client 0: request 294 opcode 95 len 8 bytes: 5f 00 02 00 5e 00 10 00
y11: client 0: request 295 opcode 95 len 8 bytes: 5f 00 02 00 62 00 10 00
y11: client 0: request 296 opcode 95 len 8 bytes: 5f 00 02 00 66 00 10 00
y11: client 0: request 297 opcode 145 len 20 bytes: 91 17 05 00 67 00 10 00 05 00 00 00 77 61 74 63 68 61 2b a0
y11: client 0: request 298 opcode 53 len 16 bytes: 35 20 04 00 68 00 10 00 21 00 00 00 1e 00 1e 00
y11: client 0: request 299 opcode 55 len 16 bytes: 37 00 04 00 69 00 10 00 68 00 10 00 00 00 00 00
y11: client 0: request 300 opcode 72 len 3624 bytes: 48 02 8a 03 68 00 10 00 69 00 10 00 1e 00 1e 00 00 00 00 00
y11: client 0: request 301 opcode 60 len 8 bytes: 3c 00 02 00 69 00 10 00
y11: client 0: request 302 opcode 139 len 20 bytes: 8b 04 05 00 6a 00 10 00 68 00 10 00 01 01 00 00 00 00 00 00
y11: client 0: request 303 opcode 54 len 8 bytes: 36 00 02 00 68 00 10 00
y11: client 0: request 304 opcode 139 len 16 bytes: 8b 1b 04 00 6b 00 10 00 6a 00 10 00 03 00 02 00
y11: client 0: request 305 opcode 139 len 8 bytes: 8b 07 02 00 6a 00 10 00
y11: client 0: request 306 opcode 145 len 28 bytes: 91 17 07 00 6b 00 10 00 0e 00 00 00 71 75 65 73 74 69 6f 6e
y11: client 0: request 307 opcode 53 len 16 bytes: 35 20 04 00 6c 00 10 00 21 00 00 00 18 00 18 00
y11: client 0: request 308 opcode 55 len 16 bytes: 37 00 04 00 6d 00 10 00 6c 00 10 00 00 00 00 00
y11: client 0: request 309 opcode 72 len 2328 bytes: 48 02 46 02 6c 00 10 00 6d 00 10 00 18 00 18 00 00 00 00 00
y11: client 0: request 310 opcode 60 len 8 bytes: 3c 00 02 00 6d 00 10 00
y11: client 0: request 311 opcode 139 len 20 bytes: 8b 04 05 00 6e 00 10 00 6c 00 10 00 01 01 00 00 00 00 00 00
y11: client 0: request 312 opcode 54 len 8 bytes: 36 00 02 00 6c 00 10 00
y11: client 0: request 313 opcode 139 len 16 bytes: 8b 1b 04 00 6f 00 10 00 6e 00 10 00 0b 00 0b 00
y11: client 0: request 314 opcode 139 len 8 bytes: 8b 07 02 00 6e 00 10 00
y11: client 0: request 315 opcode 145 len 20 bytes: 91 17 05 00 6f 00 10 00 05 00 5f ea 78 74 65 72 6d 14 09 1a
y11: client 0: request 316 opcode 53 len 16 bytes: 35 20 04 00 70 00 10 00 21 00 00 00 18 00 18 00
y11: client 0: request 317 opcode 55 len 16 bytes: 37 00 04 00 71 00 10 00 70 00 10 00 00 00 00 00
y11: client 0: request 318 opcode 72 len 2328 bytes: 48 02 46 02 70 00 10 00 71 00 10 00 18 00 18 00 00 00 00 00
y11: client 0: request 319 opcode 60 len 8 bytes: 3c 00 02 00 71 00 10 00
y11: client 0: request 320 opcode 139 len 20 bytes: 8b 04 05 00 72 00 10 00 70 00 10 00 01 01 00 00 00 00 00 00
y11: client 0: request 321 opcode 54 len 8 bytes: 36 00 02 00 70 00 10 00
y11: client 0: request 322 opcode 139 len 16 bytes: 8b 1b 04 00 73 00 10 00 72 00 10 00 0a 00 0a 00
y11: client 0: request 323 opcode 139 len 8 bytes: 8b 07 02 00 72 00 10 00
y11: client 0: request 324 opcode 145 len 20 bytes: 91 17 05 00 73 00 10 00 05 00 00 00 63 72 6f 73 73 00 00 00
y11: client 0: request 325 opcode 53 len 16 bytes: 35 20 04 00 74 00 10 00 21 00 00 00 18 00 18 00
y11: client 0: request 326 opcode 55 len 16 bytes: 37 00 04 00 75 00 10 00 74 00 10 00 00 00 00 00
y11: client 0: request 327 opcode 72 len 2328 bytes: 48 02 46 02 74 00 10 00 75 00 10 00 18 00 18 00 00 00 00 00
y11: client 0: request 328 opcode 60 len 8 bytes: 3c 00 02 00 75 00 10 00
y11: client 0: request 329 opcode 139 len 20 bytes: 8b 04 05 00 76 00 10 00 74 00 10 00 01 01 00 00 00 00 00 00
y11: client 0: request 330 opcode 54 len 8 bytes: 36 00 02 00 74 00 10 00
y11: client 0: request 331 opcode 139 len 16 bytes: 8b 1b 04 00 77 00 10 00 76 00 10 00 0b 00 0b 00
y11: client 0: request 332 opcode 139 len 8 bytes: 8b 07 02 00 76 00 10 00
y11: client 0: request 333 opcode 145 len 24 bytes: 91 17 06 00 77 00 10 00 09 00 00 00 63 72 6f 73 73 68 61 69
y11: client 0: request 334 opcode 53 len 16 bytes: 35 01 04 00 78 00 10 00 21 00 00 00 10 00 10 00
y11: client 0: request 335 opcode 55 len 16 bytes: 37 00 04 00 79 00 10 00 78 00 10 00 00 00 00 00
y11: client 0: request 336 opcode 70 len 20 bytes: 46 00 05 00 78 00 10 00 79 00 10 00 00 00 00 00 10 00 10 00
y11: client 0: request 337 opcode 60 len 8 bytes: 3c 00 02 00 79 00 10 00
y11: client 0: request 338 opcode 93 len 32 bytes: 5d 00 08 00 7a 00 10 00 78 00 10 00 78 00 10 00 00 00 00 00
y11: client 0: request 339 opcode 54 len 8 bytes: 36 00 02 00 78 00 10 00
y11: client 0: request 340 opcode 98 len 16 bytes: 62 00 04 00 05 00 00 00 53 48 41 50 45 00 00 00
y11: client 0: reply seq 340 len 32
y11: client 0: request 341 opcode 98 len 16 bytes: 62 00 04 00 05 00 10 00 52 41 4e 44 52 00 00 00
y11: client 0: reply seq 341 len 32
y11: client 0: request 342 opcode 98 len 16 bytes: 62 00 04 00 08 00 10 00 58 49 4e 45 52 41 4d 41
y11: client 0: reply seq 342 len 32
y11: client 0: request 343 opcode 16 len 16 bytes: 10 00 04 00 05 00 10 00 57 4d 5f 53 30 00 10 00
y11: client 0: reply seq 343 len 32
y11: client 0: request 344 opcode 23 len 8 bytes: 17 00 02 00 79 00 00 00
y11: client 0: reply seq 344 len 32
y11: client 0: request 345 opcode 1 len 40 bytes: 01 00 0a 00 7b 00 10 00 21 00 00 00 00 00 00 00 0a 00 0a 00
y11: client 0: request 346 opcode 22 len 16 bytes: 16 00 04 00 7b 00 10 00 79 00 00 00 00 00 00 00
y11: client 0: request 347 opcode 23 len 8 bytes: 17 00 02 00 79 00 00 00
y11: client 0: reply seq 347 len 32
y11: client 0: request 348 opcode 25 len 44 bytes: 19 00 0b 00 21 00 00 00 00 00 02 00 21 20 00 00 21 00 00 00
y11: client 0: request 349 opcode 2 len 16 bytes: 02 00 04 00 21 00 00 00 00 08 00 00 7f 00 58 00
y11: client 0: request 350 opcode 43 len 4 bytes: 2b 00 01 00
y11: client 0: reply seq 350 len 32
y11: client 0: request 351 opcode 2 len 16 bytes: 02 00 04 00 21 00 00 00 00 40 00 00 05 00 10 00
y11: client 0: request 352 opcode 55 len 20 bytes: 37 00 05 00 7c 00 10 00 21 00 00 00 00 00 01 00 00 00 00 00
y11: client 0: request 353 opcode 98 len 16 bytes: 62 00 04 00 07 00 00 00 4d 49 54 2d 53 48 4d 00
y11: client 0: reply seq 353 len 32
y11: client 0: request 354 opcode 98 len 32 bytes: 62 00 08 00 17 00 00 00 47 65 6e 65 72 69 63 20 45 76 65 6e
y11: client 0: reply seq 354 len 32
y11: client 0: request 355 opcode 130 len 4 bytes: 82 00 01 00
y11: client 0: reply seq 355 len 32
y11: client 0: request 356 opcode 130 len 4 bytes: 82 00 01 00
y11: client 0: reply seq 356 len 32
y11: client 0: request 357 opcode 21 len 8 bytes: 15 00 02 00 21 00 00 00
y11: client 0: reply seq 357 len 32
y11: client 0: request 358 opcode 18 len 24 bytes: 12 00 06 00 21 00 00 00 09 00 00 00 1f 00 00 00 08 00 05 00
y11: client 0: event type 28
y11: client 0: request 359 opcode 18 len 24 bytes: 12 00 06 00 21 00 00 00 0a 00 00 00 1f 00 00 00 08 00 00 00
y11: client 0: event type 28
y11: client 0: request 360 opcode 18 len 24 bytes: 12 00 06 00 21 00 00 00 0b 00 00 00 1f 00 00 00 08 00 10 00
y11: client 0: event type 28
y11: client 0: request 361 opcode 18 len 24 bytes: 12 00 06 00 21 00 00 00 0c 00 00 00 1f 00 00 00 08 00 10 00
y11: client 0: event type 28
y11: client 0: request 362 opcode 18 len 24 bytes: 12 00 06 00 21 00 00 00 0d 00 00 00 1f 00 00 00 08 00 00 00
y11: client 0: event type 28
y11: client 0: request 363 opcode 18 len 24 bytes: 12 00 06 00 21 00 00 00 0e 00 00 00 1f 00 00 00 08 00 02 00
y11: client 0: event type 28
y11: client 0: request 364 opcode 18 len 24 bytes: 12 00 06 00 21 00 00 00 0f 00 00 00 1f 00 00 00 08 00 00 00
y11: client 0: event type 28
y11: client 0: request 365 opcode 18 len 24 bytes: 12 00 06 00 21 00 00 00 10 00 00 00 1f 00 00 00 08 00 04 00
y11: client 0: event type 28
y11: client 0: request 366 opcode 119 len 4 bytes: 77 00 01 00
y11: client 0: reply seq 366 len 32
y11: client 0: request 367 opcode 84 len 16 bytes: 54 00 04 00 22 00 00 00 ff ff ff ff ff ff 00 00
y11: client 0: reply seq 367 len 32
y11: client 0: request 368 opcode 84 len 16 bytes: 54 00 04 00 22 00 00 00 00 00 00 00 00 00 00 00
y11: client 0: reply seq 368 len 32
y11: client 0: request 369 opcode 84 len 16 bytes: 54 00 04 00 22 00 00 00 ba ae aa aa ba ae 00 00
y11: client 0: reply seq 369 len 32
y11: client 0: request 370 opcode 84 len 16 bytes: 54 00 04 00 22 00 00 00 44 51 55 55 44 51 00 00
y11: client 0: reply seq 370 len 32
y11: client 0: request 371 opcode 55 len 28 bytes: 37 00 07 00 7d 00 10 00 21 00 00 00 05 00 01 00 06 00 00 00
y11: client 0: request 372 opcode 55 len 32 bytes: 37 00 08 00 7e 00 10 00 21 00 00 00 05 80 01 00 06 00 00 00
y11: client 0: request 373 opcode 55 len 20 bytes: 37 00 05 00 7f 00 10 00 21 00 00 00 00 00 01 00 00 00 00 00
y11: client 0: request 374 opcode 55 len 20 bytes: 37 00 05 00 80 00 10 00 21 00 00 00 00 00 01 00 00 00 00 00
y11: client 0: request 375 opcode 53 len 16 bytes: 35 01 04 00 81 00 10 00 21 00 00 00 08 00 08 00
y11: client 0: request 376 opcode 55 len 16 bytes: 37 00 04 00 82 00 10 00 81 00 10 00 00 00 00 00
y11: client 0: request 377 opcode 72 len 56 bytes: 48 01 0e 00 81 00 10 00 82 00 10 00 08 00 08 00 00 00 00 00
y11: client 0: request 378 opcode 60 len 8 bytes: 3c 00 02 00 82 00 10 00
y11: client 0: request 379 opcode 55 len 36 bytes: 37 00 09 00 83 00 10 00 21 00 00 00 0c 09 01 00 51 55 51 00
y11: client 0: request 380 opcode 55 len 20 bytes: 37 00 05 00 84 00 10 00 21 00 00 00 00 00 01 00 00 00 00 00
y11: client 0: request 381 opcode 55 len 20 bytes: 37 00 05 00 85 00 10 00 21 00 00 00 00 00 01 00 00 00 00 00
y11: client 0: request 382 opcode 55 len 16 bytes: 37 00 04 00 86 00 10 00 81 00 10 00 00 00 00 00
y11: client 0: request 383 opcode 53 len 16 bytes: 35 18 04 00 87 00 10 00 21 00 00 00 10 00 10 00
y11: client 0: request 384 opcode 55 len 24 bytes: 37 00 06 00 88 00 10 00 21 00 00 00 04 00 01 00 ff ff ff 00
y11: client 0: request 385 opcode 55 len 20 bytes: 37 00 05 00 89 00 10 00 21 00 00 00 00 00 01 00 00 00 00 00
y11: client 0: request 386 opcode 55 len 24 bytes: 37 00 06 00 8a 00 10 00 21 00 00 00 04 00 01 00 ae aa ae 00
y11: client 0: request 387 opcode 55 len 24 bytes: 37 00 06 00 8b 00 10 00 21 00 00 00 04 00 01 00 51 55 51 00
y11: client 0: request 388 opcode 64 len 72 bytes: 40 00 12 00 87 00 10 00 88 00 10 00 00 00 00 00 01 00 00 00
y11: client 0: request 389 opcode 64 len 16 bytes: 40 00 04 00 87 00 10 00 8b 00 10 00 0f 00 00 00
y11: client 0: request 390 opcode 64 len 16 bytes: 40 00 04 00 87 00 10 00 88 00 10 00 00 00 01 00
y11: client 0: request 391 opcode 64 len 64 bytes: 40 00 10 00 87 00 10 00 8a 00 10 00 01 00 01 00 02 00 01 00
y11: client 0: request 392 opcode 64 len 16 bytes: 40 00 04 00 87 00 10 00 8b 00 10 00 0e 00 01 00
y11: client 0: request 393 opcode 64 len 16 bytes: 40 00 04 00 87 00 10 00 89 00 10 00 0f 00 01 00
y11: client 0: request 394 opcode 64 len 16 bytes: 40 00 04 00 87 00 10 00 88 00 10 00 00 00 02 00
y11: client 0: request 395 opcode 64 len 56 bytes: 40 00 0e 00 87 00 10 00 8a 00 10 00 01 00 02 00 02 00 02 00
y11: client 0: request 396 opcode 64 len 16 bytes: 40 00 04 00 87 00 10 00 88 00 10 00 0c 00 02 00
y11: client 0: request 397 opcode 64 len 16 bytes: 40 00 04 00 87 00 10 00 8a 00 10 00 0d 00 02 00
y11: client 0: request 398 opcode 64 len 16 bytes: 40 00 04 00 87 00 10 00 8b 00 10 00 0e 00 02 00
y11: client 0: request 399 opcode 64 len 16 bytes: 40 00 04 00 87 00 10 00 89 00 10 00 0f 00 02 00
y11: client 0: request 400 opcode 64 len 16 bytes: 40 00 04 00 87 00 10 00 88 00 10 00 00 00 03 00
y11: client 0: request 401 opcode 64 len 52 bytes: 40 00 0d 00 87 00 10 00 8a 00 10 00 01 00 03 00 02 00 03 00
y11: client 0: request 402 opcode 64 len 16 bytes: 40 00 04 00 87 00 10 00 88 00 10 00 0b 00 03 00
y11: client 0: request 403 opcode 64 len 16 bytes: 40 00 04 00 87 00 10 00 89 00 10 00 0c 00 03 00
y11: client 0: request 404 opcode 64 len 16 bytes: 40 00 04 00 87 00 10 00 8a 00 10 00 0d 00 03 00
y11: client 0: request 405 opcode 64 len 16 bytes: 40 00 04 00 87 00 10 00 8b 00 10 00 0e 00 03 00
y11: client 0: request 406 opcode 64 len 16 bytes: 40 00 04 00 87 00 10 00 89 00 10 00 0f 00 03 00
y11: client 0: request 407 opcode 64 len 16 bytes: 40 00 04 00 87 00 10 00 88 00 10 00 00 00 04 00
y11: client 0: request 408 opcode 64 len 48 bytes: 40 00 0c 00 87 00 10 00 8a 00 10 00 01 00 04 00 02 00 04 00
y11: client 0: request 409 opcode 64 len 16 bytes: 40 00 04 00 87 00 10 00 88 00 10 00 0a 00 04 00
y11: client 0: request 410 opcode 64 len 16 bytes: 40 00 04 00 87 00 10 00 89 00 10 00 0b 00 04 00
y11: client 0: request 411 opcode 64 len 16 bytes: 40 00 04 00 87 00 10 00 8b 00 10 00 0c 00 04 00
y11: client 0: request 412 opcode 64 len 16 bytes: 40 00 04 00 87 00 10 00 8a 00 10 00 0d 00 04 00
y11: client 0: request 413 opcode 64 len 16 bytes: 40 00 04 00 87 00 10 00 8b 00 10 00 0e 00 04 00
y11: client 0: request 414 opcode 64 len 16 bytes: 40 00 04 00 87 00 10 00 89 00 10 00 0f 00 04 00
y11: client 0: request 415 opcode 64 len 16 bytes: 40 00 04 00 87 00 10 00 88 00 10 00 00 00 05 00
y11: client 0: request 416 opcode 64 len 44 bytes: 40 00 0b 00 87 00 10 00 8a 00 10 00 01 00 05 00 02 00 05 00
y11: client 0: request 417 opcode 64 len 16 bytes: 40 00 04 00 87 00 10 00 88 00 10 00 09 00 05 00
y11: client 0: request 418 opcode 64 len 16 bytes: 40 00 04 00 87 00 10 00 89 00 10 00 0a 00 05 00
y11: client 0: request 419 opcode 64 len 16 bytes: 40 00 04 00 87 00 10 00 8b 00 10 00 0b 00 05 00
y11: client 0: request 420 opcode 64 len 20 bytes: 40 00 05 00 87 00 10 00 8a 00 10 00 0c 00 05 00 0d 00 05 00
y11: client 0: request 421 opcode 64 len 16 bytes: 40 00 04 00 87 00 10 00 8b 00 10 00 0e 00 05 00
y11: client 0: request 422 opcode 64 len 16 bytes: 40 00 04 00 87 00 10 00 89 00 10 00 0f 00 05 00
y11: client 0: request 423 opcode 64 len 16 bytes: 40 00 04 00 87 00 10 00 88 00 10 00 00 00 06 00
y11: client 0: request 424 opcode 64 len 24 bytes: 40 00 06 00 87 00 10 00 8a 00 10 00 01 00 06 00 02 00 06 00
y11: client 0: request 425 opcode 64 len 16 bytes: 40 00 04 00 87 00 10 00 88 00 10 00 04 00 06 00
y11: client 0: request 426 opcode 64 len 16 bytes: 40 00 04 00 87 00 10 00 89 00 10 00 05 00 06 00
y11: client 0: request 427 opcode 64 len 20 bytes: 40 00 05 00 87 00 10 00 8a 00 10 00 06 00 06 00 07 00 06 00
y11: client 0: request 428 opcode 64 len 16 bytes: 40 00 04 00 87 00 10 00 88 00 10 00 08 00 06 00
y11: client 0: request 429 opcode 64 len 16 bytes: 40 00 04 00 87 00 10 00 89 00 10 00 09 00 06 00
y11: client 0: request 430 opcode 64 len 16 bytes: 40 00 04 00 87 00 10 00 8b 00 10 00 0a 00 06 00
y11: client 0: request 431 opcode 64 len 24 bytes: 40 00 06 00 87 00 10 00 8a 00 10 00 0b 00 06 00 0c 00 06 00
y11: client 0: request 432 opcode 64 len 16 bytes: 40 00 04 00 87 00 10 00 8b 00 10 00 0e 00 06 00
y11: client 0: request 433 opcode 64 len 16 bytes: 40 00 04 00 87 00 10 00 89 00 10 00 0f 00 06 00
y11: client 0: request 434 opcode 64 len 16 bytes: 40 00 04 00 87 00 10 00 88 00 10 00 00 00 07 00
y11: client 0: request 435 opcode 64 len 24 bytes: 40 00 06 00 87 00 10 00 8a 00 10 00 01 00 07 00 02 00 07 00
y11: client 0: request 436 opcode 64 len 16 bytes: 40 00 04 00 87 00 10 00 88 00 10 00 04 00 07 00
y11: client 0: request 437 opcode 64 len 16 bytes: 40 00 04 00 87 00 10 00 89 00 10 00 05 00 07 00
y11: client 0: request 438 opcode 64 len 16 bytes: 40 00 04 00 87 00 10 00 8b 00 10 00 06 00 07 00
y11: client 0: request 439 opcode 64 len 16 bytes: 40 00 04 00 87 00 10 00 88 00 10 00 07 00 07 00
y11: client 0: request 440 opcode 64 len 16 bytes: 40 00 04 00 87 00 10 00 89 00 10 00 08 00 07 00
y11: client 0: request 441 opcode 64 len 16 bytes: 40 00 04 00 87 00 10 00 8b 00 10 00 09 00 07 00
y11: client 0: request 442 opcode 64 len 28 bytes: 40 00 07 00 87 00 10 00 8a 00 10 00 0a 00 07 00 0b 00 07 00
y11: client 0: request 443 opcode 64 len 16 bytes: 40 00 04 00 87 00 10 00 8b 00 10 00 0e 00 07 00
y11: client 0: request 444 opcode 64 len 16 bytes: 40 00 04 00 87 00 10 00 89 00 10 00 0f 00 07 00
y11: client 0: request 445 opcode 64 len 16 bytes: 40 00 04 00 87 00 10 00 88 00 10 00 00 00 08 00
y11: client 0: request 446 opcode 64 len 24 bytes: 40 00 06 00 87 00 10 00 8a 00 10 00 01 00 08 00 02 00 08 00
y11: client 0: request 447 opcode 64 len 16 bytes: 40 00 04 00 87 00 10 00 88 00 10 00 04 00 08 00
y11: client 0: request 448 opcode 64 len 16 bytes: 40 00 04 00 87 00 10 00 8b 00 10 00 05 00 08 00
y11: client 0: request 449 opcode 64 len 16 bytes: 40 00 04 00 87 00 10 00 88 00 10 00 06 00 08 00
y11: client 0: request 450 opcode 64 len 16 bytes: 40 00 04 00 87 00 10 00 89 00 10 00 07 00 08 00
y11: client 0: request 451 opcode 64 len 16 bytes: 40 00 04 00 87 00 10 00 8b 00 10 00 08 00 08 00
y11: client 0: request 452 opcode 64 len 32 bytes: 40 00 08 00 87 00 10 00 8a 00 10 00 09 00 08 00 0a 00 08 00
y11: client 0: request 453 opcode 64 len 16 bytes: 40 00 04 00 87 00 10 00 8b 00 10 00 0e 00 08 00
y11: client 0: request 454 opcode 64 len 16 bytes: 40 00 04 00 87 00 10 00 89 00 10 00 0f 00 08 00
y11: client 0: request 455 opcode 64 len 16 bytes: 40 00 04 00 87 00 10 00 88 00 10 00 00 00 09 00
y11: client 0: request 456 opcode 64 len 24 bytes: 40 00 06 00 87 00 10 00 8a 00 10 00 01 00 09 00 02 00 09 00
y11: client 0: request 457 opcode 64 len 20 bytes: 40 00 05 00 87 00 10 00 88 00 10 00 04 00 09 00 05 00 09 00
y11: client 0: request 458 opcode 64 len 16 bytes: 40 00 04 00 87 00 10 00 89 00 10 00 06 00 09 00
y11: client 0: request 459 opcode 64 len 16 bytes: 40 00 04 00 87 00 10 00 8b 00 10 00 07 00 09 00
y11: client 0: request 460 opcode 64 len 36 bytes: 40 00 09 00 87 00 10 00 8a 00 10 00 08 00 09 00 09 00 09 00
y11: client 0: request 461 opcode 64 len 16 bytes: 40 00 04 00 87 00 10 00 8b 00 10 00 0e 00 09 00
y11: client 0: request 462 opcode 64 len 16 bytes: 40 00 04 00 87 00 10 00 89 00 10 00 0f 00 09 00
y11: client 0: request 463 opcode 64 len 16 bytes: 40 00 04 00 87 00 10 00 88 00 10 00 00 00 0a 00
y11: client 0: request 464 opcode 64 len 24 bytes: 40 00 06 00 87 00 10 00 8a 00 10 00 01 00 0a 00 02 00 0a 00
y11: client 0: request 465 opcode 64 len 16 bytes: 40 00 04 00 87 00 10 00 88 00 10 00 04 00 0a 00
y11: client 0: request 466 opcode 64 len 16 bytes: 40 00 04 00 87 00 10 00 89 00 10 00 05 00 0a 00
y11: client 0: request 467 opcode 64 len 16 bytes: 40 00 04 00 87 00 10 00 8b 00 10 00 06 00 0a 00
y11: client 0: request 468 opcode 64 len 40 bytes: 40 00 0a 00 87 00 10 00 8a 00 10 00 07 00 0a 00 08 00 0a 00
y11: client 0: request 469 opcode 64 len 16 bytes: 40 00 04 00 87 00 10 00 8b 00 10 00 0e 00 0a 00
y11: client 0: request 470 opcode 64 len 16 bytes: 40 00 04 00 87 00 10 00 89 00 10 00 0f 00 0a 00
y11: client 0: request 471 opcode 64 len 16 bytes: 40 00 04 00 87 00 10 00 88 00 10 00 00 00 0b 00
y11: client 0: request 472 opcode 64 len 24 bytes: 40 00 06 00 87 00 10 00 8a 00 10 00 01 00 0b 00 02 00 0b 00
y11: client 0: request 473 opcode 64 len 16 bytes: 40 00 04 00 87 00 10 00 89 00 10 00 04 00 0b 00
y11: client 0: request 474 opcode 64 len 16 bytes: 40 00 04 00 87 00 10 00 8b 00 10 00 05 00 0b 00
y11: client 0: request 475 opcode 64 len 44 bytes: 40 00 0b 00 87 00 10 00 8a 00 10 00 06 00 0b 00 07 00 0b 00
y11: client 0: request 476 opcode 64 len 16 bytes: 40 00 04 00 87 00 10 00 8b 00 10 00 0e 00 0b 00
y11: client 0: request 477 opcode 64 len 16 bytes: 40 00 04 00 87 00 10 00 89 00 10 00 0f 00 0b 00
y11: client 0: request 478 opcode 64 len 16 bytes: 40 00 04 00 87 00 10 00 88 00 10 00 00 00 0c 00
y11: client 0: request 479 opcode 64 len 64 bytes: 40 00 10 00 87 00 10 00 8a 00 10 00 01 00 0c 00 02 00 0c 00
y11: client 0: request 480 opcode 64 len 16 bytes: 40 00 04 00 87 00 10 00 8b 00 10 00 0e 00 0c 00
y11: client 0: request 481 opcode 64 len 16 bytes: 40 00 04 00 87 00 10 00 89 00 10 00 0f 00 0c 00
y11: client 0: request 482 opcode 64 len 16 bytes: 40 00 04 00 87 00 10 00 88 00 10 00 00 00 0d 00
y11: client 0: request 483 opcode 64 len 64 bytes: 40 00 10 00 87 00 10 00 8a 00 10 00 01 00 0d 00 02 00 0d 00
y11: client 0: request 484 opcode 64 len 16 bytes: 40 00 04 00 87 00 10 00 8b 00 10 00 0e 00 0d 00
y11: client 0: request 485 opcode 64 len 16 bytes: 40 00 04 00 87 00 10 00 89 00 10 00 0f 00 0d 00
y11: client 0: request 486 opcode 64 len 16 bytes: 40 00 04 00 87 00 10 00 88 00 10 00 00 00 0e 00
y11: client 0: request 487 opcode 64 len 68 bytes: 40 00 11 00 87 00 10 00 8b 00 10 00 01 00 0e 00 02 00 0e 00
y11: client 0: request 488 opcode 64 len 16 bytes: 40 00 04 00 87 00 10 00 89 00 10 00 0f 00 0e 00
y11: client 0: request 489 opcode 64 len 16 bytes: 40 00 04 00 87 00 10 00 8b 00 10 00 00 00 0f 00
y11: client 0: request 490 opcode 64 len 72 bytes: 40 00 12 00 87 00 10 00 89 00 10 00 01 00 0f 00 02 00 0f 00
y11: client 0: request 491 opcode 53 len 16 bytes: 35 18 04 00 8c 00 10 00 21 00 00 00 10 00 10 00
y11: client 0: request 492 opcode 64 len 72 bytes: 40 00 12 00 8c 00 10 00 88 00 10 00 00 00 00 00 01 00 00 00
y11: client 0: request 493 opcode 64 len 16 bytes: 40 00 04 00 8c 00 10 00 8b 00 10 00 0f 00 00 00
y11: client 0: request 494 opcode 64 len 16 bytes: 40 00 04 00 8c 00 10 00 88 00 10 00 00 00 01 00
y11: client 0: request 495 opcode 64 len 64 bytes: 40 00 10 00 8c 00 10 00 8a 00 10 00 01 00 01 00 02 00 01 00
y11: client 0: request 496 opcode 64 len 16 bytes: 40 00 04 00 8c 00 10 00 8b 00 10 00 0e 00 01 00
y11: client 0: request 497 opcode 64 len 16 bytes: 40 00 04 00 8c 00 10 00 89 00 10 00 0f 00 01 00
y11: client 0: request 498 opcode 64 len 16 bytes: 40 00 04 00 8c 00 10 00 88 00 10 00 00 00 02 00
y11: client 0: request 499 opcode 64 len 64 bytes: 40 00 10 00 8c 00 10 00 8a 00 10 00 01 00 02 00 02 00 02 00
y11: client 0: request 500 opcode 64 len 16 bytes: 40 00 04 00 8c 00 10 00 8b 00 10 00 0e 00 02 00
y11: client 0: request 501 opcode 64 len 16 bytes: 40 00 04 00 8c 00 10 00 89 00 10 00 0f 00 02 00
y11: client 0: request 502 opcode 64 len 16 bytes: 40 00 04 00 8c 00 10 00 88 00 10 00 00 00 03 00
y11: client 0: request 503 opcode 64 len 64 bytes: 40 00 10 00 8c 00 10 00 8a 00 10 00 01 00 03 00 02 00 03 00
y11: client 0: request 504 opcode 64 len 16 bytes: 40 00 04 00 8c 00 10 00 8b 00 10 00 0e 00 03 00
y11: client 0: request 505 opcode 64 len 16 bytes: 40 00 04 00 8c 00 10 00 89 00 10 00 0f 00 03 00
y11: client 0: request 506 opcode 64 len 16 bytes: 40 00 04 00 8c 00 10 00 88 00 10 00 00 00 04 00
y11: client 0: request 507 opcode 64 len 64 bytes: 40 00 10 00 8c 00 10 00 8a 00 10 00 01 00 04 00 02 00 04 00
y11: client 0: request 508 opcode 64 len 16 bytes: 40 00 04 00 8c 00 10 00 8b 00 10 00 0e 00 04 00
y11: client 0: request 509 opcode 64 len 16 bytes: 40 00 04 00 8c 00 10 00 89 00 10 00 0f 00 04 00
y11: client 0: request 510 opcode 64 len 16 bytes: 40 00 04 00 8c 00 10 00 88 00 10 00 00 00 05 00
y11: client 0: request 511 opcode 64 len 64 bytes: 40 00 10 00 8c 00 10 00 8a 00 10 00 01 00 05 00 02 00 05 00
y11: client 0: request 512 opcode 64 len 16 bytes: 40 00 04 00 8c 00 10 00 8b 00 10 00 0e 00 05 00
y11: client 0: request 513 opcode 64 len 16 bytes: 40 00 04 00 8c 00 10 00 89 00 10 00 0f 00 05 00
y11: client 0: request 514 opcode 64 len 16 bytes: 40 00 04 00 8c 00 10 00 88 00 10 00 00 00 06 00
y11: client 0: request 515 opcode 64 len 64 bytes: 40 00 10 00 8c 00 10 00 8a 00 10 00 01 00 06 00 02 00 06 00
y11: client 0: request 516 opcode 64 len 16 bytes: 40 00 04 00 8c 00 10 00 8b 00 10 00 0e 00 06 00
y11: client 0: request 517 opcode 64 len 16 bytes: 40 00 04 00 8c 00 10 00 89 00 10 00 0f 00 06 00
y11: client 0: request 518 opcode 64 len 16 bytes: 40 00 04 00 8c 00 10 00 88 00 10 00 00 00 07 00
y11: client 0: request 519 opcode 64 len 64 bytes: 40 00 10 00 8c 00 10 00 8a 00 10 00 01 00 07 00 02 00 07 00
y11: client 0: request 520 opcode 64 len 16 bytes: 40 00 04 00 8c 00 10 00 8b 00 10 00 0e 00 07 00
y11: client 0: request 521 opcode 64 len 16 bytes: 40 00 04 00 8c 00 10 00 89 00 10 00 0f 00 07 00
y11: client 0: request 522 opcode 64 len 16 bytes: 40 00 04 00 8c 00 10 00 88 00 10 00 00 00 08 00
y11: client 0: request 523 opcode 64 len 64 bytes: 40 00 10 00 8c 00 10 00 8a 00 10 00 01 00 08 00 02 00 08 00
y11: client 0: request 524 opcode 64 len 16 bytes: 40 00 04 00 8c 00 10 00 8b 00 10 00 0e 00 08 00
y11: client 0: request 525 opcode 64 len 16 bytes: 40 00 04 00 8c 00 10 00 89 00 10 00 0f 00 08 00
y11: client 0: request 526 opcode 64 len 16 bytes: 40 00 04 00 8c 00 10 00 88 00 10 00 00 00 09 00
y11: client 0: request 527 opcode 64 len 64 bytes: 40 00 10 00 8c 00 10 00 8a 00 10 00 01 00 09 00 02 00 09 00
y11: client 0: request 528 opcode 64 len 16 bytes: 40 00 04 00 8c 00 10 00 8b 00 10 00 0e 00 09 00
y11: client 0: request 529 opcode 64 len 16 bytes: 40 00 04 00 8c 00 10 00 89 00 10 00 0f 00 09 00
y11: client 0: request 530 opcode 64 len 16 bytes: 40 00 04 00 8c 00 10 00 88 00 10 00 00 00 0a 00
y11: client 0: request 531 opcode 64 len 64 bytes: 40 00 10 00 8c 00 10 00 8a 00 10 00 01 00 0a 00 02 00 0a 00
y11: client 0: request 532 opcode 64 len 16 bytes: 40 00 04 00 8c 00 10 00 8b 00 10 00 0e 00 0a 00
y11: client 0: request 533 opcode 64 len 16 bytes: 40 00 04 00 8c 00 10 00 89 00 10 00 0f 00 0a 00
y11: client 0: request 534 opcode 64 len 16 bytes: 40 00 04 00 8c 00 10 00 88 00 10 00 00 00 0b 00
y11: client 0: request 535 opcode 64 len 64 bytes: 40 00 10 00 8c 00 10 00 8a 00 10 00 01 00 0b 00 02 00 0b 00
y11: client 0: request 536 opcode 64 len 16 bytes: 40 00 04 00 8c 00 10 00 8b 00 10 00 0e 00 0b 00
y11: client 0: request 537 opcode 64 len 16 bytes: 40 00 04 00 8c 00 10 00 89 00 10 00 0f 00 0b 00
y11: client 0: request 538 opcode 64 len 16 bytes: 40 00 04 00 8c 00 10 00 88 00 10 00 00 00 0c 00
y11: client 0: request 539 opcode 64 len 64 bytes: 40 00 10 00 8c 00 10 00 8a 00 10 00 01 00 0c 00 02 00 0c 00
y11: client 0: request 540 opcode 64 len 16 bytes: 40 00 04 00 8c 00 10 00 8b 00 10 00 0e 00 0c 00
y11: client 0: request 541 opcode 64 len 16 bytes: 40 00 04 00 8c 00 10 00 89 00 10 00 0f 00 0c 00
y11: client 0: request 542 opcode 64 len 16 bytes: 40 00 04 00 8c 00 10 00 88 00 10 00 00 00 0d 00
y11: client 0: request 543 opcode 64 len 64 bytes: 40 00 10 00 8c 00 10 00 8a 00 10 00 01 00 0d 00 02 00 0d 00
y11: client 0: request 544 opcode 64 len 16 bytes: 40 00 04 00 8c 00 10 00 8b 00 10 00 0e 00 0d 00
y11: client 0: request 545 opcode 64 len 16 bytes: 40 00 04 00 8c 00 10 00 89 00 10 00 0f 00 0d 00
y11: client 0: request 546 opcode 64 len 16 bytes: 40 00 04 00 8c 00 10 00 88 00 10 00 00 00 0e 00
y11: client 0: request 547 opcode 64 len 68 bytes: 40 00 11 00 8c 00 10 00 8b 00 10 00 01 00 0e 00 02 00 0e 00
y11: client 0: request 548 opcode 64 len 16 bytes: 40 00 04 00 8c 00 10 00 89 00 10 00 0f 00 0e 00
y11: client 0: request 549 opcode 64 len 16 bytes: 40 00 04 00 8c 00 10 00 8b 00 10 00 00 00 0f 00
y11: client 0: request 550 opcode 64 len 72 bytes: 40 00 12 00 8c 00 10 00 89 00 10 00 01 00 0f 00 02 00 0f 00
y11: client 0: request 551 opcode 53 len 16 bytes: 35 18 04 00 8d 00 10 00 21 00 00 00 0f 00 0f 00
y11: client 0: request 552 opcode 64 len 32 bytes: 40 00 08 00 8d 00 10 00 8a 00 10 00 00 00 00 00 01 00 00 00
y11: client 0: request 553 opcode 64 len 32 bytes: 40 00 08 00 8d 00 10 00 8b 00 10 00 05 00 00 00 06 00 00 00
y11: client 0: request 554 opcode 64 len 44 bytes: 40 00 0b 00 8d 00 10 00 8a 00 10 00 0a 00 00 00 0b 00 00 00
y11: client 0: request 555 opcode 64 len 20 bytes: 40 00 05 00 8d 00 10 00 8b 00 10 00 03 00 01 00 04 00 01 00
y11: client 0: request 556 opcode 64 len 32 bytes: 40 00 08 00 8d 00 10 00 89 00 10 00 05 00 01 00 06 00 01 00
y11: client 0: request 557 opcode 64 len 20 bytes: 40 00 05 00 8d 00 10 00 8b 00 10 00 0a 00 01 00 0b 00 01 00
y11: client 0: request 558 opcode 64 len 32 bytes: 40 00 08 00 8d 00 10 00 8a 00 10 00 0c 00 01 00 0d 00 01 00
y11: client 0: request 559 opcode 64 len 16 bytes: 40 00 04 00 8d 00 10 00 8b 00 10 00 02 00 02 00
y11: client 0: request 560 opcode 64 len 20 bytes: 40 00 05 00 8d 00 10 00 89 00 10 00 03 00 02 00 04 00 02 00
y11: client 0: request 561 opcode 64 len 32 bytes: 40 00 08 00 8d 00 10 00 8a 00 10 00 05 00 02 00 06 00 02 00
y11: client 0: request 562 opcode 64 len 16 bytes: 40 00 04 00 8d 00 10 00 8b 00 10 00 0a 00 02 00
y11: client 0: request 563 opcode 64 len 16 bytes: 40 00 04 00 8d 00 10 00 8a 00 10 00 0b 00 02 00
y11: client 0: request 564 opcode 64 len 16 bytes: 40 00 04 00 8d 00 10 00 8b 00 10 00 0c 00 02 00
y11: client 0: request 565 opcode 64 len 24 bytes: 40 00 06 00 8d 00 10 00 8a 00 10 00 0d 00 02 00 0e 00 02 00
y11: client 0: request 566 opcode 64 len 16 bytes: 40 00 04 00 8d 00 10 00 8b 00 10 00 01 00 03 00
y11: client 0: request 567 opcode 64 len 16 bytes: 40 00 04 00 8d 00 10 00 89 00 10 00 02 00 03 00
y11: client 0: request 568 opcode 64 len 16 bytes: 40 00 04 00 8d 00 10 00 8b 00 10 00 03 00 03 00
y11: client 0: request 569 opcode 64 len 20 bytes: 40 00 05 00 8d 00 10 00 8a 00 10 00 04 00 03 00 05 00 03 00
y11: client 0: request 570 opcode 64 len 28 bytes: 40 00 07 00 8d 00 10 00 88 00 10 00 06 00 03 00 07 00 03 00
y11: client 0: request 571 opcode 64 len 36 bytes: 40 00 09 00 8d 00 10 00 8a 00 10 00 0a 00 03 00 0b 00 03 00
y11: client 0: request 572 opcode 64 len 16 bytes: 40 00 04 00 8d 00 10 00 8b 00 10 00 01 00 04 00
y11: client 0: request 573 opcode 64 len 16 bytes: 40 00 04 00 8d 00 10 00 89 00 10 00 02 00 04 00
y11: client 0: request 574 opcode 64 len 16 bytes: 40 00 04 00 8d 00 10 00 8a 00 10 00 03 00 04 00
y11: client 0: request 575 opcode 64 len 44 bytes: 40 00 0b 00 8d 00 10 00 88 00 10 00 04 00 04 00 05 00 04 00
y11: client 0: request 576 opcode 64 len 24 bytes: 40 00 06 00 8d 00 10 00 8a 00 10 00 0c 00 04 00 0d 00 04 00
y11: client 0: request 577 opcode 64 len 16 bytes: 40 00 04 00 8d 00 10 00 8b 00 10 00 00 00 05 00
y11: client 0: request 578 opcode 64 len 16 bytes: 40 00 04 00 8d 00 10 00 89 00 10 00 01 00 05 00
y11: client 0: request 579 opcode 64 len 20 bytes: 40 00 05 00 8d 00 10 00 8a 00 10 00 02 00 05 00 03 00 05 00
y11: client 0: request 580 opcode 64 len 44 bytes: 40 00 0b 00 8d 00 10 00 88 00 10 00 04 00 05 00 05 00 05 00
y11: client 0: request 581 opcode 64 len 20 bytes: 40 00 05 00 8d 00 10 00 8a 00 10 00 0c 00 05 00 0d 00 05 00
y11: client 0: request 582 opcode 64 len 16 bytes: 40 00 04 00 8d 00 10 00 88 00 10 00 0e 00 05 00
y11: client 0: request 583 opcode 64 len 16 bytes: 40 00 04 00 8d 00 10 00 8b 00 10 00 00 00 06 00
y11: client 0: request 584 opcode 64 len 16 bytes: 40 00 04 00 8d 00 10 00 89 00 10 00 01 00 06 00
y11: client 0: request 585 opcode 64 len 16 bytes: 40 00 04 00 8d 00 10 00 8a 00 10 00 02 00 06 00
y11: client 0: request 586 opcode 64 len 52 bytes: 40 00 0d 00 8d 00 10 00 88 00 10 00 03 00 06 00 04 00 06 00
y11: client 0: request 587 opcode 64 len 16 bytes: 40 00 04 00 8d 00 10 00 8a 00 10 00 0d 00 06 00
y11: client 0: request 588 opcode 64 len 16 bytes: 40 00 04 00 8d 00 10 00 88 00 10 00 0e 00 06 00
y11: client 0: request 589 opcode 64 len 16 bytes: 40 00 04 00 8d 00 10 00 8b 00 10 00 00 00 07 00
y11: client 0: request 590 opcode 64 len 16 bytes: 40 00 04 00 8d 00 10 00 89 00 10 00 01 00 07 00
y11: client 0: request 591 opcode 64 len 16 bytes: 40 00 04 00 8d 00 10 00 8a 00 10 00 02 00 07 00
y11: client 0: request 592 opcode 64 len 52 bytes: 40 00 0d 00 8d 00 10 00 88 00 10 00 03 00 07 00 04 00 07 00
y11: client 0: request 593 opcode 64 len 16 bytes: 40 00 04 00 8d 00 10 00 8a 00 10 00 0d 00 07 00
y11: client 0: request 594 opcode 64 len 16 bytes: 40 00 04 00 8d 00 10 00 88 00 10 00 0e 00 07 00
y11: client 0: request 595 opcode 64 len 16 bytes: 40 00 04 00 8d 00 10 00 8b 00 10 00 00 00 08 00
y11: client 0: request 596 opcode 64 len 16 bytes: 40 00 04 00 8d 00 10 00 89 00 10 00 01 00 08 00
y11: client 0: request 597 opcode 64 len 16 bytes: 40 00 04 00 8d 00 10 00 8a 00 10 00 02 00 08 00
y11: client 0: request 598 opcode 64 len 52 bytes: 40 00 0d 00 8d 00 10 00 88 00 10 00 03 00 08 00 04 00 08 00
y11: client 0: request 599 opcode 64 len 16 bytes: 40 00 04 00 8d 00 10 00 8a 00 10 00 0d 00 08 00
y11: client 0: request 600 opcode 64 len 16 bytes: 40 00 04 00 8d 00 10 00 88 00 10 00 0e 00 08 00
y11: client 0: request 601 opcode 64 len 16 bytes: 40 00 04 00 8d 00 10 00 8b 00 10 00 00 00 09 00
y11: client 0: request 602 opcode 64 len 16 bytes: 40 00 04 00 8d 00 10 00 89 00 10 00 01 00 09 00
y11: client 0: request 603 opcode 64 len 16 bytes: 40 00 04 00 8d 00 10 00 8a 00 10 00 02 00 09 00
y11: client 0: request 604 opcode 64 len 52 bytes: 40 00 0d 00 8d 00 10 00 88 00 10 00 03 00 09 00 04 00 09 00
y11: client 0: request 605 opcode 64 len 16 bytes: 40 00 04 00 8d 00 10 00 8a 00 10 00 0d 00 09 00
y11: client 0: request 606 opcode 64 len 16 bytes: 40 00 04 00 8d 00 10 00 88 00 10 00 0e 00 09 00
y11: client 0: request 607 opcode 64 len 16 bytes: 40 00 04 00 8d 00 10 00 8a 00 10 00 00 00 0a 00
y11: client 0: request 608 opcode 64 len 20 bytes: 40 00 05 00 8d 00 10 00 8b 00 10 00 01 00 0a 00 02 00 0a 00
y11: client 0: request 609 opcode 64 len 16 bytes: 40 00 04 00 8d 00 10 00 8a 00 10 00 03 00 0a 00
y11: client 0: request 610 opcode 64 len 44 bytes: 40 00 0b 00 8d 00 10 00 88 00 10 00 04 00 0a 00 05 00 0a 00
y11: client 0: request 611 opcode 64 len 16 bytes: 40 00 04 00 8d 00 10 00 8a 00 10 00 0c 00 0a 00
y11: client 0: request 612 opcode 64 len 16 bytes: 40 00 04 00 8d 00 10 00 88 00 10 00 0d 00 0a 00
y11: client 0: request 613 opcode 64 len 20 bytes: 40 00 05 00 8d 00 10 00 8a 00 10 00 0e 00 0a 00 00 00 0b 00
y11: client 0: request 614 opcode 64 len 16 bytes: 40 00 04 00 8d 00 10 00 8b 00 10 00 01 00 0b 00
y11: client 0: request 615 opcode 64 len 20 bytes: 40 00 05 00 8d 00 10 00 8a 00 10 00 02 00 0b 00 03 00 0b 00
y11: client 0: request 616 opcode 64 len 44 bytes: 40 00 0b 00 8d 00 10 00 88 00 10 00 04 00 0b 00 05 00 0b 00
y11: client 0: request 617 opcode 64 len 16 bytes: 40 00 04 00 8d 00 10 00 8a 00 10 00 0c 00 0b 00
y11: client 0: request 618 opcode 64 len 16 bytes: 40 00 04 00 8d 00 10 00 88 00 10 00 0d 00 0b 00
y11: client 0: request 619 opcode 64 len 24 bytes: 40 00 06 00 8d 00 10 00 8a 00 10 00 0e 00 0b 00 00 00 0c 00
y11: client 0: request 620 opcode 64 len 16 bytes: 40 00 04 00 8d 00 10 00 8b 00 10 00 02 00 0c 00
y11: client 0: request 621 opcode 64 len 24 bytes: 40 00 06 00 8d 00 10 00 8a 00 10 00 03 00 0c 00 04 00 0c 00
y11: client 0: request 622 opcode 64 len 28 bytes: 40 00 07 00 8d 00 10 00 88 00 10 00 06 00 0c 00 07 00 0c 00
y11: client 0: request 623 opcode 64 len 20 bytes: 40 00 05 00 8d 00 10 00 8a 00 10 00 0a 00 0c 00 0b 00 0c 00
y11: client 0: request 624 opcode 64 len 16 bytes: 40 00 04 00 8d 00 10 00 88 00 10 00 0c 00 0c 00
y11: client 0: request 625 opcode 64 len 36 bytes: 40 00 09 00 8d 00 10 00 8a 00 10 00 0d 00 0c 00 0e 00 0c 00
y11: client 0: request 626 opcode 64 len 16 bytes: 40 00 04 00 8d 00 10 00 88 00 10 00 04 00 0d 00
y11: client 0: request 627 opcode 64 len 32 bytes: 40 00 08 00 8d 00 10 00 8a 00 10 00 05 00 0d 00 06 00 0d 00
y11: client 0: request 628 opcode 64 len 20 bytes: 40 00 05 00 8d 00 10 00 88 00 10 00 0a 00 0d 00 0b 00 0d 00
y11: client 0: request 629 opcode 64 len 44 bytes: 40 00 0b 00 8d 00 10 00 8a 00 10 00 0c 00 0d 00 0d 00 0d 00
y11: client 0: request 630 opcode 64 len 32 bytes: 40 00 08 00 8d 00 10 00 88 00 10 00 05 00 0e 00 06 00 0e 00
y11: client 0: request 631 opcode 64 len 32 bytes: 40 00 08 00 8d 00 10 00 8a 00 10 00 0a 00 0e 00 0b 00 0e 00
y11: client 0: request 632 opcode 53 len 16 bytes: 35 18 04 00 8e 00 10 00 21 00 00 00 0f 00 0f 00
y11: client 0: request 633 opcode 64 len 32 bytes: 40 00 08 00 8e 00 10 00 8a 00 10 00 00 00 00 00 01 00 00 00
y11: client 0: request 634 opcode 64 len 32 bytes: 40 00 08 00 8e 00 10 00 8b 00 10 00 05 00 00 00 06 00 00 00
y11: client 0: request 635 opcode 64 len 44 bytes: 40 00 0b 00 8e 00 10 00 8a 00 10 00 0a 00 00 00 0b 00 00 00
y11: client 0: request 636 opcode 64 len 20 bytes: 40 00 05 00 8e 00 10 00 8b 00 10 00 03 00 01 00 04 00 01 00
y11: client 0: request 637 opcode 64 len 32 bytes: 40 00 08 00 8e 00 10 00 89 00 10 00 05 00 01 00 06 00 01 00
y11: client 0: request 638 opcode 64 len 20 bytes: 40 00 05 00 8e 00 10 00 8b 00 10 00 0a 00 01 00 0b 00 01 00
y11: client 0: request 639 opcode 64 len 32 bytes: 40 00 08 00 8e 00 10 00 8a 00 10 00 0c 00 01 00 0d 00 01 00
y11: client 0: request 640 opcode 64 len 16 bytes: 40 00 04 00 8e 00 10 00 8b 00 10 00 02 00 02 00
y11: client 0: request 641 opcode 64 len 20 bytes: 40 00 05 00 8e 00 10 00 89 00 10 00 03 00 02 00 04 00 02 00
y11: client 0: request 642 opcode 64 len 40 bytes: 40 00 0a 00 8e 00 10 00 8a 00 10 00 05 00 02 00 06 00 02 00
y11: client 0: request 643 opcode 64 len 16 bytes: 40 00 04 00 8e 00 10 00 8b 00 10 00 0c 00 02 00
y11: client 0: request 644 opcode 64 len 24 bytes: 40 00 06 00 8e 00 10 00 8a 00 10 00 0d 00 02 00 0e 00 02 00
y11: client 0: request 645 opcode 64 len 16 bytes: 40 00 04 00 8e 00 10 00 8b 00 10 00 01 00 03 00
y11: client 0: request 646 opcode 64 len 16 bytes: 40 00 04 00 8e 00 10 00 89 00 10 00 02 00 03 00
y11: client 0: request 647 opcode 64 len 16 bytes: 40 00 04 00 8e 00 10 00 8b 00 10 00 03 00 03 00
y11: client 0: request 648 opcode 64 len 60 bytes: 40 00 0f 00 8e 00 10 00 8a 00 10 00 04 00 03 00 05 00 03 00
y11: client 0: request 649 opcode 64 len 16 bytes: 40 00 04 00 8e 00 10 00 8b 00 10 00 01 00 04 00
y11: client 0: request 650 opcode 64 len 16 bytes: 40 00 04 00 8e 00 10 00 89 00 10 00 02 00 04 00
y11: client 0: request 651 opcode 64 len 60 bytes: 40 00 0f 00 8e 00 10 00 8a 00 10 00 03 00 04 00 04 00 04 00
y11: client 0: request 652 opcode 64 len 16 bytes: 40 00 04 00 8e 00 10 00 8b 00 10 00 00 00 05 00
y11: client 0: request 653 opcode 64 len 16 bytes: 40 00 04 00 8e 00 10 00 89 00 10 00 01 00 05 00
y11: client 0: request 654 opcode 64 len 60 bytes: 40 00 0f 00 8e 00 10 00 8a 00 10 00 02 00 05 00 03 00 05 00
y11: client 0: request 655 opcode 64 len 16 bytes: 40 00 04 00 8e 00 10 00 88 00 10 00 0e 00 05 00
y11: client 0: request 656 opcode 64 len 16 bytes: 40 00 04 00 8e 00 10 00 8b 00 10 00 00 00 06 00
y11: client 0: request 657 opcode 64 len 16 bytes: 40 00 04 00 8e 00 10 00 89 00 10 00 01 00 06 00
y11: client 0: request 658 opcode 64 len 60 bytes: 40 00 0f 00 8e 00 10 00 8a 00 10 00 02 00 06 00 03 00 06 00
y11: client 0: request 659 opcode 64 len 16 bytes: 40 00 04 00 8e 00 10 00 88 00 10 00 0e 00 06 00
y11: client 0: request 660 opcode 64 len 16 bytes: 40 00 04 00 8e 00 10 00 8b 00 10 00 00 00 07 00
y11: client 0: request 661 opcode 64 len 16 bytes: 40 00 04 00 8e 00 10 00 89 00 10 00 01 00 07 00
y11: client 0: request 662 opcode 64 len 60 bytes: 40 00 0f 00 8e 00 10 00 8a 00 10 00 02 00 07 00 03 00 07 00
y11: client 0: request 663 opcode 64 len 16 bytes: 40 00 04 00 8e 00 10 00 88 00 10 00 0e 00 07 00
y11: client 0: request 664 opcode 64 len 16 bytes: 40 00 04 00 8e 00 10 00 8b 00 10 00 00 00 08 00
y11: client 0: request 665 opcode 64 len 16 bytes: 40 00 04 00 8e 00 10 00 89 00 10 00 01 00 08 00
y11: client 0: request 666 opcode 64 len 60 bytes: 40 00 0f 00 8e 00 10 00 8a 00 10 00 02 00 08 00 03 00 08 00
y11: client 0: request 667 opcode 64 len 16 bytes: 40 00 04 00 8e 00 10 00 88 00 10 00 0e 00 08 00
y11: client 0: request 668 opcode 64 len 16 bytes: 40 00 04 00 8e 00 10 00 8b 00 10 00 00 00 09 00
y11: client 0: request 669 opcode 64 len 16 bytes: 40 00 04 00 8e 00 10 00 89 00 10 00 01 00 09 00
y11: client 0: request 670 opcode 64 len 60 bytes: 40 00 0f 00 8e 00 10 00 8a 00 10 00 02 00 09 00 03 00 09 00
y11: client 0: request 671 opcode 64 len 16 bytes: 40 00 04 00 8e 00 10 00 88 00 10 00 0e 00 09 00
y11: client 0: request 672 opcode 64 len 16 bytes: 40 00 04 00 8e 00 10 00 8a 00 10 00 00 00 0a 00
y11: client 0: request 673 opcode 64 len 20 bytes: 40 00 05 00 8e 00 10 00 8b 00 10 00 01 00 0a 00 02 00 0a 00
y11: client 0: request 674 opcode 64 len 52 bytes: 40 00 0d 00 8e 00 10 00 8a 00 10 00 03 00 0a 00 04 00 0a 00
y11: client 0: request 675 opcode 64 len 16 bytes: 40 00 04 00 8e 00 10 00 88 00 10 00 0d 00 0a 00
y11: client 0: request 676 opcode 64 len 20 bytes: 40 00 05 00 8e 00 10 00 8a 00 10 00 0e 00 0a 00 00 00 0b 00
y11: client 0: request 677 opcode 64 len 16 bytes: 40 00 04 00 8e 00 10 00 8b 00 10 00 01 00 0b 00
y11: client 0: request 678 opcode 64 len 56 bytes: 40 00 0e 00 8e 00 10 00 8a 00 10 00 02 00 0b 00 03 00 0b 00
y11: client 0: request 679 opcode 64 len 16 bytes: 40 00 04 00 8e 00 10 00 88 00 10 00 0d 00 0b 00
y11: client 0: request 680 opcode 64 len 24 bytes: 40 00 06 00 8e 00 10 00 8a 00 10 00 0e 00 0b 00 00 00 0c 00
y11: client 0: request 681 opcode 64 len 16 bytes: 40 00 04 00 8e 00 10 00 8b 00 10 00 02 00 0c 00
y11: client 0: request 682 opcode 64 len 48 bytes: 40 00 0c 00 8e 00 10 00 8a 00 10 00 03 00 0c 00 04 00 0c 00
y11: client 0: request 683 opcode 64 len 16 bytes: 40 00 04 00 8e 00 10 00 88 00 10 00 0c 00 0c 00
y11: client 0: request 684 opcode 64 len 36 bytes: 40 00 09 00 8e 00 10 00 8a 00 10 00 0d 00 0c 00 0e 00 0c 00
y11: client 0: request 685 opcode 64 len 16 bytes: 40 00 04 00 8e 00 10 00 88 00 10 00 04 00 0d 00
y11: client 0: request 686 opcode 64 len 32 bytes: 40 00 08 00 8e 00 10 00 8a 00 10 00 05 00 0d 00 06 00 0d 00
y11: client 0: request 687 opcode 64 len 20 bytes: 40 00 05 00 8e 00 10 00 88 00 10 00 0a 00 0d 00 0b 00 0d 00
y11: client 0: request 688 opcode 64 len 44 bytes: 40 00 0b 00 8e 00 10 00 8a 00 10 00 0c 00 0d 00 0d 00 0d 00
y11: client 0: request 689 opcode 64 len 32 bytes: 40 00 08 00 8e 00 10 00 88 00 10 00 05 00 0e 00 06 00 0e 00
y11: client 0: request 690 opcode 64 len 32 bytes: 40 00 08 00 8e 00 10 00 8a 00 10 00 0a 00 0e 00 0b 00 0e 00
y11: client 0: request 691 opcode 53 len 16 bytes: 35 18 04 00 8f 00 10 00 21 00 00 00 0f 00 0f 00
y11: client 0: request 692 opcode 64 len 68 bytes: 40 00 11 00 8f 00 10 00 8b 00 10 00 00 00 00 00 01 00 00 00
y11: client 0: request 693 opcode 64 len 16 bytes: 40 00 04 00 8f 00 10 00 8a 00 10 00 0e 00 00 00
y11: client 0: request 694 opcode 64 len 64 bytes: 40 00 10 00 8f 00 10 00 8b 00 10 00 00 00 01 00 01 00 01 00
y11: client 0: request 695 opcode 64 len 16 bytes: 40 00 04 00 8f 00 10 00 8a 00 10 00 0d 00 01 00
y11: client 0: request 696 opcode 64 len 16 bytes: 40 00 04 00 8f 00 10 00 88 00 10 00 0e 00 01 00
y11: client 0: request 697 opcode 64 len 20 bytes: 40 00 05 00 8f 00 10 00 8b 00 10 00 00 00 02 00 01 00 02 00
y11: client 0: request 698 opcode 64 len 56 bytes: 40 00 0e 00 8f 00 10 00 88 00 10 00 02 00 02 00 03 00 02 00
y11: client 0: request 699 opcode 64 len 16 bytes: 40 00 04 00 8f 00 10 00 8a 00 10 00 0d 00 02 00
y11: client 0: request 700 opcode 64 len 16 bytes: 40 00 04 00 8f 00 10 00 88 00 10 00 0e 00 02 00
y11: client 0: request 701 opcode 64 len 20 bytes: 40 00 05 00 8f 00 10 00 8b 00 10 00 00 00 03 00 01 00 03 00
y11: client 0: request 702 opcode 64 len 16 bytes: 40 00 04 00 8f 00 10 00 88 00 10 00 02 00 03 00
y11: client 0: request 703 opcode 64 len 20 bytes: 40 00 05 00 8f 00 10 00 89 00 10 00 03 00 03 00 04 00 03 00
y11: client 0: request 704 opcode 64 len 32 bytes: 40 00 08 00 8f 00 10 00 88 00 10 00 05 00 03 00 06 00 03 00
y11: client 0: request 705 opcode 64 len 20 bytes: 40 00 05 00 8f 00 10 00 89 00 10 00 0a 00 03 00 0b 00 03 00
y11: client 0: request 706 opcode 64 len 16 bytes: 40 00 04 00 8f 00 10 00 88 00 10 00 0c 00 03 00
y11: client 0: request 707 opcode 64 len 16 bytes: 40 00 04 00 8f 00 10 00 8a 00 10 00 0d 00 03 00
y11: client 0: request 708 opcode 64 len 16 bytes: 40 00 04 00 8f 00 10 00 88 00 10 00 0e 00 03 00
y11: client 0: request 709 opcode 64 len 20 bytes: 40 00 05 00 8f 00 10 00 8b 00 10 00 00 00 04 00 01 00 04 00
y11: client 0: request 710 opcode 64 len 16 bytes: 40 00 04 00 8f 00 10 00 88 00 10 00 02 00 04 00
y11: client 0: request 711 opcode 64 len 24 bytes: 40 00 06 00 8f 00 10 00 89 00 10 00 03 00 04 00 04 00 04 00
y11: client 0: request 712 opcode 64 len 24 bytes: 40 00 06 00 8f 00 10 00 88 00 10 00 06 00 04 00 07 00 04 00
y11: client 0: request 713 opcode 64 len 24 bytes: 40 00 06 00 8f 00 10 00 89 00 10 00 09 00 04 00 0a 00 04 00
y11: client 0: request 714 opcode 64 len 16 bytes: 40 00 04 00 8f 00 10 00 88 00 10 00 0c 00 04 00
y11: client 0: request 715 opcode 64 len 16 bytes: 40 00 04 00 8f 00 10 00 8a 00 10 00 0d 00 04 00
y11: client 0: request 716 opcode 64 len 16 bytes: 40 00 04 00 8f 00 10 00 88 00 10 00 0e 00 04 00
y11: client 0: request 717 opcode 64 len 20 bytes: 40 00 05 00 8f 00 10 00 8b 00 10 00 00 00 05 00 01 00 05 00
y11: client 0: request 718 opcode 64 len 20 bytes: 40 00 05 00 8f 00 10 00 88 00 10 00 02 00 05 00 03 00 05 00
y11: client 0: request 719 opcode 64 len 24 bytes: 40 00 06 00 8f 00 10 00 89 00 10 00 04 00 05 00 05 00 05 00
y11: client 0: request 720 opcode 64 len 16 bytes: 40 00 04 00 8f 00 10 00 88 00 10 00 07 00 05 00
y11: client 0: request 721 opcode 64 len 24 bytes: 40 00 06 00 8f 00 10 00 89 00 10 00 08 00 05 00 09 00 05 00
y11: client 0: request 722 opcode 64 len 20 bytes: 40 00 05 00 8f 00 10 00 88 00 10 00 0b 00 05 00 0c 00 05 00
y11: client 0: request 723 opcode 64 len 16 bytes: 40 00 04 00 8f 00 10 00 8a 00 10 00 0d 00 05 00
y11: client 0: request 724 opcode 64 len 16 bytes: 40 00 04 00 8f 00 10 00 88 00 10 00 0e 00 05 00
y11: client 0: request 725 opcode 64 len 20 bytes: 40 00 05 00 8f 00 10 00 8b 00 10 00 00 00 06 00 01 00 06 00
y11: client 0: request 726 opcode 64 len 24 bytes: 40 00 06 00 8f 00 10 00 88 00 10 00 02 00 06 00 03 00 06 00
y11: client 0: request 727 opcode 64 len 32 bytes: 40 00 08 00 8f 00 10 00 89 00 10 00 05 00 06 00 06 00 06 00
y11: client 0: request 728 opcode 64 len 24 bytes: 40 00 06 00 8f 00 10 00 88 00 10 00 0a 00 06 00 0b 00 06 00
y11: client 0: request 729 opcode 64 len 16 bytes: 40 00 04 00 8f 00 10 00 8a 00 10 00 0d 00 06 00
y11: client 0: request 730 opcode 64 len 16 bytes: 40 00 04 00 8f 00 10 00 88 00 10 00 0e 00 06 00
y11: client 0: request 731 opcode 64 len 20 bytes: 40 00 05 00 8f 00 10 00 8b 00 10 00 00 00 07 00 01 00 07 00
y11: client 0: request 732 opcode 64 len 28 bytes: 40 00 07 00 8f 00 10 00 88 00 10 00 02 00 07 00 03 00 07 00
y11: client 0: request 733 opcode 64 len 24 bytes: 40 00 06 00 8f 00 10 00 89 00 10 00 06 00 07 00 07 00 07 00
y11: client 0: request 734 opcode 64 len 28 bytes: 40 00 07 00 8f 00 10 00 88 00 10 00 09 00 07 00 0a 00 07 00
y11: client 0: request 735 opcode 64 len 16 bytes: 40 00 04 00 8f 00 10 00 8a 00 10 00 0d 00 07 00
y11: client 0: request 736 opcode 64 len 16 bytes: 40 00 04 00 8f 00 10 00 88 00 10 00 0e 00 07 00
y11: client 0: request 737 opcode 64 len 20 bytes: 40 00 05 00 8f 00 10 00 8b 00 10 00 00 00 08 00 01 00 08 00
y11: client 0: request 738 opcode 64 len 24 bytes: 40 00 06 00 8f 00 10 00 88 00 10 00 02 00 08 00 03 00 08 00
y11: client 0: request 739 opcode 64 len 32 bytes: 40 00 08 00 8f 00 10 00 89 00 10 00 05 00 08 00 06 00 08 00
y11: client 0: request 740 opcode 64 len 24 bytes: 40 00 06 00 8f 00 10 00 88 00 10 00 0a 00 08 00 0b 00 08 00
y11: client 0: request 741 opcode 64 len 16 bytes: 40 00 04 00 8f 00 10 00 8a 00 10 00 0d 00 08 00
y11: client 0: request 742 opcode 64 len 16 bytes: 40 00 04 00 8f 00 10 00 88 00 10 00 0e 00 08 00
y11: client 0: request 743 opcode 64 len 20 bytes: 40 00 05 00 8f 00 10 00 8b 00 10 00 00 00 09 00 01 00 09 00
y11: client 0: request 744 opcode 64 len 20 bytes: 40 00 05 00 8f 00 10 00 88 00 10 00 02 00 09 00 03 00 09 00
y11: client 0: request 745 opcode 64 len 24 bytes: 40 00 06 00 8f 00 10 00 89 00 10 00 04 00 09 00 05 00 09 00
y11: client 0: request 746 opcode 64 len 16 bytes: 40 00 04 00 8f 00 10 00 88 00 10 00 07 00 09 00
y11: client 0: request 747 opcode 64 len 24 bytes: 40 00 06 00 8f 00 10 00 89 00 10 00 08 00 09 00 09 00 09 00
y11: client 0: request 748 opcode 64 len 20 bytes: 40 00 05 00 8f 00 10 00 88 00 10 00 0b 00 09 00 0c 00 09 00
y11: client 0: request 749 opcode 64 len 16 bytes: 40 00 04 00 8f 00 10 00 8a 00 10 00 0d 00 09 00
y11: client 0: request 750 opcode 64 len 16 bytes: 40 00 04 00 8f 00 10 00 88 00 10 00 0e 00 09 00
y11: client 0: request 751 opcode 64 len 20 bytes: 40 00 05 00 8f 00 10 00 8b 00 10 00 00 00 0a 00 01 00 0a 00
y11: client 0: request 752 opcode 64 len 16 bytes: 40 00 04 00 8f 00 10 00 88 00 10 00 02 00 0a 00
y11: client 0: request 753 opcode 64 len 24 bytes: 40 00 06 00 8f 00 10 00 89 00 10 00 03 00 0a 00 04 00 0a 00
y11: client 0: request 754 opcode 64 len 24 bytes: 40 00 06 00 8f 00 10 00 88 00 10 00 06 00 0a 00 07 00 0a 00
y11: client 0: request 755 opcode 64 len 24 bytes: 40 00 06 00 8f 00 10 00 89 00 10 00 09 00 0a 00 0a 00 0a 00
y11: client 0: request 756 opcode 64 len 16 bytes: 40 00 04 00 8f 00 10 00 88 00 10 00 0c 00 0a 00
y11: client 0: request 757 opcode 64 len 16 bytes: 40 00 04 00 8f 00 10 00 8a 00 10 00 0d 00 0a 00
y11: client 0: request 758 opcode 64 len 16 bytes: 40 00 04 00 8f 00 10 00 88 00 10 00 0e 00 0a 00
y11: client 0: request 759 opcode 64 len 20 bytes: 40 00 05 00 8f 00 10 00 8b 00 10 00 00 00 0b 00 01 00 0b 00
y11: client 0: request 760 opcode 64 len 16 bytes: 40 00 04 00 8f 00 10 00 88 00 10 00 02 00 0b 00
y11: client 0: request 761 opcode 64 len 20 bytes: 40 00 05 00 8f 00 10 00 89 00 10 00 03 00 0b 00 04 00 0b 00
y11: client 0: request 762 opcode 64 len 32 bytes: 40 00 08 00 8f 00 10 00 88 00 10 00 05 00 0b 00 06 00 0b 00
y11: client 0: request 763 opcode 64 len 20 bytes: 40 00 05 00 8f 00 10 00 89 00 10 00 0a 00 0b 00 0b 00 0b 00
y11: client 0: request 764 opcode 64 len 16 bytes: 40 00 04 00 8f 00 10 00 88 00 10 00 0c 00 0b 00
y11: client 0: request 765 opcode 64 len 16 bytes: 40 00 04 00 8f 00 10 00 8a 00 10 00 0d 00 0b 00
y11: client 0: request 766 opcode 64 len 16 bytes: 40 00 04 00 8f 00 10 00 88 00 10 00 0e 00 0b 00
y11: client 0: request 767 opcode 64 len 20 bytes: 40 00 05 00 8f 00 10 00 8b 00 10 00 00 00 0c 00 01 00 0c 00
y11: client 0: request 768 opcode 64 len 56 bytes: 40 00 0e 00 8f 00 10 00 88 00 10 00 02 00 0c 00 03 00 0c 00
y11: client 0: request 769 opcode 64 len 16 bytes: 40 00 04 00 8f 00 10 00 8a 00 10 00 0d 00 0c 00
y11: client 0: request 770 opcode 64 len 16 bytes: 40 00 04 00 8f 00 10 00 88 00 10 00 0e 00 0c 00
y11: client 0: request 771 opcode 64 len 16 bytes: 40 00 04 00 8f 00 10 00 8b 00 10 00 00 00 0d 00
y11: client 0: request 772 opcode 64 len 64 bytes: 40 00 10 00 8f 00 10 00 8a 00 10 00 01 00 0d 00 02 00 0d 00
y11: client 0: request 773 opcode 64 len 16 bytes: 40 00 04 00 8f 00 10 00 88 00 10 00 0e 00 0d 00
y11: client 0: request 774 opcode 64 len 16 bytes: 40 00 04 00 8f 00 10 00 8a 00 10 00 00 00 0e 00
y11: client 0: request 775 opcode 64 len 68 bytes: 40 00 11 00 8f 00 10 00 88 00 10 00 01 00 0e 00 02 00 0e 00
y11: client 0: request 776 opcode 53 len 16 bytes: 35 18 04 00 90 00 10 00 21 00 00 00 0f 00 0f 00
y11: client 0: request 777 opcode 64 len 68 bytes: 40 00 11 00 90 00 10 00 8b 00 10 00 00 00 00 00 01 00 00 00
y11: client 0: request 778 opcode 64 len 16 bytes: 40 00 04 00 90 00 10 00 8a 00 10 00 0e 00 00 00
y11: client 0: request 779 opcode 64 len 64 bytes: 40 00 10 00 90 00 10 00 8b 00 10 00 00 00 01 00 01 00 01 00
y11: client 0: request 780 opcode 64 len 16 bytes: 40 00 04 00 90 00 10 00 8a 00 10 00 0d 00 01 00
y11: client 0: request 781 opcode 64 len 16 bytes: 40 00 04 00 90 00 10 00 88 00 10 00 0e 00 01 00
y11: client 0: request 782 opcode 64 len 20 bytes: 40 00 05 00 90 00 10 00 8b 00 10 00 00 00 02 00 01 00 02 00
y11: client 0: request 783 opcode 64 len 56 bytes: 40 00 0e 00 90 00 10 00 88 00 10 00 02 00 02 00 03 00 02 00
y11: client 0: request 784 opcode 64 len 16 bytes: 40 00 04 00 90 00 10 00 8a 00 10 00 0d 00 02 00
y11: client 0: request 785 opcode 64 len 16 bytes: 40 00 04 00 90 00 10 00 88 00 10 00 0e 00 02 00
y11: client 0: request 786 opcode 64 len 20 bytes: 40 00 05 00 90 00 10 00 8b 00 10 00 00 00 03 00 01 00 03 00
y11: client 0: request 787 opcode 64 len 56 bytes: 40 00 0e 00 90 00 10 00 88 00 10 00 02 00 03 00 03 00 03 00
y11: client 0: request 788 opcode 64 len 16 bytes: 40 00 04 00 90 00 10 00 8a 00 10 00 0d 00 03 00
y11: client 0: request 789 opcode 64 len 16 bytes: 40 00 04 00 90 00 10 00 88 00 10 00 0e 00 03 00
y11: client 0: request 790 opcode 64 len 20 bytes: 40 00 05 00 90 00 10 00 8b 00 10 00 00 00 04 00 01 00 04 00
y11: client 0: request 791 opcode 64 len 56 bytes: 40 00 0e 00 90 00 10 00 88 00 10 00 02 00 04 00 03 00 04 00
y11: client 0: request 792 opcode 64 len 16 bytes: 40 00 04 00 90 00 10 00 8a 00 10 00 0d 00 04 00
y11: client 0: request 793 opcode 64 len 16 bytes: 40 00 04 00 90 00 10 00 88 00 10 00 0e 00 04 00
y11: client 0: request 794 opcode 64 len 20 bytes: 40 00 05 00 90 00 10 00 8b 00 10 00 00 00 05 00 01 00 05 00
y11: client 0: request 795 opcode 64 len 56 bytes: 40 00 0e 00 90 00 10 00 88 00 10 00 02 00 05 00 03 00 05 00
y11: client 0: request 796 opcode 64 len 16 bytes: 40 00 04 00 90 00 10 00 8a 00 10 00 0d 00 05 00
y11: client 0: request 797 opcode 64 len 16 bytes: 40 00 04 00 90 00 10 00 88 00 10 00 0e 00 05 00
y11: client 0: request 798 opcode 64 len 20 bytes: 40 00 05 00 90 00 10 00 8b 00 10 00 00 00 06 00 01 00 06 00
y11: client 0: request 799 opcode 64 len 56 bytes: 40 00 0e 00 90 00 10 00 88 00 10 00 02 00 06 00 03 00 06 00
y11: client 0: request 800 opcode 64 len 16 bytes: 40 00 04 00 90 00 10 00 8a 00 10 00 0d 00 06 00
y11: client 0: request 801 opcode 64 len 16 bytes: 40 00 04 00 90 00 10 00 88 00 10 00 0e 00 06 00
y11: client 0: request 802 opcode 64 len 20 bytes: 40 00 05 00 90 00 10 00 8b 00 10 00 00 00 07 00 01 00 07 00
y11: client 0: request 803 opcode 64 len 56 bytes: 40 00 0e 00 90 00 10 00 88 00 10 00 02 00 07 00 03 00 07 00
y11: client 0: request 804 opcode 64 len 16 bytes: 40 00 04 00 90 00 10 00 8a 00 10 00 0d 00 07 00
y11: client 0: request 805 opcode 64 len 16 bytes: 40 00 04 00 90 00 10 00 88 00 10 00 0e 00 07 00
y11: client 0: request 806 opcode 64 len 20 bytes: 40 00 05 00 90 00 10 00 8b 00 10 00 00 00 08 00 01 00 08 00
y11: client 0: request 807 opcode 64 len 56 bytes: 40 00 0e 00 90 00 10 00 88 00 10 00 02 00 08 00 03 00 08 00
y11: client 0: request 808 opcode 64 len 16 bytes: 40 00 04 00 90 00 10 00 8a 00 10 00 0d 00 08 00
y11: client 0: request 809 opcode 64 len 16 bytes: 40 00 04 00 90 00 10 00 88 00 10 00 0e 00 08 00
y11: client 0: request 810 opcode 64 len 20 bytes: 40 00 05 00 90 00 10 00 8b 00 10 00 00 00 09 00 01 00 09 00
y11: client 0: request 811 opcode 64 len 56 bytes: 40 00 0e 00 90 00 10 00 88 00 10 00 02 00 09 00 03 00 09 00
y11: client 0: request 812 opcode 64 len 16 bytes: 40 00 04 00 90 00 10 00 8a 00 10 00 0d 00 09 00
y11: client 0: request 813 opcode 64 len 16 bytes: 40 00 04 00 90 00 10 00 88 00 10 00 0e 00 09 00
y11: client 0: request 814 opcode 64 len 20 bytes: 40 00 05 00 90 00 10 00 8b 00 10 00 00 00 0a 00 01 00 0a 00
y11: client 0: request 815 opcode 64 len 56 bytes: 40 00 0e 00 90 00 10 00 88 00 10 00 02 00 0a 00 03 00 0a 00
y11: client 0: request 816 opcode 64 len 16 bytes: 40 00 04 00 90 00 10 00 8a 00 10 00 0d 00 0a 00
y11: client 0: request 817 opcode 64 len 16 bytes: 40 00 04 00 90 00 10 00 88 00 10 00 0e 00 0a 00
y11: client 0: request 818 opcode 64 len 20 bytes: 40 00 05 00 90 00 10 00 8b 00 10 00 00 00 0b 00 01 00 0b 00
y11: client 0: request 819 opcode 64 len 56 bytes: 40 00 0e 00 90 00 10 00 88 00 10 00 02 00 0b 00 03 00 0b 00
y11: client 0: request 820 opcode 64 len 16 bytes: 40 00 04 00 90 00 10 00 8a 00 10 00 0d 00 0b 00
y11: client 0: request 821 opcode 64 len 16 bytes: 40 00 04 00 90 00 10 00 88 00 10 00 0e 00 0b 00
y11: client 0: request 822 opcode 64 len 20 bytes: 40 00 05 00 90 00 10 00 8b 00 10 00 00 00 0c 00 01 00 0c 00
y11: client 0: request 823 opcode 64 len 56 bytes: 40 00 0e 00 90 00 10 00 88 00 10 00 02 00 0c 00 03 00 0c 00
y11: client 0: request 824 opcode 64 len 16 bytes: 40 00 04 00 90 00 10 00 8a 00 10 00 0d 00 0c 00
y11: client 0: request 825 opcode 64 len 16 bytes: 40 00 04 00 90 00 10 00 88 00 10 00 0e 00 0c 00
y11: client 0: request 826 opcode 64 len 16 bytes: 40 00 04 00 90 00 10 00 8b 00 10 00 00 00 0d 00
y11: client 0: request 827 opcode 64 len 64 bytes: 40 00 10 00 90 00 10 00 8a 00 10 00 01 00 0d 00 02 00 0d 00
y11: client 0: request 828 opcode 64 len 16 bytes: 40 00 04 00 90 00 10 00 88 00 10 00 0e 00 0d 00
y11: client 0: request 829 opcode 64 len 16 bytes: 40 00 04 00 90 00 10 00 8a 00 10 00 00 00 0e 00
y11: client 0: request 830 opcode 64 len 68 bytes: 40 00 11 00 90 00 10 00 88 00 10 00 01 00 0e 00 02 00 0e 00
y11: client 0: request 831 opcode 53 len 16 bytes: 35 18 04 00 91 00 10 00 21 00 00 00 0f 00 0f 00
y11: client 0: request 832 opcode 64 len 68 bytes: 40 00 11 00 91 00 10 00 8b 00 10 00 00 00 00 00 01 00 00 00
y11: client 0: request 833 opcode 64 len 16 bytes: 40 00 04 00 91 00 10 00 8a 00 10 00 0e 00 00 00
y11: client 0: request 834 opcode 64 len 64 bytes: 40 00 10 00 91 00 10 00 8b 00 10 00 00 00 01 00 01 00 01 00
y11: client 0: request 835 opcode 64 len 16 bytes: 40 00 04 00 91 00 10 00 8a 00 10 00 0d 00 01 00
y11: client 0: request 836 opcode 64 len 16 bytes: 40 00 04 00 91 00 10 00 88 00 10 00 0e 00 01 00
y11: client 0: request 837 opcode 64 len 20 bytes: 40 00 05 00 91 00 10 00 8b 00 10 00 00 00 02 00 01 00 02 00
y11: client 0: request 838 opcode 64 len 56 bytes: 40 00 0e 00 91 00 10 00 88 00 10 00 02 00 02 00 03 00 02 00
y11: client 0: request 839 opcode 64 len 16 bytes: 40 00 04 00 91 00 10 00 8a 00 10 00 0d 00 02 00
y11: client 0: request 840 opcode 64 len 16 bytes: 40 00 04 00 91 00 10 00 88 00 10 00 0e 00 02 00
y11: client 0: request 841 opcode 64 len 20 bytes: 40 00 05 00 91 00 10 00 8b 00 10 00 00 00 03 00 01 00 03 00
y11: client 0: request 842 opcode 64 len 16 bytes: 40 00 04 00 91 00 10 00 88 00 10 00 02 00 03 00
y11: client 0: request 843 opcode 64 len 16 bytes: 40 00 04 00 91 00 10 00 89 00 10 00 03 00 03 00
y11: client 0: request 844 opcode 64 len 16 bytes: 40 00 04 00 91 00 10 00 88 00 10 00 04 00 03 00
y11: client 0: request 845 opcode 64 len 16 bytes: 40 00 04 00 91 00 10 00 89 00 10 00 05 00 03 00
y11: client 0: request 846 opcode 64 len 16 bytes: 40 00 04 00 91 00 10 00 88 00 10 00 06 00 03 00
y11: client 0: request 847 opcode 64 len 16 bytes: 40 00 04 00 91 00 10 00 89 00 10 00 07 00 03 00
y11: client 0: request 848 opcode 64 len 16 bytes: 40 00 04 00 91 00 10 00 88 00 10 00 08 00 03 00
y11: client 0: request 849 opcode 64 len 16 bytes: 40 00 04 00 91 00 10 00 89 00 10 00 09 00 03 00
y11: client 0: request 850 opcode 64 len 16 bytes: 40 00 04 00 91 00 10 00 88 00 10 00 0a 00 03 00
y11: client 0: request 851 opcode 64 len 16 bytes: 40 00 04 00 91 00 10 00 89 00 10 00 0b 00 03 00
y11: client 0: request 852 opcode 64 len 16 bytes: 40 00 04 00 91 00 10 00 88 00 10 00 0c 00 03 00
y11: client 0: request 853 opcode 64 len 16 bytes: 40 00 04 00 91 00 10 00 8a 00 10 00 0d 00 03 00
y11: client 0: request 854 opcode 64 len 16 bytes: 40 00 04 00 91 00 10 00 88 00 10 00 0e 00 03 00
y11: client 0: request 855 opcode 64 len 20 bytes: 40 00 05 00 91 00 10 00 8b 00 10 00 00 00 04 00 01 00 04 00
y11: client 0: request 856 opcode 64 len 20 bytes: 40 00 05 00 91 00 10 00 88 00 10 00 02 00 04 00 03 00 04 00
y11: client 0: request 857 opcode 64 len 16 bytes: 40 00 04 00 91 00 10 00 89 00 10 00 04 00 04 00
y11: client 0: request 858 opcode 64 len 16 bytes: 40 00 04 00 91 00 10 00 88 00 10 00 05 00 04 00
y11: client 0: request 859 opcode 64 len 16 bytes: 40 00 04 00 91 00 10 00 89 00 10 00 06 00 04 00
y11: client 0: request 860 opcode 64 len 16 bytes: 40 00 04 00 91 00 10 00 88 00 10 00 07 00 04 00
y11: client 0: request 861 opcode 64 len 16 bytes: 40 00 04 00 91 00 10 00 89 00 10 00 08 00 04 00
y11: client 0: request 862 opcode 64 len 16 bytes: 40 00 04 00 91 00 10 00 88 00 10 00 09 00 04 00
y11: client 0: request 863 opcode 64 len 16 bytes: 40 00 04 00 91 00 10 00 89 00 10 00 0a 00 04 00
y11: client 0: request 864 opcode 64 len 20 bytes: 40 00 05 00 91 00 10 00 88 00 10 00 0b 00 04 00 0c 00 04 00
y11: client 0: request 865 opcode 64 len 16 bytes: 40 00 04 00 91 00 10 00 8a 00 10 00 0d 00 04 00
y11: client 0: request 866 opcode 64 len 16 bytes: 40 00 04 00 91 00 10 00 88 00 10 00 0e 00 04 00
y11: client 0: request 867 opcode 64 len 20 bytes: 40 00 05 00 91 00 10 00 8b 00 10 00 00 00 05 00 01 00 05 00
y11: client 0: request 868 opcode 64 len 16 bytes: 40 00 04 00 91 00 10 00 88 00 10 00 02 00 05 00
y11: client 0: request 869 opcode 64 len 16 bytes: 40 00 04 00 91 00 10 00 89 00 10 00 03 00 05 00
y11: client 0: request 870 opcode 64 len 16 bytes: 40 00 04 00 91 00 10 00 88 00 10 00 04 00 05 00
y11: client 0: request 871 opcode 64 len 16 bytes: 40 00 04 00 91 00 10 00 89 00 10 00 05 00 05 00
y11: client 0: request 872 opcode 64 len 16 bytes: 40 00 04 00 91 00 10 00 88 00 10 00 06 00 05 00
y11: client 0: request 873 opcode 64 len 16 bytes: 40 00 04 00 91 00 10 00 89 00 10 00 07 00 05 00
y11: client 0: request 874 opcode 64 len 16 bytes: 40 00 04 00 91 00 10 00 88 00 10 00 08 00 05 00
y11: client 0: request 875 opcode 64 len 16 bytes: 40 00 04 00 91 00 10 00 89 00 10 00 09 00 05 00
y11: client 0: request 876 opcode 64 len 16 bytes: 40 00 04 00 91 00 10 00 88 00 10 00 0a 00 05 00
y11: client 0: request 877 opcode 64 len 16 bytes: 40 00 04 00 91 00 10 00 89 00 10 00 0b 00 05 00
y11: client 0: request 878 opcode 64 len 16 bytes: 40 00 04 00 91 00 10 00 88 00 10 00 0c 00 05 00
y11: client 0: request 879 opcode 64 len 16 bytes: 40 00 04 00 91 00 10 00 8a 00 10 00 0d 00 05 00
y11: client 0: request 880 opcode 64 len 16 bytes: 40 00 04 00 91 00 10 00 88 00 10 00 0e 00 05 00
y11: client 0: request 881 opcode 64 len 20 bytes: 40 00 05 00 91 00 10 00 8b 00 10 00 00 00 06 00 01 00 06 00
y11: client 0: request 882 opcode 64 len 20 bytes: 40 00 05 00 91 00 10 00 88 00 10 00 02 00 06 00 03 00 06 00
y11: client 0: request 883 opcode 64 len 16 bytes: 40 00 04 00 91 00 10 00 89 00 10 00 04 00 06 00
y11: client 0: request 884 opcode 64 len 16 bytes: 40 00 04 00 91 00 10 00 88 00 10 00 05 00 06 00
y11: client 0: request 885 opcode 64 len 16 bytes: 40 00 04 00 91 00 10 00 89 00 10 00 06 00 06 00
y11: client 0: request 886 opcode 64 len 16 bytes: 40 00 04 00 91 00 10 00 88 00 10 00 07 00 06 00
y11: client 0: request 887 opcode 64 len 16 bytes: 40 00 04 00 91 00 10 00 89 00 10 00 08 00 06 00
y11: client 0: request 888 opcode 64 len 16 bytes: 40 00 04 00 91 00 10 00 88 00 10 00 09 00 06 00
y11: client 0: request 889 opcode 64 len 16 bytes: 40 00 04 00 91 00 10 00 89 00 10 00 0a 00 06 00
y11: client 0: request 890 opcode 64 len 20 bytes: 40 00 05 00 91 00 10 00 88 00 10 00 0b 00 06 00 0c 00 06 00
y11: client 0: request 891 opcode 64 len 16 bytes: 40 00 04 00 91 00 10 00 8a 00 10 00 0d 00 06 00
y11: client 0: request 892 opcode 64 len 16 bytes: 40 00 04 00 91 00 10 00 88 00 10 00 0e 00 06 00
y11: client 0: request 893 opcode 64 len 20 bytes: 40 00 05 00 91 00 10 00 8b 00 10 00 00 00 07 00 01 00 07 00
y11: client 0: request 894 opcode 64 len 16 bytes: 40 00 04 00 91 00 10 00 88 00 10 00 02 00 07 00
y11: client 0: request 895 opcode 64 len 16 bytes: 40 00 04 00 91 00 10 00 89 00 10 00 03 00 07 00
y11: client 0: request 896 opcode 64 len 16 bytes: 40 00 04 00 91 00 10 00 88 00 10 00 04 00 07 00
y11: client 0: request 897 opcode 64 len 16 bytes: 40 00 04 00 91 00 10 00 89 00 10 00 05 00 07 00
y11: client 0: request 898 opcode 64 len 16 bytes: 40 00 04 00 91 00 10 00 88 00 10 00 06 00 07 00
y11: client 0: request 899 opcode 64 len 16 bytes: 40 00 04 00 91 00 10 00 89 00 10 00 07 00 07 00
y11: client 0: request 900 opcode 64 len 16 bytes: 40 00 04 00 91 00 10 00 88 00 10 00 08 00 07 00
y11: client 0: request 901 opcode 64 len 16 bytes: 40 00 04 00 91 00 10 00 89 00 10 00 09 00 07 00
y11: client 0: request 902 opcode 64 len 16 bytes: 40 00 04 00 91 00 10 00 88 00 10 00 0a 00 07 00
y11: client 0: request 903 opcode 64 len 16 bytes: 40 00 04 00 91 00 10 00 89 00 10 00 0b 00 07 00
y11: client 0: request 904 opcode 64 len 16 bytes: 40 00 04 00 91 00 10 00 88 00 10 00 0c 00 07 00
y11: client 0: request 905 opcode 64 len 16 bytes: 40 00 04 00 91 00 10 00 8a 00 10 00 0d 00 07 00
y11: client 0: request 906 opcode 64 len 16 bytes: 40 00 04 00 91 00 10 00 88 00 10 00 0e 00 07 00
y11: client 0: request 907 opcode 64 len 20 bytes: 40 00 05 00 91 00 10 00 8b 00 10 00 00 00 08 00 01 00 08 00
y11: client 0: request 908 opcode 64 len 20 bytes: 40 00 05 00 91 00 10 00 88 00 10 00 02 00 08 00 03 00 08 00
y11: client 0: request 909 opcode 64 len 16 bytes: 40 00 04 00 91 00 10 00 89 00 10 00 04 00 08 00
y11: client 0: request 910 opcode 64 len 16 bytes: 40 00 04 00 91 00 10 00 88 00 10 00 05 00 08 00
y11: client 0: request 911 opcode 64 len 16 bytes: 40 00 04 00 91 00 10 00 89 00 10 00 06 00 08 00
y11: client 0: request 912 opcode 64 len 16 bytes: 40 00 04 00 91 00 10 00 88 00 10 00 07 00 08 00
y11: client 0: request 913 opcode 64 len 16 bytes: 40 00 04 00 91 00 10 00 89 00 10 00 08 00 08 00
y11: client 0: request 914 opcode 64 len 16 bytes: 40 00 04 00 91 00 10 00 88 00 10 00 09 00 08 00
y11: client 0: request 915 opcode 64 len 16 bytes: 40 00 04 00 91 00 10 00 89 00 10 00 0a 00 08 00
y11: client 0: request 916 opcode 64 len 20 bytes: 40 00 05 00 91 00 10 00 88 00 10 00 0b 00 08 00 0c 00 08 00
y11: client 0: request 917 opcode 64 len 16 bytes: 40 00 04 00 91 00 10 00 8a 00 10 00 0d 00 08 00
y11: client 0: request 918 opcode 64 len 16 bytes: 40 00 04 00 91 00 10 00 88 00 10 00 0e 00 08 00
y11: client 0: request 919 opcode 64 len 20 bytes: 40 00 05 00 91 00 10 00 8b 00 10 00 00 00 09 00 01 00 09 00
y11: client 0: request 920 opcode 64 len 16 bytes: 40 00 04 00 91 00 10 00 88 00 10 00 02 00 09 00
y11: client 0: request 921 opcode 64 len 16 bytes: 40 00 04 00 91 00 10 00 89 00 10 00 03 00 09 00
y11: client 0: request 922 opcode 64 len 16 bytes: 40 00 04 00 91 00 10 00 88 00 10 00 04 00 09 00
y11: client 0: request 923 opcode 64 len 16 bytes: 40 00 04 00 91 00 10 00 89 00 10 00 05 00 09 00
y11: client 0: request 924 opcode 64 len 16 bytes: 40 00 04 00 91 00 10 00 88 00 10 00 06 00 09 00
y11: client 0: request 925 opcode 64 len 16 bytes: 40 00 04 00 91 00 10 00 89 00 10 00 07 00 09 00
y11: client 0: request 926 opcode 64 len 16 bytes: 40 00 04 00 91 00 10 00 88 00 10 00 08 00 09 00
y11: client 0: request 927 opcode 64 len 16 bytes: 40 00 04 00 91 00 10 00 89 00 10 00 09 00 09 00
y11: client 0: request 928 opcode 64 len 16 bytes: 40 00 04 00 91 00 10 00 88 00 10 00 0a 00 09 00
y11: client 0: request 929 opcode 64 len 16 bytes: 40 00 04 00 91 00 10 00 89 00 10 00 0b 00 09 00
y11: client 0: request 930 opcode 64 len 16 bytes: 40 00 04 00 91 00 10 00 88 00 10 00 0c 00 09 00
y11: client 0: request 931 opcode 64 len 16 bytes: 40 00 04 00 91 00 10 00 8a 00 10 00 0d 00 09 00
y11: client 0: request 932 opcode 64 len 16 bytes: 40 00 04 00 91 00 10 00 88 00 10 00 0e 00 09 00
y11: client 0: request 933 opcode 64 len 20 bytes: 40 00 05 00 91 00 10 00 8b 00 10 00 00 00 0a 00 01 00 0a 00
y11: client 0: request 934 opcode 64 len 20 bytes: 40 00 05 00 91 00 10 00 88 00 10 00 02 00 0a 00 03 00 0a 00
y11: client 0: request 935 opcode 64 len 16 bytes: 40 00 04 00 91 00 10 00 89 00 10 00 04 00 0a 00
y11: client 0: request 936 opcode 64 len 16 bytes: 40 00 04 00 91 00 10 00 88 00 10 00 05 00 0a 00
y11: client 0: request 937 opcode 64 len 16 bytes: 40 00 04 00 91 00 10 00 89 00 10 00 06 00 0a 00
y11: client 0: request 938 opcode 64 len 16 bytes: 40 00 04 00 91 00 10 00 88 00 10 00 07 00 0a 00
y11: client 0: request 939 opcode 64 len 16 bytes: 40 00 04 00 91 00 10 00 89 00 10 00 08 00 0a 00
y11: client 0: request 940 opcode 64 len 16 bytes: 40 00 04 00 91 00 10 00 88 00 10 00 09 00 0a 00
y11: client 0: request 941 opcode 64 len 16 bytes: 40 00 04 00 91 00 10 00 89 00 10 00 0a 00 0a 00
y11: client 0: request 942 opcode 64 len 20 bytes: 40 00 05 00 91 00 10 00 88 00 10 00 0b 00 0a 00 0c 00 0a 00
y11: client 0: request 943 opcode 64 len 16 bytes: 40 00 04 00 91 00 10 00 8a 00 10 00 0d 00 0a 00
y11: client 0: request 944 opcode 64 len 16 bytes: 40 00 04 00 91 00 10 00 88 00 10 00 0e 00 0a 00
y11: client 0: request 945 opcode 64 len 20 bytes: 40 00 05 00 91 00 10 00 8b 00 10 00 00 00 0b 00 01 00 0b 00
y11: client 0: request 946 opcode 64 len 16 bytes: 40 00 04 00 91 00 10 00 88 00 10 00 02 00 0b 00
y11: client 0: request 947 opcode 64 len 16 bytes: 40 00 04 00 91 00 10 00 89 00 10 00 03 00 0b 00
y11: client 0: request 948 opcode 64 len 16 bytes: 40 00 04 00 91 00 10 00 88 00 10 00 04 00 0b 00
y11: client 0: request 949 opcode 64 len 16 bytes: 40 00 04 00 91 00 10 00 89 00 10 00 05 00 0b 00
y11: client 0: request 950 opcode 64 len 16 bytes: 40 00 04 00 91 00 10 00 88 00 10 00 06 00 0b 00
y11: client 0: request 951 opcode 64 len 16 bytes: 40 00 04 00 91 00 10 00 89 00 10 00 07 00 0b 00
y11: client 0: request 952 opcode 64 len 16 bytes: 40 00 04 00 91 00 10 00 88 00 10 00 08 00 0b 00
y11: client 0: request 953 opcode 64 len 16 bytes: 40 00 04 00 91 00 10 00 89 00 10 00 09 00 0b 00
y11: client 0: request 954 opcode 64 len 16 bytes: 40 00 04 00 91 00 10 00 88 00 10 00 0a 00 0b 00
y11: client 0: request 955 opcode 64 len 16 bytes: 40 00 04 00 91 00 10 00 89 00 10 00 0b 00 0b 00
y11: client 0: request 956 opcode 64 len 16 bytes: 40 00 04 00 91 00 10 00 88 00 10 00 0c 00 0b 00
y11: client 0: request 957 opcode 64 len 16 bytes: 40 00 04 00 91 00 10 00 8a 00 10 00 0d 00 0b 00
y11: client 0: request 958 opcode 64 len 16 bytes: 40 00 04 00 91 00 10 00 88 00 10 00 0e 00 0b 00
y11: client 0: request 959 opcode 64 len 20 bytes: 40 00 05 00 91 00 10 00 8b 00 10 00 00 00 0c 00 01 00 0c 00
y11: client 0: request 960 opcode 64 len 56 bytes: 40 00 0e 00 91 00 10 00 88 00 10 00 02 00 0c 00 03 00 0c 00
y11: client 0: request 961 opcode 64 len 16 bytes: 40 00 04 00 91 00 10 00 8a 00 10 00 0d 00 0c 00
y11: client 0: request 962 opcode 64 len 16 bytes: 40 00 04 00 91 00 10 00 88 00 10 00 0e 00 0c 00
y11: client 0: request 963 opcode 64 len 16 bytes: 40 00 04 00 91 00 10 00 8b 00 10 00 00 00 0d 00
y11: client 0: request 964 opcode 64 len 64 bytes: 40 00 10 00 91 00 10 00 8a 00 10 00 01 00 0d 00 02 00 0d 00
y11: client 0: request 965 opcode 64 len 16 bytes: 40 00 04 00 91 00 10 00 88 00 10 00 0e 00 0d 00
y11: client 0: request 966 opcode 64 len 16 bytes: 40 00 04 00 91 00 10 00 8a 00 10 00 00 00 0e 00
y11: client 0: request 967 opcode 64 len 68 bytes: 40 00 11 00 91 00 10 00 88 00 10 00 01 00 0e 00 02 00 0e 00
y11: client 0: request 968 opcode 53 len 16 bytes: 35 18 04 00 92 00 10 00 21 00 00 00 12 00 0a 00
y11: client 0: request 969 opcode 64 len 100 bytes: 40 00 19 00 92 00 10 00 8a 00 10 00 00 00 00 00 01 00 00 00
y11: client 0: request 970 opcode 64 len 20 bytes: 40 00 05 00 92 00 10 00 89 00 10 00 04 00 01 00 05 00 01 00
y11: client 0: request 971 opcode 64 len 28 bytes: 40 00 07 00 92 00 10 00 8a 00 10 00 06 00 01 00 07 00 01 00
y11: client 0: request 972 opcode 64 len 28 bytes: 40 00 07 00 92 00 10 00 89 00 10 00 0a 00 01 00 0b 00 01 00
y11: client 0: request 973 opcode 64 len 16 bytes: 40 00 04 00 92 00 10 00 88 00 10 00 0e 00 01 00
y11: client 0: request 974 opcode 64 len 36 bytes: 40 00 09 00 92 00 10 00 8a 00 10 00 0f 00 01 00 10 00 01 00
y11: client 0: request 975 opcode 64 len 16 bytes: 40 00 04 00 92 00 10 00 89 00 10 00 03 00 02 00
y11: client 0: request 976 opcode 64 len 16 bytes: 40 00 04 00 92 00 10 00 8a 00 10 00 04 00 02 00
y11: client 0: request 977 opcode 64 len 16 bytes: 40 00 04 00 92 00 10 00 8b 00 10 00 05 00 02 00
y11: client 0: request 978 opcode 64 len 28 bytes: 40 00 07 00 92 00 10 00 8a 00 10 00 06 00 02 00 07 00 02 00
y11: client 0: request 979 opcode 64 len 16 bytes: 40 00 04 00 92 00 10 00 89 00 10 00 0a 00 02 00
y11: client 0: request 980 opcode 64 len 24 bytes: 40 00 06 00 92 00 10 00 8a 00 10 00 0b 00 02 00 0c 00 02 00
y11: client 0: request 981 opcode 64 len 16 bytes: 40 00 04 00 92 00 10 00 88 00 10 00 0e 00 02 00
y11: client 0: request 982 opcode 64 len 32 bytes: 40 00 08 00 92 00 10 00 8a 00 10 00 0f 00 02 00 10 00 02 00
y11: client 0: request 983 opcode 64 len 16 bytes: 40 00 04 00 92 00 10 00 89 00 10 00 02 00 03 00
y11: client 0: request 984 opcode 64 len 20 bytes: 40 00 05 00 92 00 10 00 8a 00 10 00 03 00 03 00 04 00 03 00
y11: client 0: request 985 opcode 64 len 16 bytes: 40 00 04 00 92 00 10 00 8b 00 10 00 05 00 03 00
y11: client 0: request 986 opcode 64 len 32 bytes: 40 00 08 00 92 00 10 00 89 00 10 00 06 00 03 00 07 00 03 00
y11: client 0: request 987 opcode 64 len 24 bytes: 40 00 06 00 92 00 10 00 8a 00 10 00 0b 00 03 00 0c 00 03 00
y11: client 0: request 988 opcode 64 len 16 bytes: 40 00 04 00 92 00 10 00 88 00 10 00 0e 00 03 00
y11: client 0: request 989 opcode 64 len 28 bytes: 40 00 07 00 92 00 10 00 8a 00 10 00 0f 00 03 00 10 00 03 00
y11: client 0: request 990 opcode 64 len 16 bytes: 40 00 04 00 92 00 10 00 89 00 10 00 01 00 04 00
y11: client 0: request 991 opcode 64 len 60 bytes: 40 00 0f 00 92 00 10 00 8a 00 10 00 02 00 04 00 03 00 04 00
y11: client 0: request 992 opcode 64 len 16 bytes: 40 00 04 00 92 00 10 00 88 00 10 00 0e 00 04 00
y11: client 0: request 993 opcode 64 len 24 bytes: 40 00 06 00 92 00 10 00 8a 00 10 00 0f 00 04 00 10 00 04 00
y11: client 0: request 994 opcode 64 len 16 bytes: 40 00 04 00 92 00 10 00 89 00 10 00 00 00 05 00
y11: client 0: request 995 opcode 64 len 64 bytes: 40 00 10 00 92 00 10 00 8a 00 10 00 01 00 05 00 02 00 05 00
y11: client 0: request 996 opcode 64 len 16 bytes: 40 00 04 00 92 00 10 00 88 00 10 00 0e 00 05 00
y11: client 0: request 997 opcode 64 len 28 bytes: 40 00 07 00 92 00 10 00 8a 00 10 00 0f 00 05 00 10 00 05 00
y11: client 0: request 998 opcode 64 len 16 bytes: 40 00 04 00 92 00 10 00 89 00 10 00 01 00 06 00
y11: client 0: request 999 opcode 64 len 60 bytes: 40 00 0f 00 92 00 10 00 8a 00 10 00 02 00 06 00 03 00 06 00
y11: client 0: request 1000 opcode 64 len 16 bytes: 40 00 04 00 92 00 10 00 88 00 10 00 0e 00 06 00
y11: client 0: request 1001 opcode 64 len 32 bytes: 40 00 08 00 92 00 10 00 8a 00 10 00 0f 00 06 00 10 00 06 00
y11: client 0: request 1002 opcode 64 len 16 bytes: 40 00 04 00 92 00 10 00 89 00 10 00 02 00 07 00
y11: client 0: request 1003 opcode 64 len 20 bytes: 40 00 05 00 92 00 10 00 8a 00 10 00 03 00 07 00 04 00 07 00
y11: client 0: request 1004 opcode 64 len 52 bytes: 40 00 0d 00 92 00 10 00 88 00 10 00 05 00 07 00 06 00 07 00
y11: client 0: request 1005 opcode 64 len 36 bytes: 40 00 09 00 92 00 10 00 8a 00 10 00 0f 00 07 00 10 00 07 00
y11: client 0: request 1006 opcode 64 len 16 bytes: 40 00 04 00 92 00 10 00 89 00 10 00 03 00 08 00
y11: client 0: request 1007 opcode 64 len 16 bytes: 40 00 04 00 92 00 10 00 8a 00 10 00 04 00 08 00
y11: client 0: request 1008 opcode 64 len 16 bytes: 40 00 04 00 92 00 10 00 88 00 10 00 05 00 08 00
y11: client 0: request 1009 opcode 64 len 76 bytes: 40 00 13 00 92 00 10 00 8a 00 10 00 06 00 08 00 07 00 08 00
y11: client 0: request 1010 opcode 64 len 16 bytes: 40 00 04 00 92 00 10 00 89 00 10 00 04 00 09 00
y11: client 0: request 1011 opcode 64 len 16 bytes: 40 00 04 00 92 00 10 00 88 00 10 00 05 00 09 00
y11: client 0: request 1012 opcode 64 len 60 bytes: 40 00 0f 00 92 00 10 00 8a 00 10 00 06 00 09 00 07 00 09 00
y11: client 0: request 1013 opcode 53 len 16 bytes: 35 18 04 00 93 00 10 00 21 00 00 00 12 00 0a 00
y11: client 0: request 1014 opcode 64 len 100 bytes: 40 00 19 00 93 00 10 00 88 00 10 00 00 00 00 00 01 00 00 00
y11: client 0: request 1015 opcode 64 len 20 bytes: 40 00 05 00 93 00 10 00 89 00 10 00 04 00 01 00 05 00 01 00
y11: client 0: request 1016 opcode 64 len 28 bytes: 40 00 07 00 93 00 10 00 88 00 10 00 06 00 01 00 07 00 01 00
y11: client 0: request 1017 opcode 64 len 28 bytes: 40 00 07 00 93 00 10 00 89 00 10 00 0a 00 01 00 0b 00 01 00
y11: client 0: request 1018 opcode 64 len 16 bytes: 40 00 04 00 93 00 10 00 8a 00 10 00 0e 00 01 00
y11: client 0: request 1019 opcode 64 len 36 bytes: 40 00 09 00 93 00 10 00 88 00 10 00 0f 00 01 00 10 00 01 00
y11: client 0: request 1020 opcode 64 len 16 bytes: 40 00 04 00 93 00 10 00 89 00 10 00 03 00 02 00
y11: client 0: request 1021 opcode 64 len 16 bytes: 40 00 04 00 93 00 10 00 88 00 10 00 04 00 02 00
y11: client 0: request 1022 opcode 64 len 16 bytes: 40 00 04 00 93 00 10 00 8b 00 10 00 05 00 02 00
y11: client 0: request 1023 opcode 64 len 28 bytes: 40 00 07 00 93 00 10 00 88 00 10 00 06 00 02 00 07 00 02 00
y11: client 0: request 1024 opcode 64 len 16 bytes: 40 00 04 00 93 00 10 00 89 00 10 00 0a 00 02 00
y11: client 0: request 1025 opcode 64 len 24 bytes: 40 00 06 00 93 00 10 00 88 00 10 00 0b 00 02 00 0c 00 02 00
y11: client 0: request 1026 opcode 64 len 16 bytes: 40 00 04 00 93 00 10 00 8a 00 10 00 0e 00 02 00
y11: client 0: request 1027 opcode 64 len 32 bytes: 40 00 08 00 93 00 10 00 88 00 10 00 0f 00 02 00 10 00 02 00
y11: client 0: request 1028 opcode 64 len 16 bytes: 40 00 04 00 93 00 10 00 89 00 10 00 02 00 03 00
y11: client 0: request 1029 opcode 64 len 20 bytes: 40 00 05 00 93 00 10 00 88 00 10 00 03 00 03 00 04 00 03 00
y11: client 0: request 1030 opcode 64 len 16 bytes: 40 00 04 00 93 00 10 00 8b 00 10 00 05 00 03 00
y11: client 0: request 1031 opcode 64 len 32 bytes: 40 00 08 00 93 00 10 00 89 00 10 00 06 00 03 00 07 00 03 00
y11: client 0: request 1032 opcode 64 len 24 bytes: 40 00 06 00 93 00 10 00 88 00 10 00 0b 00 03 00 0c 00 03 00
y11: client 0: request 1033 opcode 64 len 16 bytes: 40 00 04 00 93 00 10 00 8a 00 10 00 0e 00 03 00
y11: client 0: request 1034 opcode 64 len 28 bytes: 40 00 07 00 93 00 10 00 88 00 10 00 0f 00 03 00 10 00 03 00
y11: client 0: request 1035 opcode 64 len 16 bytes: 40 00 04 00 93 00 10 00 89 00 10 00 01 00 04 00
y11: client 0: request 1036 opcode 64 len 60 bytes: 40 00 0f 00 93 00 10 00 88 00 10 00 02 00 04 00 03 00 04 00
y11: client 0: request 1037 opcode 64 len 16 bytes: 40 00 04 00 93 00 10 00 8a 00 10 00 0e 00 04 00
y11: client 0: request 1038 opcode 64 len 24 bytes: 40 00 06 00 93 00 10 00 88 00 10 00 0f 00 04 00 10 00 04 00
y11: client 0: request 1039 opcode 64 len 16 bytes: 40 00 04 00 93 00 10 00 89 00 10 00 00 00 05 00
y11: client 0: request 1040 opcode 64 len 64 bytes: 40 00 10 00 93 00 10 00 88 00 10 00 01 00 05 00 02 00 05 00
y11: client 0: request 1041 opcode 64 len 16 bytes: 40 00 04 00 93 00 10 00 8a 00 10 00 0e 00 05 00
y11: client 0: request 1042 opcode 64 len 28 bytes: 40 00 07 00 93 00 10 00 88 00 10 00 0f 00 05 00 10 00 05 00
y11: client 0: request 1043 opcode 64 len 16 bytes: 40 00 04 00 93 00 10 00 89 00 10 00 01 00 06 00
y11: client 0: request 1044 opcode 64 len 60 bytes: 40 00 0f 00 93 00 10 00 88 00 10 00 02 00 06 00 03 00 06 00
y11: client 0: request 1045 opcode 64 len 16 bytes: 40 00 04 00 93 00 10 00 8a 00 10 00 0e 00 06 00
y11: client 0: request 1046 opcode 64 len 32 bytes: 40 00 08 00 93 00 10 00 88 00 10 00 0f 00 06 00 10 00 06 00
y11: client 0: request 1047 opcode 64 len 16 bytes: 40 00 04 00 93 00 10 00 89 00 10 00 02 00 07 00
y11: client 0: request 1048 opcode 64 len 20 bytes: 40 00 05 00 93 00 10 00 88 00 10 00 03 00 07 00 04 00 07 00
y11: client 0: request 1049 opcode 64 len 52 bytes: 40 00 0d 00 93 00 10 00 8a 00 10 00 05 00 07 00 06 00 07 00
y11: client 0: request 1050 opcode 64 len 36 bytes: 40 00 09 00 93 00 10 00 88 00 10 00 0f 00 07 00 10 00 07 00
y11: client 0: request 1051 opcode 64 len 16 bytes: 40 00 04 00 93 00 10 00 89 00 10 00 03 00 08 00
y11: client 0: request 1052 opcode 64 len 16 bytes: 40 00 04 00 93 00 10 00 88 00 10 00 04 00 08 00
y11: client 0: request 1053 opcode 64 len 16 bytes: 40 00 04 00 93 00 10 00 8a 00 10 00 05 00 08 00
y11: client 0: request 1054 opcode 64 len 76 bytes: 40 00 13 00 93 00 10 00 88 00 10 00 06 00 08 00 07 00 08 00
y11: client 0: request 1055 opcode 64 len 16 bytes: 40 00 04 00 93 00 10 00 89 00 10 00 04 00 09 00
y11: client 0: request 1056 opcode 64 len 16 bytes: 40 00 04 00 93 00 10 00 8a 00 10 00 05 00 09 00
y11: client 0: request 1057 opcode 64 len 60 bytes: 40 00 0f 00 93 00 10 00 88 00 10 00 06 00 09 00 07 00 09 00
y11: client 0: request 1058 opcode 53 len 16 bytes: 35 18 04 00 94 00 10 00 21 00 00 00 06 00 06 00
y11: client 0: request 1059 opcode 64 len 16 bytes: 40 00 04 00 94 00 10 00 8a 00 10 00 00 00 00 00
y11: client 0: request 1060 opcode 64 len 16 bytes: 40 00 04 00 94 00 10 00 8b 00 10 00 01 00 00 00
y11: client 0: request 1061 opcode 64 len 24 bytes: 40 00 06 00 94 00 10 00 89 00 10 00 02 00 00 00 03 00 00 00
y11: client 0: request 1062 opcode 64 len 16 bytes: 40 00 04 00 94 00 10 00 8a 00 10 00 05 00 00 00
y11: client 0: request 1063 opcode 64 len 16 bytes: 40 00 04 00 94 00 10 00 8b 00 10 00 00 00 01 00
y11: client 0: request 1064 opcode 64 len 16 bytes: 40 00 04 00 94 00 10 00 89 00 10 00 01 00 01 00
y11: client 0: request 1065 opcode 64 len 28 bytes: 40 00 07 00 94 00 10 00 8b 00 10 00 02 00 01 00 03 00 01 00
y11: client 0: request 1066 opcode 64 len 16 bytes: 40 00 04 00 94 00 10 00 89 00 10 00 00 00 02 00
y11: client 0: request 1067 opcode 64 len 20 bytes: 40 00 05 00 94 00 10 00 8b 00 10 00 01 00 02 00 02 00 02 00
y11: client 0: request 1068 opcode 64 len 24 bytes: 40 00 06 00 94 00 10 00 8a 00 10 00 03 00 02 00 04 00 02 00
y11: client 0: request 1069 opcode 64 len 16 bytes: 40 00 04 00 94 00 10 00 89 00 10 00 00 00 03 00
y11: client 0: request 1070 opcode 64 len 16 bytes: 40 00 04 00 94 00 10 00 8b 00 10 00 01 00 03 00
y11: client 0: request 1071 opcode 64 len 20 bytes: 40 00 05 00 94 00 10 00 8a 00 10 00 02 00 03 00 03 00 03 00
y11: client 0: request 1072 opcode 64 len 20 bytes: 40 00 05 00 94 00 10 00 88 00 10 00 04 00 03 00 05 00 03 00
y11: client 0: request 1073 opcode 64 len 16 bytes: 40 00 04 00 94 00 10 00 89 00 10 00 00 00 04 00
y11: client 0: request 1074 opcode 64 len 16 bytes: 40 00 04 00 94 00 10 00 8b 00 10 00 01 00 04 00
y11: client 0: request 1075 opcode 64 len 16 bytes: 40 00 04 00 94 00 10 00 8a 00 10 00 02 00 04 00
y11: client 0: request 1076 opcode 64 len 24 bytes: 40 00 06 00 94 00 10 00 88 00 10 00 03 00 04 00 04 00 04 00
y11: client 0: request 1077 opcode 64 len 16 bytes: 40 00 04 00 94 00 10 00 8a 00 10 00 00 00 05 00
y11: client 0: request 1078 opcode 64 len 16 bytes: 40 00 04 00 94 00 10 00 8b 00 10 00 01 00 05 00
y11: client 0: request 1079 opcode 64 len 16 bytes: 40 00 04 00 94 00 10 00 8a 00 10 00 02 00 05 00
y11: client 0: request 1080 opcode 64 len 20 bytes: 40 00 05 00 94 00 10 00 88 00 10 00 03 00 05 00 04 00 05 00
y11: client 0: request 1081 opcode 64 len 16 bytes: 40 00 04 00 94 00 10 00 8a 00 10 00 05 00 05 00
y11: client 0: request 1082 opcode 53 len 16 bytes: 35 18 04 00 95 00 10 00 21 00 00 00 09 00 09 00
y11: client 0: request 1083 opcode 53 len 16 bytes: 35 01 04 00 96 00 10 00 21 00 00 00 09 00 09 00
y11: client 0: request 1084 opcode 56 len 16 bytes: 38 00 04 00 86 00 10 00 04 00 00 00 01 00 00 00
y11: client 0: request 1085 opcode 70 len 20 bytes: 46 00 05 00 96 00 10 00 86 00 10 00 00 00 00 00 09 00 09 00
y11: client 0: request 1086 opcode 64 len 28 bytes: 40 00 07 00 95 00 10 00 8a 00 10 00 00 00 00 00 01 00 00 00
y11: client 0: request 1087 opcode 64 len 16 bytes: 40 00 04 00 95 00 10 00 8b 00 10 00 04 00 00 00
y11: client 0: request 1088 opcode 64 len 44 bytes: 40 00 0b 00 95 00 10 00 8a 00 10 00 05 00 00 00 06 00 00 00
y11: client 0: request 1089 opcode 64 len 16 bytes: 40 00 04 00 95 00 10 00 89 00 10 00 04 00 01 00
y11: client 0: request 1090 opcode 64 len 40 bytes: 40 00 0a 00 95 00 10 00 8a 00 10 00 05 00 01 00 06 00 01 00
y11: client 0: request 1091 opcode 64 len 16 bytes: 40 00 04 00 95 00 10 00 8b 00 10 00 03 00 02 00
y11: client 0: request 1092 opcode 64 len 16 bytes: 40 00 04 00 95 00 10 00 89 00 10 00 04 00 02 00
y11: client 0: request 1093 opcode 64 len 16 bytes: 40 00 04 00 95 00 10 00 8b 00 10 00 05 00 02 00
y11: client 0: request 1094 opcode 64 len 36 bytes: 40 00 09 00 95 00 10 00 8a 00 10 00 06 00 02 00 07 00 02 00
y11: client 0: request 1095 opcode 64 len 24 bytes: 40 00 06 00 95 00 10 00 89 00 10 00 03 00 03 00 04 00 03 00
y11: client 0: request 1096 opcode 64 len 32 bytes: 40 00 08 00 95 00 10 00 8a 00 10 00 06 00 03 00 07 00 03 00
y11: client 0: request 1097 opcode 64 len 16 bytes: 40 00 04 00 95 00 10 00 8b 00 10 00 02 00 04 00
y11: client 0: request 1098 opcode 64 len 24 bytes: 40 00 06 00 95 00 10 00 89 00 10 00 03 00 04 00 04 00 04 00
y11: client 0: request 1099 opcode 64 len 16 bytes: 40 00 04 00 95 00 10 00 8b 00 10 00 06 00 04 00
y11: client 0: request 1100 opcode 64 len 28 bytes: 40 00 07 00 95 00 10 00 8a 00 10 00 07 00 04 00 08 00 04 00
y11: client 0: request 1101 opcode 64 len 32 bytes: 40 00 08 00 95 00 10 00 89 00 10 00 02 00 05 00 03 00 05 00
y11: client 0: request 1102 opcode 64 len 24 bytes: 40 00 06 00 95 00 10 00 8a 00 10 00 07 00 05 00 08 00 05 00
y11: client 0: request 1103 opcode 64 len 16 bytes: 40 00 04 00 95 00 10 00 8b 00 10 00 01 00 06 00
y11: client 0: request 1104 opcode 64 len 32 bytes: 40 00 08 00 95 00 10 00 89 00 10 00 02 00 06 00 03 00 06 00
y11: client 0: request 1105 opcode 64 len 16 bytes: 40 00 04 00 95 00 10 00 8b 00 10 00 07 00 06 00
y11: client 0: request 1106 opcode 64 len 20 bytes: 40 00 05 00 95 00 10 00 8a 00 10 00 08 00 06 00 00 00 07 00
y11: client 0: request 1107 opcode 64 len 40 bytes: 40 00 0a 00 95 00 10 00 89 00 10 00 01 00 07 00 02 00 07 00
y11: client 0: request 1108 opcode 64 len 16 bytes: 40 00 04 00 95 00 10 00 8a 00 10 00 08 00 07 00
y11: client 0: request 1109 opcode 64 len 16 bytes: 40 00 04 00 95 00 10 00 8b 00 10 00 00 00 08 00
y11: client 0: request 1110 opcode 64 len 40 bytes: 40 00 0a 00 95 00 10 00 89 00 10 00 01 00 08 00 02 00 08 00
y11: client 0: request 1111 opcode 64 len 16 bytes: 40 00 04 00 95 00 10 00 8b 00 10 00 08 00 08 00
y11: client 0: request 1112 opcode 53 len 16 bytes: 35 18 04 00 97 00 10 00 21 00 00 00 09 00 09 00
y11: client 0: request 1113 opcode 53 len 16 bytes: 35 01 04 00 98 00 10 00 21 00 00 00 09 00 09 00
y11: client 0: request 1114 opcode 56 len 16 bytes: 38 00 04 00 86 00 10 00 04 00 00 00 01 00 00 00
y11: client 0: request 1115 opcode 70 len 20 bytes: 46 00 05 00 98 00 10 00 86 00 10 00 00 00 00 00 09 00 09 00
y11: client 0: request 1116 opcode 64 len 16 bytes: 40 00 04 00 97 00 10 00 8b 00 10 00 00 00 00 00
y11: client 0: request 1117 opcode 64 len 40 bytes: 40 00 0a 00 97 00 10 00 89 00 10 00 01 00 00 00 02 00 00 00
y11: client 0: request 1118 opcode 64 len 16 bytes: 40 00 04 00 97 00 10 00 8b 00 10 00 08 00 00 00
y11: client 0: request 1119 opcode 64 len 16 bytes: 40 00 04 00 97 00 10 00 8a 00 10 00 00 00 01 00
y11: client 0: request 1120 opcode 64 len 40 bytes: 40 00 0a 00 97 00 10 00 89 00 10 00 01 00 01 00 02 00 01 00
y11: client 0: request 1121 opcode 64 len 20 bytes: 40 00 05 00 97 00 10 00 8a 00 10 00 08 00 01 00 00 00 02 00
y11: client 0: request 1122 opcode 64 len 16 bytes: 40 00 04 00 97 00 10 00 8b 00 10 00 01 00 02 00
y11: client 0: request 1123 opcode 64 len 32 bytes: 40 00 08 00 97 00 10 00 89 00 10 00 02 00 02 00 03 00 02 00
y11: client 0: request 1124 opcode 64 len 16 bytes: 40 00 04 00 97 00 10 00 8b 00 10 00 07 00 02 00
y11: client 0: request 1125 opcode 64 len 24 bytes: 40 00 06 00 97 00 10 00 8a 00 10 00 08 00 02 00 00 00 03 00
y11: client 0: request 1126 opcode 64 len 32 bytes: 40 00 08 00 97 00 10 00 89 00 10 00 02 00 03 00 03 00 03 00
y11: client 0: request 1127 opcode 64 len 28 bytes: 40 00 07 00 97 00 10 00 8a 00 10 00 07 00 03 00 08 00 03 00
y11: client 0: request 1128 opcode 64 len 16 bytes: 40 00 04 00 97 00 10 00 8b 00 10 00 02 00 04 00
y11: client 0: request 1129 opcode 64 len 24 bytes: 40 00 06 00 97 00 10 00 89 00 10 00 03 00 04 00 04 00 04 00
y11: client 0: request 1130 opcode 64 len 16 bytes: 40 00 04 00 97 00 10 00 8b 00 10 00 06 00 04 00
y11: client 0: request 1131 opcode 64 len 32 bytes: 40 00 08 00 97 00 10 00 8a 00 10 00 07 00 04 00 08 00 04 00
y11: client 0: request 1132 opcode 64 len 24 bytes: 40 00 06 00 97 00 10 00 89 00 10 00 03 00 05 00 04 00 05 00
y11: client 0: request 1133 opcode 64 len 36 bytes: 40 00 09 00 97 00 10 00 8a 00 10 00 06 00 05 00 07 00 05 00
y11: client 0: request 1134 opcode 64 len 16 bytes: 40 00 04 00 97 00 10 00 8b 00 10 00 03 00 06 00
y11: client 0: request 1135 opcode 64 len 16 bytes: 40 00 04 00 97 00 10 00 89 00 10 00 04 00 06 00
y11: client 0: request 1136 opcode 64 len 16 bytes: 40 00 04 00 97 00 10 00 8b 00 10 00 05 00 06 00
y11: client 0: request 1137 opcode 64 len 40 bytes: 40 00 0a 00 97 00 10 00 8a 00 10 00 06 00 06 00 07 00 06 00
y11: client 0: request 1138 opcode 64 len 16 bytes: 40 00 04 00 97 00 10 00 89 00 10 00 04 00 07 00
y11: client 0: request 1139 opcode 64 len 44 bytes: 40 00 0b 00 97 00 10 00 8a 00 10 00 05 00 07 00 06 00 07 00
y11: client 0: request 1140 opcode 64 len 16 bytes: 40 00 04 00 97 00 10 00 8b 00 10 00 04 00 08 00
y11: client 0: request 1141 opcode 64 len 28 bytes: 40 00 07 00 97 00 10 00 8a 00 10 00 05 00 08 00 06 00 08 00
y11: client 0: request 1142 opcode 53 len 16 bytes: 35 18 04 00 99 00 10 00 21 00 00 00 09 00 09 00
y11: client 0: request 1143 opcode 53 len 16 bytes: 35 01 04 00 9a 00 10 00 21 00 00 00 09 00 09 00
y11: client 0: request 1144 opcode 56 len 16 bytes: 38 00 04 00 86 00 10 00 04 00 00 00 01 00 00 00
y11: client 0: request 1145 opcode 70 len 20 bytes: 46 00 05 00 9a 00 10 00 86 00 10 00 00 00 00 00 09 00 09 00
y11: client 0: request 1146 opcode 64 len 44 bytes: 40 00 0b 00 99 00 10 00 8a 00 10 00 00 00 00 00 01 00 00 00
y11: client 0: request 1147 opcode 64 len 16 bytes: 40 00 04 00 99 00 10 00 8b 00 10 00 08 00 00 00
y11: client 0: request 1148 opcode 64 len 36 bytes: 40 00 09 00 99 00 10 00 8a 00 10 00 00 00 01 00 01 00 01 00
y11: client 0: request 1149 opcode 64 len 16 bytes: 40 00 04 00 99 00 10 00 8b 00 10 00 06 00 01 00
y11: client 0: request 1150 opcode 64 len 20 bytes: 40 00 05 00 99 00 10 00 89 00 10 00 07 00 01 00 08 00 01 00
y11: client 0: request 1151 opcode 64 len 28 bytes: 40 00 07 00 99 00 10 00 8a 00 10 00 00 00 02 00 01 00 02 00
y11: client 0: request 1152 opcode 64 len 16 bytes: 40 00 04 00 99 00 10 00 8b 00 10 00 04 00 02 00
y11: client 0: request 1153 opcode 64 len 28 bytes: 40 00 07 00 99 00 10 00 89 00 10 00 05 00 02 00 06 00 02 00
y11: client 0: request 1154 opcode 64 len 20 bytes: 40 00 05 00 99 00 10 00 8a 00 10 00 00 00 03 00 01 00 03 00
y11: client 0: request 1155 opcode 64 len 16 bytes: 40 00 04 00 99 00 10 00 8b 00 10 00 02 00 03 00
y11: client 0: request 1156 opcode 64 len 36 bytes: 40 00 09 00 99 00 10 00 89 00 10 00 03 00 03 00 04 00 03 00
y11: client 0: request 1157 opcode 64 len 16 bytes: 40 00 04 00 99 00 10 00 8b 00 10 00 00 00 04 00
y11: client 0: request 1158 opcode 64 len 44 bytes: 40 00 0b 00 99 00 10 00 89 00 10 00 01 00 04 00 02 00 04 00
y11: client 0: request 1159 opcode 64 len 20 bytes: 40 00 05 00 99 00 10 00 8a 00 10 00 00 00 05 00 01 00 05 00
y11: client 0: request 1160 opcode 64 len 16 bytes: 40 00 04 00 99 00 10 00 8b 00 10 00 02 00 05 00
y11: client 0: request 1161 opcode 64 len 36 bytes: 40 00 09 00 99 00 10 00 89 00 10 00 03 00 05 00 04 00 05 00
y11: client 0: request 1162 opcode 64 len 28 bytes: 40 00 07 00 99 00 10 00 8a 00 10 00 00 00 06 00 01 00 06 00
y11: client 0: request 1163 opcode 64 len 16 bytes: 40 00 04 00 99 00 10 00 8b 00 10 00 04 00 06 00
y11: client 0: request 1164 opcode 64 len 28 bytes: 40 00 07 00 99 00 10 00 89 00 10 00 05 00 06 00 06 00 06 00
y11: client 0: request 1165 opcode 64 len 36 bytes: 40 00 09 00 99 00 10 00 8a 00 10 00 00 00 07 00 01 00 07 00
y11: client 0: request 1166 opcode 64 len 16 bytes: 40 00 04 00 99 00 10 00 8b 00 10 00 06 00 07 00
y11: client 0: request 1167 opcode 64 len 20 bytes: 40 00 05 00 99 00 10 00 89 00 10 00 07 00 07 00 08 00 07 00
y11: client 0: request 1168 opcode 64 len 44 bytes: 40 00 0b 00 99 00 10 00 8a 00 10 00 00 00 08 00 01 00 08 00
y11: client 0: request 1169 opcode 64 len 16 bytes: 40 00 04 00 99 00 10 00 8b 00 10 00 08 00 08 00
y11: client 0: request 1170 opcode 53 len 16 bytes: 35 18 04 00 9b 00 10 00 21 00 00 00 09 00 09 00
y11: client 0: request 1171 opcode 53 len 16 bytes: 35 01 04 00 9c 00 10 00 21 00 00 00 09 00 09 00
y11: client 0: request 1172 opcode 56 len 16 bytes: 38 00 04 00 86 00 10 00 04 00 00 00 01 00 00 00
y11: client 0: request 1173 opcode 70 len 20 bytes: 46 00 05 00 9c 00 10 00 86 00 10 00 00 00 00 00 09 00 09 00
y11: client 0: request 1174 opcode 64 len 16 bytes: 40 00 04 00 9b 00 10 00 8b 00 10 00 00 00 00 00
y11: client 0: request 1175 opcode 64 len 44 bytes: 40 00 0b 00 9b 00 10 00 8a 00 10 00 01 00 00 00 02 00 00 00
y11: client 0: request 1176 opcode 64 len 20 bytes: 40 00 05 00 9b 00 10 00 89 00 10 00 00 00 01 00 01 00 01 00
y11: client 0: request 1177 opcode 64 len 16 bytes: 40 00 04 00 9b 00 10 00 8b 00 10 00 02 00 01 00
y11: client 0: request 1178 opcode 64 len 36 bytes: 40 00 09 00 9b 00 10 00 8a 00 10 00 03 00 01 00 04 00 01 00
y11: client 0: request 1179 opcode 64 len 28 bytes: 40 00 07 00 9b 00 10 00 89 00 10 00 00 00 02 00 01 00 02 00
y11: client 0: request 1180 opcode 64 len 16 bytes: 40 00 04 00 9b 00 10 00 8b 00 10 00 04 00 02 00
y11: client 0: request 1181 opcode 64 len 28 bytes: 40 00 07 00 9b 00 10 00 8a 00 10 00 05 00 02 00 06 00 02 00
y11: client 0: request 1182 opcode 64 len 36 bytes: 40 00 09 00 9b 00 10 00 89 00 10 00 00 00 03 00 01 00 03 00
y11: client 0: request 1183 opcode 64 len 16 bytes: 40 00 04 00 9b 00 10 00 8b 00 10 00 06 00 03 00
y11: client 0: request 1184 opcode 64 len 20 bytes: 40 00 05 00 9b 00 10 00 8a 00 10 00 07 00 03 00 08 00 03 00
y11: client 0: request 1185 opcode 64 len 44 bytes: 40 00 0b 00 9b 00 10 00 89 00 10 00 00 00 04 00 01 00 04 00
y11: client 0: request 1186 opcode 64 len 16 bytes: 40 00 04 00 9b 00 10 00 8b 00 10 00 08 00 04 00
y11: client 0: request 1187 opcode 64 len 36 bytes: 40 00 09 00 9b 00 10 00 89 00 10 00 00 00 05 00 01 00 05 00
y11: client 0: request 1188 opcode 64 len 16 bytes: 40 00 04 00 9b 00 10 00 8b 00 10 00 06 00 05 00
y11: client 0: request 1189 opcode 64 len 20 bytes: 40 00 05 00 9b 00 10 00 8a 00 10 00 07 00 05 00 08 00 05 00
y11: client 0: request 1190 opcode 64 len 28 bytes: 40 00 07 00 9b 00 10 00 89 00 10 00 00 00 06 00 01 00 06 00
y11: client 0: request 1191 opcode 64 len 16 bytes: 40 00 04 00 9b 00 10 00 8b 00 10 00 04 00 06 00
y11: client 0: request 1192 opcode 64 len 28 bytes: 40 00 07 00 9b 00 10 00 8a 00 10 00 05 00 06 00 06 00 06 00
y11: client 0: request 1193 opcode 64 len 20 bytes: 40 00 05 00 9b 00 10 00 89 00 10 00 00 00 07 00 01 00 07 00
y11: client 0: request 1194 opcode 64 len 16 bytes: 40 00 04 00 9b 00 10 00 8b 00 10 00 02 00 07 00
y11: client 0: request 1195 opcode 64 len 36 bytes: 40 00 09 00 9b 00 10 00 8a 00 10 00 03 00 07 00 04 00 07 00
y11: client 0: request 1196 opcode 64 len 16 bytes: 40 00 04 00 9b 00 10 00 8b 00 10 00 00 00 08 00
y11: client 0: request 1197 opcode 64 len 44 bytes: 40 00 0b 00 9b 00 10 00 8a 00 10 00 01 00 08 00 02 00 08 00
y11: client 0: request 1198 opcode 53 len 16 bytes: 35 18 04 00 9d 00 10 00 21 00 00 00 09 00 09 00
y11: client 0: request 1199 opcode 53 len 16 bytes: 35 01 04 00 9e 00 10 00 21 00 00 00 09 00 09 00
y11: client 0: request 1200 opcode 56 len 16 bytes: 38 00 04 00 86 00 10 00 04 00 00 00 01 00 00 00
y11: client 0: request 1201 opcode 70 len 20 bytes: 46 00 05 00 9e 00 10 00 86 00 10 00 00 00 00 00 09 00 09 00
y11: client 0: request 1202 opcode 64 len 28 bytes: 40 00 07 00 9d 00 10 00 88 00 10 00 00 00 00 00 01 00 00 00
y11: client 0: request 1203 opcode 64 len 16 bytes: 40 00 04 00 9d 00 10 00 8b 00 10 00 04 00 00 00
y11: client 0: request 1204 opcode 64 len 44 bytes: 40 00 0b 00 9d 00 10 00 88 00 10 00 05 00 00 00 06 00 00 00
y11: client 0: request 1205 opcode 64 len 16 bytes: 40 00 04 00 9d 00 10 00 8b 00 10 00 04 00 01 00
y11: client 0: request 1206 opcode 64 len 40 bytes: 40 00 0a 00 9d 00 10 00 88 00 10 00 05 00 01 00 06 00 01 00
y11: client 0: request 1207 opcode 64 len 24 bytes: 40 00 06 00 9d 00 10 00 8b 00 10 00 03 00 02 00 04 00 02 00
y11: client 0: request 1208 opcode 64 len 36 bytes: 40 00 09 00 9d 00 10 00 88 00 10 00 06 00 02 00 07 00 02 00
y11: client 0: request 1209 opcode 64 len 24 bytes: 40 00 06 00 9d 00 10 00 8b 00 10 00 03 00 03 00 04 00 03 00
y11: client 0: request 1210 opcode 64 len 32 bytes: 40 00 08 00 9d 00 10 00 88 00 10 00 06 00 03 00 07 00 03 00
y11: client 0: request 1211 opcode 64 len 32 bytes: 40 00 08 00 9d 00 10 00 8b 00 10 00 02 00 04 00 03 00 04 00
y11: client 0: request 1212 opcode 64 len 28 bytes: 40 00 07 00 9d 00 10 00 88 00 10 00 07 00 04 00 08 00 04 00
y11: client 0: request 1213 opcode 64 len 32 bytes: 40 00 08 00 9d 00 10 00 8b 00 10 00 02 00 05 00 03 00 05 00
y11: client 0: request 1214 opcode 64 len 24 bytes: 40 00 06 00 9d 00 10 00 88 00 10 00 07 00 05 00 08 00 05 00
y11: client 0: request 1215 opcode 64 len 40 bytes: 40 00 0a 00 9d 00 10 00 8b 00 10 00 01 00 06 00 02 00 06 00
y11: client 0: request 1216 opcode 64 len 20 bytes: 40 00 05 00 9d 00 10 00 88 00 10 00 08 00 06 00 00 00 07 00
y11: client 0: request 1217 opcode 64 len 40 bytes: 40 00 0a 00 9d 00 10 00 8b 00 10 00 01 00 07 00 02 00 07 00
y11: client 0: request 1218 opcode 64 len 16 bytes: 40 00 04 00 9d 00 10 00 88 00 10 00 08 00 07 00
y11: client 0: request 1219 opcode 64 len 48 bytes: 40 00 0c 00 9d 00 10 00 8b 00 10 00 00 00 08 00 01 00 08 00
y11: client 0: request 1220 opcode 53 len 16 bytes: 35 18 04 00 9f 00 10 00 21 00 00 00 09 00 09 00
y11: client 0: request 1221 opcode 53 len 16 bytes: 35 01 04 00 a0 00 10 00 21 00 00 00 09 00 09 00
y11: client 0: request 1222 opcode 56 len 16 bytes: 38 00 04 00 86 00 10 00 04 00 00 00 01 00 00 00
y11: client 0: request 1223 opcode 70 len 20 bytes: 46 00 05 00 a0 00 10 00 86 00 10 00 00 00 00 00 09 00 09 00
y11: client 0: request 1224 opcode 64 len 48 bytes: 40 00 0c 00 9f 00 10 00 8b 00 10 00 00 00 00 00 01 00 00 00
y11: client 0: request 1225 opcode 64 len 16 bytes: 40 00 04 00 9f 00 10 00 88 00 10 00 00 00 01 00
y11: client 0: request 1226 opcode 64 len 40 bytes: 40 00 0a 00 9f 00 10 00 8b 00 10 00 01 00 01 00 02 00 01 00
y11: client 0: request 1227 opcode 64 len 20 bytes: 40 00 05 00 9f 00 10 00 88 00 10 00 08 00 01 00 00 00 02 00
y11: client 0: request 1228 opcode 64 len 40 bytes: 40 00 0a 00 9f 00 10 00 8b 00 10 00 01 00 02 00 02 00 02 00
y11: client 0: request 1229 opcode 64 len 24 bytes: 40 00 06 00 9f 00 10 00 88 00 10 00 08 00 02 00 00 00 03 00
y11: client 0: request 1230 opcode 64 len 32 bytes: 40 00 08 00 9f 00 10 00 8b 00 10 00 02 00 03 00 03 00 03 00
y11: client 0: request 1231 opcode 64 len 28 bytes: 40 00 07 00 9f 00 10 00 88 00 10 00 07 00 03 00 08 00 03 00
y11: client 0: request 1232 opcode 64 len 32 bytes: 40 00 08 00 9f 00 10 00 8b 00 10 00 02 00 04 00 03 00 04 00
y11: client 0: request 1233 opcode 64 len 32 bytes: 40 00 08 00 9f 00 10 00 88 00 10 00 07 00 04 00 08 00 04 00
y11: client 0: request 1234 opcode 64 len 24 bytes: 40 00 06 00 9f 00 10 00 8b 00 10 00 03 00 05 00 04 00 05 00
y11: client 0: request 1235 opcode 64 len 36 bytes: 40 00 09 00 9f 00 10 00 88 00 10 00 06 00 05 00 07 00 05 00
y11: client 0: request 1236 opcode 64 len 24 bytes: 40 00 06 00 9f 00 10 00 8b 00 10 00 03 00 06 00 04 00 06 00
y11: client 0: request 1237 opcode 64 len 40 bytes: 40 00 0a 00 9f 00 10 00 88 00 10 00 06 00 06 00 07 00 06 00
y11: client 0: request 1238 opcode 64 len 16 bytes: 40 00 04 00 9f 00 10 00 8b 00 10 00 04 00 07 00
y11: client 0: request 1239 opcode 64 len 44 bytes: 40 00 0b 00 9f 00 10 00 88 00 10 00 05 00 07 00 06 00 07 00
y11: client 0: request 1240 opcode 64 len 16 bytes: 40 00 04 00 9f 00 10 00 8b 00 10 00 04 00 08 00
y11: client 0: request 1241 opcode 64 len 28 bytes: 40 00 07 00 9f 00 10 00 88 00 10 00 05 00 08 00 06 00 08 00
y11: client 0: request 1242 opcode 53 len 16 bytes: 35 18 04 00 a1 00 10 00 21 00 00 00 09 00 09 00
y11: client 0: request 1243 opcode 53 len 16 bytes: 35 01 04 00 a2 00 10 00 21 00 00 00 09 00 09 00
y11: client 0: request 1244 opcode 56 len 16 bytes: 38 00 04 00 86 00 10 00 04 00 00 00 01 00 00 00
y11: client 0: request 1245 opcode 70 len 20 bytes: 46 00 05 00 a2 00 10 00 86 00 10 00 00 00 00 00 09 00 09 00
y11: client 0: request 1246 opcode 64 len 44 bytes: 40 00 0b 00 a1 00 10 00 88 00 10 00 00 00 00 00 01 00 00 00
y11: client 0: request 1247 opcode 64 len 16 bytes: 40 00 04 00 a1 00 10 00 8b 00 10 00 08 00 00 00
y11: client 0: request 1248 opcode 64 len 36 bytes: 40 00 09 00 a1 00 10 00 88 00 10 00 00 00 01 00 01 00 01 00
y11: client 0: request 1249 opcode 64 len 24 bytes: 40 00 06 00 a1 00 10 00 8b 00 10 00 06 00 01 00 07 00 01 00
y11: client 0: request 1250 opcode 64 len 28 bytes: 40 00 07 00 a1 00 10 00 88 00 10 00 00 00 02 00 01 00 02 00
y11: client 0: request 1251 opcode 64 len 32 bytes: 40 00 08 00 a1 00 10 00 8b 00 10 00 04 00 02 00 05 00 02 00
y11: client 0: request 1252 opcode 64 len 20 bytes: 40 00 05 00 a1 00 10 00 88 00 10 00 00 00 03 00 01 00 03 00
y11: client 0: request 1253 opcode 64 len 76 bytes: 40 00 13 00 a1 00 10 00 8b 00 10 00 02 00 03 00 03 00 03 00
y11: client 0: request 1254 opcode 64 len 20 bytes: 40 00 05 00 a1 00 10 00 88 00 10 00 00 00 05 00 01 00 05 00
y11: client 0: request 1255 opcode 64 len 40 bytes: 40 00 0a 00 a1 00 10 00 8b 00 10 00 02 00 05 00 03 00 05 00
y11: client 0: request 1256 opcode 64 len 28 bytes: 40 00 07 00 a1 00 10 00 88 00 10 00 00 00 06 00 01 00 06 00
y11: client 0: request 1257 opcode 64 len 32 bytes: 40 00 08 00 a1 00 10 00 8b 00 10 00 04 00 06 00 05 00 06 00
y11: client 0: request 1258 opcode 64 len 36 bytes: 40 00 09 00 a1 00 10 00 88 00 10 00 00 00 07 00 01 00 07 00
y11: client 0: request 1259 opcode 64 len 24 bytes: 40 00 06 00 a1 00 10 00 8b 00 10 00 06 00 07 00 07 00 07 00
y11: client 0: request 1260 opcode 64 len 44 bytes: 40 00 0b 00 a1 00 10 00 88 00 10 00 00 00 08 00 01 00 08 00
y11: client 0: request 1261 opcode 64 len 16 bytes: 40 00 04 00 a1 00 10 00 8b 00 10 00 08 00 08 00
y11: client 0: request 1262 opcode 53 len 16 bytes: 35 18 04 00 a3 00 10 00 21 00 00 00 09 00 09 00
y11: client 0: request 1263 opcode 53 len 16 bytes: 35 01 04 00 a4 00 10 00 21 00 00 00 09 00 09 00
y11: client 0: request 1264 opcode 56 len 16 bytes: 38 00 04 00 86 00 10 00 04 00 00 00 01 00 00 00
y11: client 0: request 1265 opcode 70 len 20 bytes: 46 00 05 00 a4 00 10 00 86 00 10 00 00 00 00 00 09 00 09 00
y11: client 0: request 1266 opcode 64 len 16 bytes: 40 00 04 00 a3 00 10 00 8b 00 10 00 00 00 00 00
y11: client 0: request 1267 opcode 64 len 44 bytes: 40 00 0b 00 a3 00 10 00 88 00 10 00 01 00 00 00 02 00 00 00
y11: client 0: request 1268 opcode 64 len 24 bytes: 40 00 06 00 a3 00 10 00 8b 00 10 00 00 00 01 00 01 00 01 00
y11: client 0: request 1269 opcode 64 len 36 bytes: 40 00 09 00 a3 00 10 00 88 00 10 00 03 00 01 00 04 00 01 00
y11: client 0: request 1270 opcode 64 len 32 bytes: 40 00 08 00 a3 00 10 00 8b 00 10 00 00 00 02 00 01 00 02 00
y11: client 0: request 1271 opcode 64 len 28 bytes: 40 00 07 00 a3 00 10 00 88 00 10 00 05 00 02 00 06 00 02 00
y11: client 0: request 1272 opcode 64 len 40 bytes: 40 00 0a 00 a3 00 10 00 8b 00 10 00 00 00 03 00 01 00 03 00
y11: client 0: request 1273 opcode 64 len 20 bytes: 40 00 05 00 a3 00 10 00 88 00 10 00 07 00 03 00 08 00 03 00
y11: client 0: request 1274 opcode 64 len 76 bytes: 40 00 13 00 a3 00 10 00 8b 00 10 00 00 00 04 00 01 00 04 00
y11: client 0: request 1275 opcode 64 len 20 bytes: 40 00 05 00 a3 00 10 00 88 00 10 00 07 00 05 00 08 00 05 00
y11: client 0: request 1276 opcode 64 len 32 bytes: 40 00 08 00 a3 00 10 00 8b 00 10 00 00 00 06 00 01 00 06 00
y11: client 0: request 1277 opcode 64 len 28 bytes: 40 00 07 00 a3 00 10 00 88 00 10 00 05 00 06 00 06 00 06 00
y11: client 0: request 1278 opcode 64 len 24 bytes: 40 00 06 00 a3 00 10 00 8b 00 10 00 00 00 07 00 01 00 07 00
y11: client 0: request 1279 opcode 64 len 36 bytes: 40 00 09 00 a3 00 10 00 88 00 10 00 03 00 07 00 04 00 07 00
y11: client 0: request 1280 opcode 64 len 16 bytes: 40 00 04 00 a3 00 10 00 8b 00 10 00 00 00 08 00
y11: client 0: request 1281 opcode 64 len 44 bytes: 40 00 0b 00 a3 00 10 00 88 00 10 00 01 00 08 00 02 00 08 00
y11: client 0: request 1282 opcode 53 len 16 bytes: 35 18 04 00 a5 00 10 00 21 00 00 00 0b 00 08 00
y11: client 0: request 1283 opcode 53 len 16 bytes: 35 01 04 00 a6 00 10 00 21 00 00 00 0b 00 08 00
y11: client 0: request 1284 opcode 56 len 16 bytes: 38 00 04 00 86 00 10 00 04 00 00 00 01 00 00 00
y11: client 0: request 1285 opcode 70 len 20 bytes: 46 00 05 00 a6 00 10 00 86 00 10 00 00 00 00 00 0b 00 08 00
y11: client 0: request 1286 opcode 64 len 44 bytes: 40 00 0b 00 a5 00 10 00 88 00 10 00 00 00 00 00 01 00 00 00
y11: client 0: request 1287 opcode 64 len 16 bytes: 40 00 04 00 a5 00 10 00 89 00 10 00 08 00 00 00
y11: client 0: request 1288 opcode 56 len 16 bytes: 38 00 04 00 86 00 10 00 04 00 00 00 00 00 00 00
y11: client 0: request 1289 opcode 64 len 16 bytes: 40 00 04 00 a6 00 10 00 86 00 10 00 09 00 00 00
y11: client 0: request 1290 opcode 64 len 16 bytes: 40 00 04 00 a5 00 10 00 8a 00 10 00 09 00 00 00
y11: client 0: request 1291 opcode 64 len 16 bytes: 40 00 04 00 a6 00 10 00 86 00 10 00 0a 00 00 00
y11: client 0: request 1292 opcode 64 len 16 bytes: 40 00 04 00 a5 00 10 00 8a 00 10 00 0a 00 00 00
y11: client 0: request 1293 opcode 64 len 16 bytes: 40 00 04 00 a5 00 10 00 88 00 10 00 00 00 01 00
y11: client 0: request 1294 opcode 64 len 36 bytes: 40 00 09 00 a5 00 10 00 8a 00 10 00 01 00 01 00 02 00 01 00
y11: client 0: request 1295 opcode 64 len 16 bytes: 40 00 04 00 a5 00 10 00 8b 00 10 00 07 00 01 00
y11: client 0: request 1296 opcode 64 len 16 bytes: 40 00 04 00 a5 00 10 00 89 00 10 00 08 00 01 00
y11: client 0: request 1297 opcode 64 len 16 bytes: 40 00 04 00 a6 00 10 00 86 00 10 00 09 00 01 00
y11: client 0: request 1298 opcode 64 len 16 bytes: 40 00 04 00 a5 00 10 00 8a 00 10 00 09 00 01 00
y11: client 0: request 1299 opcode 64 len 16 bytes: 40 00 04 00 a6 00 10 00 86 00 10 00 0a 00 01 00
y11: client 0: request 1300 opcode 64 len 16 bytes: 40 00 04 00 a5 00 10 00 8a 00 10 00 0a 00 01 00
y11: client 0: request 1301 opcode 64 len 16 bytes: 40 00 04 00 a5 00 10 00 88 00 10 00 00 00 02 00
y11: client 0: request 1302 opcode 64 len 36 bytes: 40 00 09 00 a5 00 10 00 8a 00 10 00 01 00 02 00 02 00 02 00
y11: client 0: request 1303 opcode 64 len 16 bytes: 40 00 04 00 a5 00 10 00 8b 00 10 00 07 00 02 00
y11: client 0: request 1304 opcode 64 len 16 bytes: 40 00 04 00 a5 00 10 00 89 00 10 00 08 00 02 00
y11: client 0: request 1305 opcode 64 len 20 bytes: 40 00 05 00 a5 00 10 00 8b 00 10 00 09 00 02 00 0a 00 02 00
y11: client 0: request 1306 opcode 64 len 16 bytes: 40 00 04 00 a5 00 10 00 88 00 10 00 00 00 03 00
y11: client 0: request 1307 opcode 64 len 36 bytes: 40 00 09 00 a5 00 10 00 8a 00 10 00 01 00 03 00 02 00 03 00
y11: client 0: request 1308 opcode 64 len 16 bytes: 40 00 04 00 a5 00 10 00 8b 00 10 00 07 00 03 00
y11: client 0: request 1309 opcode 64 len 16 bytes: 40 00 04 00 a5 00 10 00 89 00 10 00 08 00 03 00
y11: client 0: request 1310 opcode 64 len 20 bytes: 40 00 05 00 a5 00 10 00 8b 00 10 00 09 00 03 00 0a 00 03 00
y11: client 0: request 1311 opcode 64 len 16 bytes: 40 00 04 00 a5 00 10 00 88 00 10 00 00 00 04 00
y11: client 0: request 1312 opcode 64 len 40 bytes: 40 00 0a 00 a5 00 10 00 8b 00 10 00 01 00 04 00 02 00 04 00
y11: client 0: request 1313 opcode 64 len 16 bytes: 40 00 04 00 a5 00 10 00 89 00 10 00 08 00 04 00
y11: client 0: request 1314 opcode 64 len 20 bytes: 40 00 05 00 a5 00 10 00 8b 00 10 00 09 00 04 00 0a 00 04 00
y11: client 0: request 1315 opcode 64 len 48 bytes: 40 00 0c 00 a5 00 10 00 89 00 10 00 00 00 05 00 01 00 05 00
y11: client 0: request 1316 opcode 64 len 20 bytes: 40 00 05 00 a5 00 10 00 8b 00 10 00 09 00 05 00 0a 00 05 00
y11: client 0: request 1317 opcode 64 len 16 bytes: 40 00 04 00 a6 00 10 00 86 00 10 00 00 00 06 00
y11: client 0: request 1318 opcode 64 len 16 bytes: 40 00 04 00 a5 00 10 00 8a 00 10 00 00 00 06 00
y11: client 0: request 1319 opcode 64 len 16 bytes: 40 00 04 00 a6 00 10 00 86 00 10 00 01 00 06 00
y11: client 0: request 1320 opcode 64 len 16 bytes: 40 00 04 00 a5 00 10 00 8a 00 10 00 01 00 06 00
y11: client 0: request 1321 opcode 64 len 48 bytes: 40 00 0c 00 a5 00 10 00 8b 00 10 00 02 00 06 00 03 00 06 00
y11: client 0: request 1322 opcode 64 len 16 bytes: 40 00 04 00 a6 00 10 00 86 00 10 00 00 00 07 00
y11: client 0: request 1323 opcode 64 len 16 bytes: 40 00 04 00 a5 00 10 00 8a 00 10 00 00 00 07 00
y11: client 0: request 1324 opcode 64 len 16 bytes: 40 00 04 00 a6 00 10 00 86 00 10 00 01 00 07 00
y11: client 0: request 1325 opcode 64 len 16 bytes: 40 00 04 00 a5 00 10 00 8a 00 10 00 01 00 07 00
y11: client 0: request 1326 opcode 64 len 48 bytes: 40 00 0c 00 a5 00 10 00 8b 00 10 00 02 00 07 00 03 00 07 00
y11: client 0: request 1327 opcode 53 len 16 bytes: 35 18 04 00 a7 00 10 00 21 00 00 00 09 00 07 00
y11: client 0: request 1328 opcode 53 len 16 bytes: 35 01 04 00 a8 00 10 00 21 00 00 00 09 00 07 00
y11: client 0: request 1329 opcode 56 len 16 bytes: 38 00 04 00 86 00 10 00 04 00 00 00 01 00 00 00
y11: client 0: request 1330 opcode 70 len 20 bytes: 46 00 05 00 a8 00 10 00 86 00 10 00 00 00 00 00 09 00 07 00
y11: client 0: request 1331 opcode 56 len 16 bytes: 38 00 04 00 86 00 10 00 04 00 00 00 00 00 00 00
y11: client 0: request 1332 opcode 64 len 16 bytes: 40 00 04 00 a8 00 10 00 86 00 10 00 00 00 00 00
y11: client 0: request 1333 opcode 64 len 16 bytes: 40 00 04 00 a7 00 10 00 8a 00 10 00 00 00 00 00
y11: client 0: request 1334 opcode 64 len 40 bytes: 40 00 0a 00 a7 00 10 00 89 00 10 00 01 00 00 00 02 00 00 00
y11: client 0: request 1335 opcode 64 len 16 bytes: 40 00 04 00 a8 00 10 00 86 00 10 00 08 00 00 00
y11: client 0: request 1336 opcode 64 len 16 bytes: 40 00 04 00 a7 00 10 00 8a 00 10 00 08 00 00 00
y11: client 0: request 1337 opcode 64 len 16 bytes: 40 00 04 00 a8 00 10 00 86 00 10 00 00 00 01 00
y11: client 0: request 1338 opcode 64 len 16 bytes: 40 00 04 00 a7 00 10 00 8a 00 10 00 00 00 01 00
y11: client 0: request 1339 opcode 64 len 16 bytes: 40 00 04 00 a7 00 10 00 8b 00 10 00 01 00 01 00
y11: client 0: request 1340 opcode 64 len 16 bytes: 40 00 04 00 a8 00 10 00 86 00 10 00 02 00 01 00
y11: client 0: request 1341 opcode 64 len 16 bytes: 40 00 04 00 a7 00 10 00 8a 00 10 00 02 00 01 00
y11: client 0: request 1342 opcode 64 len 16 bytes: 40 00 04 00 a8 00 10 00 86 00 10 00 03 00 01 00
y11: client 0: request 1343 opcode 64 len 16 bytes: 40 00 04 00 a7 00 10 00 8a 00 10 00 03 00 01 00
y11: client 0: request 1344 opcode 64 len 16 bytes: 40 00 04 00 a8 00 10 00 86 00 10 00 04 00 01 00
y11: client 0: request 1345 opcode 64 len 16 bytes: 40 00 04 00 a7 00 10 00 8a 00 10 00 04 00 01 00
y11: client 0: request 1346 opcode 64 len 16 bytes: 40 00 04 00 a8 00 10 00 86 00 10 00 05 00 01 00
y11: client 0: request 1347 opcode 64 len 16 bytes: 40 00 04 00 a7 00 10 00 8a 00 10 00 05 00 01 00
y11: client 0: request 1348 opcode 64 len 16 bytes: 40 00 04 00 a8 00 10 00 86 00 10 00 06 00 01 00
y11: client 0: request 1349 opcode 64 len 16 bytes: 40 00 04 00 a7 00 10 00 8a 00 10 00 06 00 01 00
y11: client 0: request 1350 opcode 64 len 16 bytes: 40 00 04 00 a7 00 10 00 88 00 10 00 07 00 01 00
y11: client 0: request 1351 opcode 64 len 16 bytes: 40 00 04 00 a8 00 10 00 86 00 10 00 08 00 01 00
y11: client 0: request 1352 opcode 64 len 16 bytes: 40 00 04 00 a7 00 10 00 8a 00 10 00 08 00 01 00
y11: client 0: request 1353 opcode 64 len 16 bytes: 40 00 04 00 a8 00 10 00 86 00 10 00 00 00 02 00
y11: client 0: request 1354 opcode 64 len 16 bytes: 40 00 04 00 a7 00 10 00 8a 00 10 00 00 00 02 00
y11: client 0: request 1355 opcode 64 len 16 bytes: 40 00 04 00 a8 00 10 00 86 00 10 00 01 00 02 00
y11: client 0: request 1356 opcode 64 len 16 bytes: 40 00 04 00 a7 00 10 00 8a 00 10 00 01 00 02 00
y11: client 0: request 1357 opcode 64 len 16 bytes: 40 00 04 00 a7 00 10 00 8b 00 10 00 02 00 02 00
y11: client 0: request 1358 opcode 64 len 16 bytes: 40 00 04 00 a8 00 10 00 86 00 10 00 03 00 02 00
y11: client 0: request 1359 opcode 64 len 16 bytes: 40 00 04 00 a7 00 10 00 8a 00 10 00 03 00 02 00
y11: client 0: request 1360 opcode 64 len 16 bytes: 40 00 04 00 a8 00 10 00 86 00 10 00 04 00 02 00
y11: client 0: request 1361 opcode 64 len 16 bytes: 40 00 04 00 a7 00 10 00 8a 00 10 00 04 00 02 00
y11: client 0: request 1362 opcode 64 len 16 bytes: 40 00 04 00 a8 00 10 00 86 00 10 00 05 00 02 00
y11: client 0: request 1363 opcode 64 len 16 bytes: 40 00 04 00 a7 00 10 00 8a 00 10 00 05 00 02 00
y11: client 0: request 1364 opcode 64 len 16 bytes: 40 00 04 00 a7 00 10 00 88 00 10 00 06 00 02 00
y11: client 0: request 1365 opcode 64 len 16 bytes: 40 00 04 00 a8 00 10 00 86 00 10 00 07 00 02 00
y11: client 0: request 1366 opcode 64 len 16 bytes: 40 00 04 00 a7 00 10 00 8a 00 10 00 07 00 02 00
y11: client 0: request 1367 opcode 64 len 16 bytes: 40 00 04 00 a8 00 10 00 86 00 10 00 08 00 02 00
y11: client 0: request 1368 opcode 64 len 16 bytes: 40 00 04 00 a7 00 10 00 8a 00 10 00 08 00 02 00
y11: client 0: request 1369 opcode 64 len 16 bytes: 40 00 04 00 a8 00 10 00 86 00 10 00 00 00 03 00
y11: client 0: request 1370 opcode 64 len 16 bytes: 40 00 04 00 a7 00 10 00 8a 00 10 00 00 00 03 00
y11: client 0: request 1371 opcode 64 len 16 bytes: 40 00 04 00 a8 00 10 00 86 00 10 00 01 00 03 00
y11: client 0: request 1372 opcode 64 len 16 bytes: 40 00 04 00 a7 00 10 00 8a 00 10 00 01 00 03 00
y11: client 0: request 1373 opcode 64 len 16 bytes: 40 00 04 00 a7 00 10 00 8b 00 10 00 02 00 03 00
y11: client 0: request 1374 opcode 64 len 16 bytes: 40 00 04 00 a8 00 10 00 86 00 10 00 03 00 03 00
y11: client 0: request 1375 opcode 64 len 16 bytes: 40 00 04 00 a7 00 10 00 8a 00 10 00 03 00 03 00
y11: client 0: request 1376 opcode 64 len 16 bytes: 40 00 04 00 a8 00 10 00 86 00 10 00 04 00 03 00
y11: client 0: request 1377 opcode 64 len 16 bytes: 40 00 04 00 a7 00 10 00 8a 00 10 00 04 00 03 00
y11: client 0: request 1378 opcode 64 len 16 bytes: 40 00 04 00 a8 00 10 00 86 00 10 00 05 00 03 00
y11: client 0: request 1379 opcode 64 len 16 bytes: 40 00 04 00 a7 00 10 00 8a 00 10 00 05 00 03 00
y11: client 0: request 1380 opcode 64 len 16 bytes: 40 00 04 00 a7 00 10 00 88 00 10 00 06 00 03 00
y11: client 0: request 1381 opcode 64 len 16 bytes: 40 00 04 00 a8 00 10 00 86 00 10 00 07 00 03 00
y11: client 0: request 1382 opcode 64 len 16 bytes: 40 00 04 00 a7 00 10 00 8a 00 10 00 07 00 03 00
y11: client 0: request 1383 opcode 64 len 16 bytes: 40 00 04 00 a8 00 10 00 86 00 10 00 08 00 03 00
y11: client 0: request 1384 opcode 64 len 16 bytes: 40 00 04 00 a7 00 10 00 8a 00 10 00 08 00 03 00
y11: client 0: request 1385 opcode 64 len 16 bytes: 40 00 04 00 a8 00 10 00 86 00 10 00 00 00 04 00
y11: client 0: request 1386 opcode 64 len 16 bytes: 40 00 04 00 a7 00 10 00 8a 00 10 00 00 00 04 00
y11: client 0: request 1387 opcode 64 len 16 bytes: 40 00 04 00 a8 00 10 00 86 00 10 00 01 00 04 00
y11: client 0: request 1388 opcode 64 len 16 bytes: 40 00 04 00 a7 00 10 00 8a 00 10 00 01 00 04 00
y11: client 0: request 1389 opcode 64 len 16 bytes: 40 00 04 00 a8 00 10 00 86 00 10 00 02 00 04 00
y11: client 0: request 1390 opcode 64 len 16 bytes: 40 00 04 00 a7 00 10 00 8a 00 10 00 02 00 04 00
y11: client 0: request 1391 opcode 64 len 16 bytes: 40 00 04 00 a7 00 10 00 8b 00 10 00 03 00 04 00
y11: client 0: request 1392 opcode 64 len 16 bytes: 40 00 04 00 a8 00 10 00 86 00 10 00 04 00 04 00
y11: client 0: request 1393 opcode 64 len 16 bytes: 40 00 04 00 a7 00 10 00 8a 00 10 00 04 00 04 00
y11: client 0: request 1394 opcode 64 len 16 bytes: 40 00 04 00 a7 00 10 00 88 00 10 00 05 00 04 00
y11: client 0: request 1395 opcode 64 len 16 bytes: 40 00 04 00 a8 00 10 00 86 00 10 00 06 00 04 00
y11: client 0: request 1396 opcode 64 len 16 bytes: 40 00 04 00 a7 00 10 00 8a 00 10 00 06 00 04 00
y11: client 0: request 1397 opcode 64 len 16 bytes: 40 00 04 00 a8 00 10 00 86 00 10 00 07 00 04 00
y11: client 0: request 1398 opcode 64 len 16 bytes: 40 00 04 00 a7 00 10 00 8a 00 10 00 07 00 04 00
y11: client 0: request 1399 opcode 64 len 16 bytes: 40 00 04 00 a8 00 10 00 86 00 10 00 08 00 04 00
y11: client 0: request 1400 opcode 64 len 16 bytes: 40 00 04 00 a7 00 10 00 8a 00 10 00 08 00 04 00
y11: client 0: request 1401 opcode 64 len 16 bytes: 40 00 04 00 a8 00 10 00 86 00 10 00 00 00 05 00
y11: client 0: request 1402 opcode 64 len 16 bytes: 40 00 04 00 a7 00 10 00 8a 00 10 00 00 00 05 00
y11: client 0: request 1403 opcode 64 len 16 bytes: 40 00 04 00 a8 00 10 00 86 00 10 00 01 00 05 00
y11: client 0: request 1404 opcode 64 len 16 bytes: 40 00 04 00 a7 00 10 00 8a 00 10 00 01 00 05 00
y11: client 0: request 1405 opcode 64 len 16 bytes: 40 00 04 00 a8 00 10 00 86 00 10 00 02 00 05 00
y11: client 0: request 1406 opcode 64 len 16 bytes: 40 00 04 00 a7 00 10 00 8a 00 10 00 02 00 05 00
y11: client 0: request 1407 opcode 64 len 16 bytes: 40 00 04 00 a7 00 10 00 8b 00 10 00 03 00 05 00
y11: client 0: request 1408 opcode 64 len 16 bytes: 40 00 04 00 a8 00 10 00 86 00 10 00 04 00 05 00
y11: client 0: request 1409 opcode 64 len 16 bytes: 40 00 04 00 a7 00 10 00 8a 00 10 00 04 00 05 00
y11: client 0: request 1410 opcode 64 len 16 bytes: 40 00 04 00 a7 00 10 00 88 00 10 00 05 00 05 00
y11: client 0: request 1411 opcode 64 len 16 bytes: 40 00 04 00 a8 00 10 00 86 00 10 00 06 00 05 00
y11: client 0: request 1412 opcode 64 len 16 bytes: 40 00 04 00 a7 00 10 00 8a 00 10 00 06 00 05 00
y11: client 0: request 1413 opcode 64 len 16 bytes: 40 00 04 00 a8 00 10 00 86 00 10 00 07 00 05 00
y11: client 0: request 1414 opcode 64 len 16 bytes: 40 00 04 00 a7 00 10 00 8a 00 10 00 07 00 05 00
y11: client 0: request 1415 opcode 64 len 16 bytes: 40 00 04 00 a8 00 10 00 86 00 10 00 08 00 05 00
y11: client 0: request 1416 opcode 64 len 16 bytes: 40 00 04 00 a7 00 10 00 8a 00 10 00 08 00 05 00
y11: client 0: request 1417 opcode 64 len 16 bytes: 40 00 04 00 a8 00 10 00 86 00 10 00 00 00 06 00
y11: client 0: request 1418 opcode 64 len 16 bytes: 40 00 04 00 a7 00 10 00 8a 00 10 00 00 00 06 00
y11: client 0: request 1419 opcode 64 len 16 bytes: 40 00 04 00 a8 00 10 00 86 00 10 00 01 00 06 00
y11: client 0: request 1420 opcode 64 len 16 bytes: 40 00 04 00 a7 00 10 00 8a 00 10 00 01 00 06 00
y11: client 0: request 1421 opcode 64 len 16 bytes: 40 00 04 00 a8 00 10 00 86 00 10 00 02 00 06 00
y11: client 0: request 1422 opcode 64 len 16 bytes: 40 00 04 00 a7 00 10 00 8a 00 10 00 02 00 06 00
y11: client 0: request 1423 opcode 64 len 16 bytes: 40 00 04 00 a8 00 10 00 86 00 10 00 03 00 06 00
y11: client 0: request 1424 opcode 64 len 16 bytes: 40 00 04 00 a7 00 10 00 8a 00 10 00 03 00 06 00
y11: client 0: request 1425 opcode 64 len 16 bytes: 40 00 04 00 a7 00 10 00 8b 00 10 00 04 00 06 00
y11: client 0: request 1426 opcode 64 len 16 bytes: 40 00 04 00 a8 00 10 00 86 00 10 00 05 00 06 00
y11: client 0: request 1427 opcode 64 len 16 bytes: 40 00 04 00 a7 00 10 00 8a 00 10 00 05 00 06 00
y11: client 0: request 1428 opcode 64 len 16 bytes: 40 00 04 00 a8 00 10 00 86 00 10 00 06 00 06 00
y11: client 0: request 1429 opcode 64 len 16 bytes: 40 00 04 00 a7 00 10 00 8a 00 10 00 06 00 06 00
y11: client 0: request 1430 opcode 64 len 16 bytes: 40 00 04 00 a8 00 10 00 86 00 10 00 07 00 06 00
y11: client 0: request 1431 opcode 64 len 16 bytes: 40 00 04 00 a7 00 10 00 8a 00 10 00 07 00 06 00
y11: client 0: request 1432 opcode 64 len 16 bytes: 40 00 04 00 a8 00 10 00 86 00 10 00 08 00 06 00
y11: client 0: request 1433 opcode 64 len 16 bytes: 40 00 04 00 a7 00 10 00 8a 00 10 00 08 00 06 00
y11: client 0: request 1434 opcode 53 len 16 bytes: 35 18 04 00 a9 00 10 00 21 00 00 00 08 00 0a 00
y11: client 0: request 1435 opcode 53 len 16 bytes: 35 01 04 00 aa 00 10 00 21 00 00 00 08 00 0a 00
y11: client 0: request 1436 opcode 56 len 16 bytes: 38 00 04 00 86 00 10 00 04 00 00 00 01 00 00 00
y11: client 0: request 1437 opcode 70 len 20 bytes: 46 00 05 00 aa 00 10 00 86 00 10 00 00 00 00 00 08 00 0a 00
y11: client 0: request 1438 opcode 56 len 16 bytes: 38 00 04 00 86 00 10 00 04 00 00 00 00 00 00 00
y11: client 0: request 1439 opcode 64 len 16 bytes: 40 00 04 00 aa 00 10 00 86 00 10 00 00 00 00 00
y11: client 0: request 1440 opcode 64 len 16 bytes: 40 00 04 00 a9 00 10 00 8a 00 10 00 00 00 00 00
y11: client 0: request 1441 opcode 64 len 16 bytes: 40 00 04 00 aa 00 10 00 86 00 10 00 01 00 00 00
y11: client 0: request 1442 opcode 64 len 16 bytes: 40 00 04 00 a9 00 10 00 8a 00 10 00 01 00 00 00
y11: client 0: request 1443 opcode 64 len 16 bytes: 40 00 04 00 aa 00 10 00 86 00 10 00 02 00 00 00
y11: client 0: request 1444 opcode 64 len 16 bytes: 40 00 04 00 a9 00 10 00 8a 00 10 00 02 00 00 00
y11: client 0: request 1445 opcode 64 len 16 bytes: 40 00 04 00 aa 00 10 00 86 00 10 00 03 00 00 00
y11: client 0: request 1446 opcode 64 len 16 bytes: 40 00 04 00 a9 00 10 00 8a 00 10 00 03 00 00 00
y11: client 0: request 1447 opcode 64 len 16 bytes: 40 00 04 00 aa 00 10 00 86 00 10 00 04 00 00 00
y11: client 0: request 1448 opcode 64 len 16 bytes: 40 00 04 00 a9 00 10 00 8a 00 10 00 04 00 00 00
y11: client 0: request 1449 opcode 64 len 16 bytes: 40 00 04 00 aa 00 10 00 86 00 10 00 05 00 00 00
y11: client 0: request 1450 opcode 64 len 16 bytes: 40 00 04 00 a9 00 10 00 8a 00 10 00 05 00 00 00
y11: client 0: request 1451 opcode 64 len 16 bytes: 40 00 04 00 aa 00 10 00 86 00 10 00 06 00 00 00
y11: client 0: request 1452 opcode 64 len 16 bytes: 40 00 04 00 a9 00 10 00 8a 00 10 00 06 00 00 00
y11: client 0: request 1453 opcode 64 len 16 bytes: 40 00 04 00 aa 00 10 00 86 00 10 00 07 00 00 00
y11: client 0: request 1454 opcode 64 len 16 bytes: 40 00 04 00 a9 00 10 00 8a 00 10 00 07 00 00 00
y11: client 0: request 1455 opcode 64 len 16 bytes: 40 00 04 00 aa 00 10 00 86 00 10 00 00 00 01 00
y11: client 0: request 1456 opcode 64 len 16 bytes: 40 00 04 00 a9 00 10 00 8a 00 10 00 00 00 01 00
y11: client 0: request 1457 opcode 64 len 16 bytes: 40 00 04 00 aa 00 10 00 86 00 10 00 01 00 01 00
y11: client 0: request 1458 opcode 64 len 16 bytes: 40 00 04 00 a9 00 10 00 8a 00 10 00 01 00 01 00
y11: client 0: request 1459 opcode 64 len 16 bytes: 40 00 04 00 aa 00 10 00 86 00 10 00 02 00 01 00
y11: client 0: request 1460 opcode 64 len 16 bytes: 40 00 04 00 a9 00 10 00 8a 00 10 00 02 00 01 00
y11: client 0: request 1461 opcode 64 len 16 bytes: 40 00 04 00 aa 00 10 00 86 00 10 00 03 00 01 00
y11: client 0: request 1462 opcode 64 len 16 bytes: 40 00 04 00 a9 00 10 00 8a 00 10 00 03 00 01 00
y11: client 0: request 1463 opcode 64 len 16 bytes: 40 00 04 00 aa 00 10 00 86 00 10 00 04 00 01 00
y11: client 0: request 1464 opcode 64 len 16 bytes: 40 00 04 00 a9 00 10 00 8a 00 10 00 04 00 01 00
y11: client 0: request 1465 opcode 64 len 16 bytes: 40 00 04 00 aa 00 10 00 86 00 10 00 05 00 01 00
y11: client 0: request 1466 opcode 64 len 16 bytes: 40 00 04 00 a9 00 10 00 8a 00 10 00 05 00 01 00
y11: client 0: request 1467 opcode 64 len 16 bytes: 40 00 04 00 aa 00 10 00 86 00 10 00 06 00 01 00
y11: client 0: request 1468 opcode 64 len 16 bytes: 40 00 04 00 a9 00 10 00 8a 00 10 00 06 00 01 00
y11: client 0: request 1469 opcode 64 len 16 bytes: 40 00 04 00 a9 00 10 00 88 00 10 00 07 00 01 00
y11: client 0: request 1470 opcode 64 len 16 bytes: 40 00 04 00 aa 00 10 00 86 00 10 00 00 00 02 00
y11: client 0: request 1471 opcode 64 len 16 bytes: 40 00 04 00 a9 00 10 00 8a 00 10 00 00 00 02 00
y11: client 0: request 1472 opcode 64 len 16 bytes: 40 00 04 00 aa 00 10 00 86 00 10 00 01 00 02 00
y11: client 0: request 1473 opcode 64 len 16 bytes: 40 00 04 00 a9 00 10 00 8a 00 10 00 01 00 02 00
y11: client 0: request 1474 opcode 64 len 16 bytes: 40 00 04 00 aa 00 10 00 86 00 10 00 02 00 02 00
y11: client 0: request 1475 opcode 64 len 16 bytes: 40 00 04 00 a9 00 10 00 8a 00 10 00 02 00 02 00
y11: client 0: request 1476 opcode 64 len 16 bytes: 40 00 04 00 aa 00 10 00 86 00 10 00 03 00 02 00
y11: client 0: request 1477 opcode 64 len 16 bytes: 40 00 04 00 a9 00 10 00 8a 00 10 00 03 00 02 00
y11: client 0: request 1478 opcode 64 len 16 bytes: 40 00 04 00 aa 00 10 00 86 00 10 00 04 00 02 00
y11: client 0: request 1479 opcode 64 len 16 bytes: 40 00 04 00 a9 00 10 00 8a 00 10 00 04 00 02 00
y11: client 0: request 1480 opcode 64 len 16 bytes: 40 00 04 00 aa 00 10 00 86 00 10 00 05 00 02 00
y11: client 0: request 1481 opcode 64 len 16 bytes: 40 00 04 00 a9 00 10 00 8a 00 10 00 05 00 02 00
y11: client 0: request 1482 opcode 64 len 16 bytes: 40 00 04 00 a9 00 10 00 88 00 10 00 06 00 02 00
y11: client 0: request 1483 opcode 64 len 16 bytes: 40 00 04 00 a9 00 10 00 89 00 10 00 07 00 02 00
y11: client 0: request 1484 opcode 64 len 16 bytes: 40 00 04 00 aa 00 10 00 86 00 10 00 00 00 03 00
y11: client 0: request 1485 opcode 64 len 16 bytes: 40 00 04 00 a9 00 10 00 8a 00 10 00 00 00 03 00
y11: client 0: request 1486 opcode 64 len 16 bytes: 40 00 04 00 aa 00 10 00 86 00 10 00 01 00 03 00
y11: client 0: request 1487 opcode 64 len 16 bytes: 40 00 04 00 a9 00 10 00 8a 00 10 00 01 00 03 00
y11: client 0: request 1488 opcode 64 len 16 bytes: 40 00 04 00 aa 00 10 00 86 00 10 00 02 00 03 00
y11: client 0: request 1489 opcode 64 len 16 bytes: 40 00 04 00 a9 00 10 00 8a 00 10 00 02 00 03 00
y11: client 0: request 1490 opcode 64 len 16 bytes: 40 00 04 00 aa 00 10 00 86 00 10 00 03 00 03 00
y11: client 0: request 1491 opcode 64 len 16 bytes: 40 00 04 00 a9 00 10 00 8a 00 10 00 03 00 03 00
y11: client 0: request 1492 opcode 64 len 16 bytes: 40 00 04 00 aa 00 10 00 86 00 10 00 04 00 03 00
y11: client 0: request 1493 opcode 64 len 16 bytes: 40 00 04 00 a9 00 10 00 8a 00 10 00 04 00 03 00
y11: client 0: request 1494 opcode 64 len 16 bytes: 40 00 04 00 a9 00 10 00 88 00 10 00 05 00 03 00
y11: client 0: request 1495 opcode 64 len 16 bytes: 40 00 04 00 a9 00 10 00 89 00 10 00 06 00 03 00
y11: client 0: request 1496 opcode 64 len 16 bytes: 40 00 04 00 a9 00 10 00 8b 00 10 00 07 00 03 00
y11: client 0: request 1497 opcode 64 len 16 bytes: 40 00 04 00 a9 00 10 00 88 00 10 00 00 00 04 00
y11: client 0: request 1498 opcode 64 len 16 bytes: 40 00 04 00 a9 00 10 00 89 00 10 00 01 00 04 00
y11: client 0: request 1499 opcode 64 len 16 bytes: 40 00 04 00 aa 00 10 00 86 00 10 00 02 00 04 00
y11: client 0: request 1500 opcode 64 len 16 bytes: 40 00 04 00 a9 00 10 00 8a 00 10 00 02 00 04 00
y11: client 0: request 1501 opcode 64 len 16 bytes: 40 00 04 00 aa 00 10 00 86 00 10 00 03 00 04 00
y11: client 0: request 1502 opcode 64 len 16 bytes: 40 00 04 00 a9 00 10 00 8a 00 10 00 03 00 04 00
y11: client 0: request 1503 opcode 64 len 16 bytes: 40 00 04 00 a9 00 10 00 88 00 10 00 04 00 04 00
y11: client 0: request 1504 opcode 64 len 16 bytes: 40 00 04 00 a9 00 10 00 89 00 10 00 05 00 04 00
y11: client 0: request 1505 opcode 64 len 16 bytes: 40 00 04 00 a9 00 10 00 8b 00 10 00 06 00 04 00
y11: client 0: request 1506 opcode 64 len 16 bytes: 40 00 04 00 aa 00 10 00 86 00 10 00 07 00 04 00
y11: client 0: request 1507 opcode 64 len 16 bytes: 40 00 04 00 a9 00 10 00 8a 00 10 00 07 00 04 00
y11: client 0: request 1508 opcode 64 len 16 bytes: 40 00 04 00 a9 00 10 00 88 00 10 00 00 00 05 00
y11: client 0: request 1509 opcode 64 len 16 bytes: 40 00 04 00 a9 00 10 00 89 00 10 00 01 00 05 00
y11: client 0: request 1510 opcode 64 len 16 bytes: 40 00 04 00 a9 00 10 00 8b 00 10 00 02 00 05 00
y11: client 0: request 1511 opcode 64 len 16 bytes: 40 00 04 00 a9 00 10 00 88 00 10 00 03 00 05 00
y11: client 0: request 1512 opcode 64 len 16 bytes: 40 00 04 00 a9 00 10 00 89 00 10 00 04 00 05 00
y11: client 0: request 1513 opcode 64 len 16 bytes: 40 00 04 00 a9 00 10 00 8b 00 10 00 05 00 05 00
y11: client 0: request 1514 opcode 64 len 16 bytes: 40 00 04 00 aa 00 10 00 86 00 10 00 06 00 05 00
y11: client 0: request 1515 opcode 64 len 16 bytes: 40 00 04 00 a9 00 10 00 8a 00 10 00 06 00 05 00
y11: client 0: request 1516 opcode 64 len 16 bytes: 40 00 04 00 aa 00 10 00 86 00 10 00 07 00 05 00
y11: client 0: request 1517 opcode 64 len 16 bytes: 40 00 04 00 a9 00 10 00 8a 00 10 00 07 00 05 00
y11: client 0: request 1518 opcode 64 len 16 bytes: 40 00 04 00 a9 00 10 00 88 00 10 00 00 00 06 00
y11: client 0: request 1519 opcode 64 len 16 bytes: 40 00 04 00 a9 00 10 00 8b 00 10 00 01 00 06 00
y11: client 0: request 1520 opcode 64 len 16 bytes: 40 00 04 00 a9 00 10 00 88 00 10 00 02 00 06 00
y11: client 0: request 1521 opcode 64 len 16 bytes: 40 00 04 00 a9 00 10 00 89 00 10 00 03 00 06 00
y11: client 0: request 1522 opcode 64 len 16 bytes: 40 00 04 00 a9 00 10 00 8b 00 10 00 04 00 06 00
y11: client 0: request 1523 opcode 64 len 16 bytes: 40 00 04 00 aa 00 10 00 86 00 10 00 05 00 06 00
y11: client 0: request 1524 opcode 64 len 16 bytes: 40 00 04 00 a9 00 10 00 8a 00 10 00 05 00 06 00
y11: client 0: request 1525 opcode 64 len 16 bytes: 40 00 04 00 aa 00 10 00 86 00 10 00 06 00 06 00
y11: client 0: request 1526 opcode 64 len 16 bytes: 40 00 04 00 a9 00 10 00 8a 00 10 00 06 00 06 00
y11: client 0: request 1527 opcode 64 len 16 bytes: 40 00 04 00 aa 00 10 00 86 00 10 00 07 00 06 00
y11: client 0: request 1528 opcode 64 len 16 bytes: 40 00 04 00 a9 00 10 00 8a 00 10 00 07 00 06 00
y11: client 0: request 1529 opcode 64 len 20 bytes: 40 00 05 00 a9 00 10 00 88 00 10 00 00 00 07 00 01 00 07 00
y11: client 0: request 1530 opcode 64 len 16 bytes: 40 00 04 00 a9 00 10 00 89 00 10 00 02 00 07 00
y11: client 0: request 1531 opcode 64 len 16 bytes: 40 00 04 00 a9 00 10 00 8b 00 10 00 03 00 07 00
y11: client 0: request 1532 opcode 64 len 16 bytes: 40 00 04 00 aa 00 10 00 86 00 10 00 04 00 07 00
y11: client 0: request 1533 opcode 64 len 16 bytes: 40 00 04 00 a9 00 10 00 8a 00 10 00 04 00 07 00
y11: client 0: request 1534 opcode 64 len 16 bytes: 40 00 04 00 aa 00 10 00 86 00 10 00 05 00 07 00
y11: client 0: request 1535 opcode 64 len 16 bytes: 40 00 04 00 a9 00 10 00 8a 00 10 00 05 00 07 00
y11: client 0: request 1536 opcode 64 len 16 bytes: 40 00 04 00 aa 00 10 00 86 00 10 00 06 00 07 00
y11: client 0: request 1537 opcode 64 len 16 bytes: 40 00 04 00 a9 00 10 00 8a 00 10 00 06 00 07 00
y11: client 0: request 1538 opcode 64 len 16 bytes: 40 00 04 00 aa 00 10 00 86 00 10 00 07 00 07 00
y11: client 0: request 1539 opcode 64 len 16 bytes: 40 00 04 00 a9 00 10 00 8a 00 10 00 07 00 07 00
y11: client 0: request 1540 opcode 64 len 16 bytes: 40 00 04 00 a9 00 10 00 88 00 10 00 00 00 08 00
y11: client 0: request 1541 opcode 64 len 16 bytes: 40 00 04 00 a9 00 10 00 89 00 10 00 01 00 08 00
y11: client 0: request 1542 opcode 64 len 16 bytes: 40 00 04 00 a9 00 10 00 8b 00 10 00 02 00 08 00
y11: client 0: request 1543 opcode 64 len 16 bytes: 40 00 04 00 aa 00 10 00 86 00 10 00 03 00 08 00
y11: client 0: request 1544 opcode 64 len 16 bytes: 40 00 04 00 a9 00 10 00 8a 00 10 00 03 00 08 00
y11: client 0: request 1545 opcode 64 len 16 bytes: 40 00 04 00 aa 00 10 00 86 00 10 00 04 00 08 00
y11: client 0: request 1546 opcode 64 len 16 bytes: 40 00 04 00 a9 00 10 00 8a 00 10 00 04 00 08 00
y11: client 0: request 1547 opcode 64 len 16 bytes: 40 00 04 00 aa 00 10 00 86 00 10 00 05 00 08 00
y11: client 0: request 1548 opcode 64 len 16 bytes: 40 00 04 00 a9 00 10 00 8a 00 10 00 05 00 08 00
y11: client 0: request 1549 opcode 64 len 16 bytes: 40 00 04 00 aa 00 10 00 86 00 10 00 06 00 08 00
y11: client 0: request 1550 opcode 64 len 16 bytes: 40 00 04 00 a9 00 10 00 8a 00 10 00 06 00 08 00
y11: client 0: request 1551 opcode 64 len 16 bytes: 40 00 04 00 aa 00 10 00 86 00 10 00 07 00 08 00
y11: client 0: request 1552 opcode 64 len 16 bytes: 40 00 04 00 a9 00 10 00 8a 00 10 00 07 00 08 00
y11: client 0: request 1553 opcode 64 len 16 bytes: 40 00 04 00 a9 00 10 00 89 00 10 00 00 00 09 00
y11: client 0: request 1554 opcode 64 len 16 bytes: 40 00 04 00 a9 00 10 00 8b 00 10 00 01 00 09 00
y11: client 0: request 1555 opcode 64 len 16 bytes: 40 00 04 00 aa 00 10 00 86 00 10 00 02 00 09 00
y11: client 0: request 1556 opcode 64 len 16 bytes: 40 00 04 00 a9 00 10 00 8a 00 10 00 02 00 09 00
y11: client 0: request 1557 opcode 64 len 16 bytes: 40 00 04 00 aa 00 10 00 86 00 10 00 03 00 09 00
y11: client 0: request 1558 opcode 64 len 16 bytes: 40 00 04 00 a9 00 10 00 8a 00 10 00 03 00 09 00
y11: client 0: request 1559 opcode 64 len 16 bytes: 40 00 04 00 aa 00 10 00 86 00 10 00 04 00 09 00
y11: client 0: request 1560 opcode 64 len 16 bytes: 40 00 04 00 a9 00 10 00 8a 00 10 00 04 00 09 00
y11: client 0: request 1561 opcode 64 len 16 bytes: 40 00 04 00 aa 00 10 00 86 00 10 00 05 00 09 00
y11: client 0: request 1562 opcode 64 len 16 bytes: 40 00 04 00 a9 00 10 00 8a 00 10 00 05 00 09 00
y11: client 0: request 1563 opcode 64 len 16 bytes: 40 00 04 00 aa 00 10 00 86 00 10 00 06 00 09 00
y11: client 0: request 1564 opcode 64 len 16 bytes: 40 00 04 00 a9 00 10 00 8a 00 10 00 06 00 09 00
y11: client 0: request 1565 opcode 64 len 16 bytes: 40 00 04 00 aa 00 10 00 86 00 10 00 07 00 09 00
y11: client 0: request 1566 opcode 64 len 16 bytes: 40 00 04 00 a9 00 10 00 8a 00 10 00 07 00 09 00
y11: client 0: request 1567 opcode 43 len 4 bytes: 2b 00 01 00
y11: client 0: reply seq 1567 len 32
y11: client 0: request 1568 opcode 130 len 16 bytes: 82 01 04 00 ab 00 10 00 25 80 01 00 00 00 09 00
y11: client 0: request 1569 opcode 43 len 4 bytes: 2b 00 01 00
y11: client 0: reply seq 1569 len 32
y11: client 0: request 1570 opcode 53 len 16 bytes: 35 18 04 00 ac 00 10 00 21 00 00 00 18 00 18 00
y11: client 0: request 1571 opcode 130 len 28 bytes: 82 05 07 00 ad 00 10 00 21 00 00 00 18 00 18 00 18 00 09 00
y11: client 0: request 1572 opcode 62 len 28 bytes: 3e 00 07 00 ad 00 10 00 ac 00 10 00 7c 00 10 00 00 00 00 00
y11: client 0: request 1573 opcode 54 len 8 bytes: 36 00 02 00 ad 00 10 00
y11: client 0: request 1574 opcode 43 len 4 bytes: 2b 00 01 00
y11: client 0: reply seq 1574 len 32
y11: client 0: request 1575 opcode 130 len 8 bytes: 82 02 02 00 ab 00 10 00
y11: client 0: request 1576 opcode 43 len 4 bytes: 2b 00 01 00
y11: client 0: reply seq 1576 len 32
y11: client 0: request 1577 opcode 130 len 16 bytes: 82 01 04 00 ae 00 10 00 26 80 01 00 00 00 18 00
y11: client 0: request 1578 opcode 43 len 4 bytes: 2b 00 01 00
y11: client 0: reply seq 1578 len 32
y11: client 0: request 1579 opcode 53 len 16 bytes: 35 01 04 00 af 00 10 00 21 00 00 00 18 00 18 00
y11: client 0: request 1580 opcode 55 len 24 bytes: 37 00 06 00 b0 00 10 00 af 00 10 00 08 00 01 00 ff ff ff 00
y11: client 0: request 1581 opcode 130 len 40 bytes: 82 03 0a 00 af 00 10 00 b0 00 10 00 18 00 18 00 00 00 00 00
y11: client 0: request 1582 opcode 43 len 4 bytes: 2b 00 01 00
y11: client 0: reply seq 1582 len 32
y11: client 0: request 1583 opcode 130 len 8 bytes: 82 02 02 00 ae 00 10 00
y11: client 0: request 1584 opcode 60 len 8 bytes: 3c 00 02 00 b0 00 10 00
y11: client 0: request 1585 opcode 43 len 4 bytes: 2b 00 01 00
y11: client 0: reply seq 1585 len 32
y11: client 0: request 1586 opcode 130 len 16 bytes: 82 01 04 00 b1 00 10 00 27 80 01 00 00 00 10 00
y11: client 0: request 1587 opcode 43 len 4 bytes: 2b 00 01 00
y11: client 0: reply seq 1587 len 32
y11: client 0: request 1588 opcode 53 len 16 bytes: 35 18 04 00 b2 00 10 00 21 00 00 00 18 00 18 00
y11: client 0: request 1589 opcode 130 len 28 bytes: 82 05 07 00 b3 00 10 00 21 00 00 00 18 00 18 00 18 ff ff 00
y11: client 0: request 1590 opcode 62 len 28 bytes: 3e 00 07 00 b3 00 10 00 b2 00 10 00 7c 00 10 00 00 00 00 00
y11: client 0: request 1591 opcode 54 len 8 bytes: 36 00 02 00 b3 00 10 00
y11: client 0: request 1592 opcode 43 len 4 bytes: 2b 00 01 00
y11: client 0: reply seq 1592 len 32
y11: client 0: request 1593 opcode 130 len 8 bytes: 82 02 02 00 b1 00 10 00
y11: client 0: request 1594 opcode 43 len 4 bytes: 2b 00 01 00
y11: client 0: reply seq 1594 len 32
y11: client 0: request 1595 opcode 130 len 16 bytes: 82 01 04 00 b4 00 10 00 28 80 01 00 00 00 18 00
y11: client 0: request 1596 opcode 43 len 4 bytes: 2b 00 01 00
y11: client 0: reply seq 1596 len 32
y11: client 0: request 1597 opcode 53 len 16 bytes: 35 01 04 00 b5 00 10 00 21 00 00 00 18 00 18 00
y11: client 0: request 1598 opcode 55 len 24 bytes: 37 00 06 00 b6 00 10 00 b5 00 10 00 08 00 01 00 ff ff ff 00
y11: client 0: request 1599 opcode 130 len 40 bytes: 82 03 0a 00 b5 00 10 00 b6 00 10 00 18 00 18 00 00 00 00 00
y11: client 0: request 1600 opcode 43 len 4 bytes: 2b 00 01 00
y11: client 0: reply seq 1600 len 32
y11: client 0: request 1601 opcode 130 len 8 bytes: 82 02 02 00 b4 00 10 00
y11: client 0: request 1602 opcode 60 len 8 bytes: 3c 00 02 00 b6 00 10 00
y11: client 0: request 1603 opcode 43 len 4 bytes: 2b 00 01 00
y11: client 0: reply seq 1603 len 32
y11: client 0: request 1604 opcode 130 len 16 bytes: 82 01 04 00 b7 00 10 00 29 80 01 00 00 00 10 00
y11: client 0: request 1605 opcode 43 len 4 bytes: 2b 00 01 00
y11: client 0: reply seq 1605 len 32
y11: client 0: request 1606 opcode 53 len 16 bytes: 35 18 04 00 b8 00 10 00 21 00 00 00 18 00 18 00
y11: client 0: request 1607 opcode 130 len 28 bytes: 82 05 07 00 b9 00 10 00 21 00 00 00 18 00 18 00 18 ff ff 00
y11: client 0: request 1608 opcode 62 len 28 bytes: 3e 00 07 00 b9 00 10 00 b8 00 10 00 7c 00 10 00 00 00 00 00
y11: client 0: request 1609 opcode 54 len 8 bytes: 36 00 02 00 b9 00 10 00
y11: client 0: request 1610 opcode 43 len 4 bytes: 2b 00 01 00
y11: client 0: reply seq 1610 len 32
y11: client 0: request 1611 opcode 130 len 8 bytes: 82 02 02 00 b7 00 10 00
y11: client 0: request 1612 opcode 43 len 4 bytes: 2b 00 01 00
y11: client 0: reply seq 1612 len 32
y11: client 0: request 1613 opcode 130 len 16 bytes: 82 01 04 00 ba 00 10 00 2a 80 01 00 00 00 18 00
y11: client 0: request 1614 opcode 43 len 4 bytes: 2b 00 01 00
y11: client 0: reply seq 1614 len 32
y11: client 0: request 1615 opcode 53 len 16 bytes: 35 01 04 00 bb 00 10 00 21 00 00 00 18 00 18 00
y11: client 0: request 1616 opcode 55 len 24 bytes: 37 00 06 00 bc 00 10 00 bb 00 10 00 08 00 01 00 ff ff ff 00
y11: client 0: request 1617 opcode 130 len 40 bytes: 82 03 0a 00 bb 00 10 00 bc 00 10 00 18 00 18 00 00 00 00 00
y11: client 0: request 1618 opcode 43 len 4 bytes: 2b 00 01 00
y11: client 0: reply seq 1618 len 32
y11: client 0: request 1619 opcode 130 len 8 bytes: 82 02 02 00 ba 00 10 00
y11: client 0: request 1620 opcode 60 len 8 bytes: 3c 00 02 00 bc 00 10 00
y11: client 0: request 1621 opcode 43 len 4 bytes: 2b 00 01 00
y11: client 0: reply seq 1621 len 32
y11: client 0: request 1622 opcode 130 len 16 bytes: 82 01 04 00 bd 00 10 00 2b 80 01 00 00 00 10 00
y11: client 0: request 1623 opcode 43 len 4 bytes: 2b 00 01 00
y11: client 0: reply seq 1623 len 32
y11: client 0: request 1624 opcode 53 len 16 bytes: 35 18 04 00 be 00 10 00 21 00 00 00 18 00 18 00
y11: client 0: request 1625 opcode 130 len 28 bytes: 82 05 07 00 bf 00 10 00 21 00 00 00 18 00 18 00 18 ff ff 00
y11: client 0: request 1626 opcode 62 len 28 bytes: 3e 00 07 00 bf 00 10 00 be 00 10 00 7c 00 10 00 00 00 00 00
y11: client 0: request 1627 opcode 54 len 8 bytes: 36 00 02 00 bf 00 10 00
y11: client 0: request 1628 opcode 43 len 4 bytes: 2b 00 01 00
y11: client 0: reply seq 1628 len 32
y11: client 0: request 1629 opcode 130 len 8 bytes: 82 02 02 00 bd 00 10 00
y11: client 0: request 1630 opcode 43 len 4 bytes: 2b 00 01 00
y11: client 0: reply seq 1630 len 32
y11: client 0: request 1631 opcode 130 len 16 bytes: 82 01 04 00 c0 00 10 00 2c 80 01 00 00 00 18 00
y11: client 0: request 1632 opcode 43 len 4 bytes: 2b 00 01 00
y11: client 0: reply seq 1632 len 32
y11: client 0: request 1633 opcode 53 len 16 bytes: 35 01 04 00 c1 00 10 00 21 00 00 00 18 00 18 00
y11: client 0: request 1634 opcode 55 len 24 bytes: 37 00 06 00 c2 00 10 00 c1 00 10 00 08 00 01 00 ff ff ff 00
y11: client 0: request 1635 opcode 130 len 40 bytes: 82 03 0a 00 c1 00 10 00 c2 00 10 00 18 00 18 00 00 00 00 00
y11: client 0: request 1636 opcode 43 len 4 bytes: 2b 00 01 00
y11: client 0: reply seq 1636 len 32
y11: client 0: request 1637 opcode 130 len 8 bytes: 82 02 02 00 c0 00 10 00
y11: client 0: request 1638 opcode 60 len 8 bytes: 3c 00 02 00 c2 00 10 00
y11: client 0: request 1639 opcode 43 len 4 bytes: 2b 00 01 00
y11: client 0: reply seq 1639 len 32
y11: client 0: request 1640 opcode 130 len 16 bytes: 82 01 04 00 c3 00 10 00 2d 80 01 00 00 00 10 00
y11: client 0: request 1641 opcode 43 len 4 bytes: 2b 00 01 00
y11: client 0: reply seq 1641 len 32
y11: client 0: request 1642 opcode 53 len 16 bytes: 35 18 04 00 c4 00 10 00 21 00 00 00 18 00 18 00
y11: client 0: request 1643 opcode 130 len 28 bytes: 82 05 07 00 c5 00 10 00 21 00 00 00 18 00 18 00 18 ff ff 00
y11: client 0: request 1644 opcode 62 len 28 bytes: 3e 00 07 00 c5 00 10 00 c4 00 10 00 7c 00 10 00 00 00 00 00
y11: client 0: request 1645 opcode 54 len 8 bytes: 36 00 02 00 c5 00 10 00
y11: client 0: request 1646 opcode 43 len 4 bytes: 2b 00 01 00
y11: client 0: reply seq 1646 len 32
y11: client 0: request 1647 opcode 130 len 8 bytes: 82 02 02 00 c3 00 10 00
y11: client 0: request 1648 opcode 43 len 4 bytes: 2b 00 01 00
y11: client 0: reply seq 1648 len 32
y11: client 0: request 1649 opcode 130 len 16 bytes: 82 01 04 00 c6 00 10 00 2e 80 01 00 00 00 18 00
y11: client 0: request 1650 opcode 43 len 4 bytes: 2b 00 01 00
y11: client 0: reply seq 1650 len 32
y11: client 0: request 1651 opcode 53 len 16 bytes: 35 01 04 00 c7 00 10 00 21 00 00 00 18 00 18 00
y11: client 0: request 1652 opcode 55 len 24 bytes: 37 00 06 00 c8 00 10 00 c7 00 10 00 08 00 01 00 ff ff ff 00
y11: client 0: request 1653 opcode 130 len 40 bytes: 82 03 0a 00 c7 00 10 00 c8 00 10 00 18 00 18 00 00 00 00 00
y11: client 0: request 1654 opcode 43 len 4 bytes: 2b 00 01 00
y11: client 0: reply seq 1654 len 32
y11: client 0: request 1655 opcode 130 len 8 bytes: 82 02 02 00 c6 00 10 00
y11: client 0: request 1656 opcode 60 len 8 bytes: 3c 00 02 00 c8 00 10 00
y11: client 0: request 1657 opcode 43 len 4 bytes: 2b 00 01 00
y11: client 0: reply seq 1657 len 32
y11: client 0: request 1658 opcode 130 len 16 bytes: 82 01 04 00 c9 00 10 00 2f 80 01 00 00 00 10 00
y11: client 0: request 1659 opcode 43 len 4 bytes: 2b 00 01 00
y11: client 0: reply seq 1659 len 32
y11: client 0: request 1660 opcode 53 len 16 bytes: 35 18 04 00 ca 00 10 00 21 00 00 00 18 00 18 00
y11: client 0: request 1661 opcode 130 len 28 bytes: 82 05 07 00 cb 00 10 00 21 00 00 00 18 00 18 00 18 ff ff 00
y11: client 0: request 1662 opcode 62 len 28 bytes: 3e 00 07 00 cb 00 10 00 ca 00 10 00 7c 00 10 00 00 00 00 00
y11: client 0: request 1663 opcode 54 len 8 bytes: 36 00 02 00 cb 00 10 00
y11: client 0: request 1664 opcode 43 len 4 bytes: 2b 00 01 00
y11: client 0: reply seq 1664 len 32
y11: client 0: request 1665 opcode 130 len 8 bytes: 82 02 02 00 c9 00 10 00
y11: client 0: request 1666 opcode 43 len 4 bytes: 2b 00 01 00
y11: client 0: reply seq 1666 len 32
y11: client 0: request 1667 opcode 130 len 16 bytes: 82 01 04 00 cc 00 10 00 30 80 01 00 00 00 18 00
y11: client 0: request 1668 opcode 43 len 4 bytes: 2b 00 01 00
y11: client 0: reply seq 1668 len 32
y11: client 0: request 1669 opcode 53 len 16 bytes: 35 01 04 00 cd 00 10 00 21 00 00 00 18 00 18 00
y11: client 0: request 1670 opcode 55 len 24 bytes: 37 00 06 00 ce 00 10 00 cd 00 10 00 08 00 01 00 ff ff ff 00
y11: client 0: request 1671 opcode 130 len 40 bytes: 82 03 0a 00 cd 00 10 00 ce 00 10 00 18 00 18 00 00 00 00 00
y11: client 0: request 1672 opcode 43 len 4 bytes: 2b 00 01 00
y11: client 0: reply seq 1672 len 32
y11: client 0: request 1673 opcode 130 len 8 bytes: 82 02 02 00 cc 00 10 00
y11: client 0: request 1674 opcode 60 len 8 bytes: 3c 00 02 00 ce 00 10 00
y11: client 0: request 1675 opcode 43 len 4 bytes: 2b 00 01 00
y11: client 0: reply seq 1675 len 32
y11: client 0: request 1676 opcode 130 len 16 bytes: 82 01 04 00 cf 00 10 00 31 80 01 00 00 00 10 00
y11: client 0: request 1677 opcode 43 len 4 bytes: 2b 00 01 00
y11: client 0: reply seq 1677 len 32
y11: client 0: request 1678 opcode 53 len 16 bytes: 35 18 04 00 d0 00 10 00 21 00 00 00 18 00 18 00
y11: client 0: request 1679 opcode 130 len 28 bytes: 82 05 07 00 d1 00 10 00 21 00 00 00 18 00 18 00 18 ff ff 00
y11: client 0: request 1680 opcode 62 len 28 bytes: 3e 00 07 00 d1 00 10 00 d0 00 10 00 7c 00 10 00 00 00 00 00
y11: client 0: request 1681 opcode 54 len 8 bytes: 36 00 02 00 d1 00 10 00
y11: client 0: request 1682 opcode 43 len 4 bytes: 2b 00 01 00
y11: client 0: reply seq 1682 len 32
y11: client 0: request 1683 opcode 130 len 8 bytes: 82 02 02 00 cf 00 10 00
y11: client 0: request 1684 opcode 43 len 4 bytes: 2b 00 01 00
y11: client 0: reply seq 1684 len 32
y11: client 0: request 1685 opcode 130 len 16 bytes: 82 01 04 00 d2 00 10 00 32 80 01 00 00 00 18 00
y11: client 0: request 1686 opcode 43 len 4 bytes: 2b 00 01 00
y11: client 0: reply seq 1686 len 32
y11: client 0: request 1687 opcode 53 len 16 bytes: 35 01 04 00 d3 00 10 00 21 00 00 00 18 00 18 00
y11: client 0: request 1688 opcode 55 len 24 bytes: 37 00 06 00 d4 00 10 00 d3 00 10 00 08 00 01 00 ff ff ff 00
y11: client 0: request 1689 opcode 130 len 40 bytes: 82 03 0a 00 d3 00 10 00 d4 00 10 00 18 00 18 00 00 00 00 00
y11: client 0: request 1690 opcode 43 len 4 bytes: 2b 00 01 00
y11: client 0: reply seq 1690 len 32
y11: client 0: request 1691 opcode 130 len 8 bytes: 82 02 02 00 d2 00 10 00
y11: client 0: request 1692 opcode 60 len 8 bytes: 3c 00 02 00 d4 00 10 00
y11: client 0: request 1693 opcode 43 len 4 bytes: 2b 00 01 00
y11: client 0: reply seq 1693 len 32
y11: client 0: request 1694 opcode 130 len 16 bytes: 82 01 04 00 d5 00 10 00 33 80 01 00 00 00 10 00
y11: client 0: request 1695 opcode 43 len 4 bytes: 2b 00 01 00
y11: client 0: reply seq 1695 len 32
y11: client 0: request 1696 opcode 53 len 16 bytes: 35 18 04 00 d6 00 10 00 21 00 00 00 18 00 18 00
y11: client 0: request 1697 opcode 130 len 28 bytes: 82 05 07 00 d7 00 10 00 21 00 00 00 18 00 18 00 18 ff ff 00
y11: client 0: request 1698 opcode 62 len 28 bytes: 3e 00 07 00 d7 00 10 00 d6 00 10 00 7c 00 10 00 00 00 00 00
y11: client 0: request 1699 opcode 54 len 8 bytes: 36 00 02 00 d7 00 10 00
y11: client 0: request 1700 opcode 43 len 4 bytes: 2b 00 01 00
y11: client 0: reply seq 1700 len 32
y11: client 0: request 1701 opcode 130 len 8 bytes: 82 02 02 00 d5 00 10 00
y11: client 0: request 1702 opcode 43 len 4 bytes: 2b 00 01 00
y11: client 0: reply seq 1702 len 32
y11: client 0: request 1703 opcode 130 len 16 bytes: 82 01 04 00 d8 00 10 00 34 80 01 00 00 00 18 00
y11: client 0: request 1704 opcode 43 len 4 bytes: 2b 00 01 00
y11: client 0: reply seq 1704 len 32
y11: client 0: request 1705 opcode 53 len 16 bytes: 35 01 04 00 d9 00 10 00 21 00 00 00 18 00 18 00
y11: client 0: request 1706 opcode 55 len 24 bytes: 37 00 06 00 da 00 10 00 d9 00 10 00 08 00 01 00 ff ff ff 00
y11: client 0: request 1707 opcode 130 len 40 bytes: 82 03 0a 00 d9 00 10 00 da 00 10 00 18 00 18 00 00 00 00 00
y11: client 0: request 1708 opcode 43 len 4 bytes: 2b 00 01 00
y11: client 0: reply seq 1708 len 32
y11: client 0: request 1709 opcode 130 len 8 bytes: 82 02 02 00 d8 00 10 00
y11: client 0: request 1710 opcode 60 len 8 bytes: 3c 00 02 00 da 00 10 00
y11: client 0: request 1711 opcode 43 len 4 bytes: 2b 00 01 00
y11: client 0: reply seq 1711 len 32
y11: client 0: request 1712 opcode 130 len 16 bytes: 82 01 04 00 db 00 10 00 35 80 01 00 00 00 10 00
y11: client 0: request 1713 opcode 43 len 4 bytes: 2b 00 01 00
y11: client 0: reply seq 1713 len 32
y11: client 0: request 1714 opcode 53 len 16 bytes: 35 18 04 00 dc 00 10 00 21 00 00 00 18 00 18 00
y11: client 0: request 1715 opcode 130 len 28 bytes: 82 05 07 00 dd 00 10 00 21 00 00 00 18 00 18 00 18 ff ff 00
y11: client 0: request 1716 opcode 62 len 28 bytes: 3e 00 07 00 dd 00 10 00 dc 00 10 00 7c 00 10 00 00 00 00 00
y11: client 0: request 1717 opcode 54 len 8 bytes: 36 00 02 00 dd 00 10 00
y11: client 0: request 1718 opcode 43 len 4 bytes: 2b 00 01 00
y11: client 0: reply seq 1718 len 32
y11: client 0: request 1719 opcode 130 len 8 bytes: 82 02 02 00 db 00 10 00
y11: client 0: request 1720 opcode 43 len 4 bytes: 2b 00 01 00
y11: client 0: reply seq 1720 len 32
y11: client 0: request 1721 opcode 130 len 16 bytes: 82 01 04 00 de 00 10 00 36 80 01 00 00 00 18 00
y11: client 0: request 1722 opcode 43 len 4 bytes: 2b 00 01 00
y11: client 0: reply seq 1722 len 32
y11: client 0: request 1723 opcode 53 len 16 bytes: 35 01 04 00 df 00 10 00 21 00 00 00 18 00 18 00
y11: client 0: request 1724 opcode 55 len 24 bytes: 37 00 06 00 e0 00 10 00 df 00 10 00 08 00 01 00 ff ff ff 00
y11: client 0: request 1725 opcode 130 len 40 bytes: 82 03 0a 00 df 00 10 00 e0 00 10 00 18 00 18 00 00 00 00 00
y11: client 0: request 1726 opcode 43 len 4 bytes: 2b 00 01 00
y11: client 0: reply seq 1726 len 32
y11: client 0: request 1727 opcode 130 len 8 bytes: 82 02 02 00 de 00 10 00
y11: client 0: request 1728 opcode 60 len 8 bytes: 3c 00 02 00 e0 00 10 00
y11: client 0: request 1729 opcode 43 len 4 bytes: 2b 00 01 00
y11: client 0: reply seq 1729 len 32
y11: client 0: request 1730 opcode 130 len 16 bytes: 82 01 04 00 e1 00 10 00 37 80 01 00 00 00 10 00
y11: client 0: request 1731 opcode 43 len 4 bytes: 2b 00 01 00
y11: client 0: reply seq 1731 len 32
y11: client 0: request 1732 opcode 53 len 16 bytes: 35 18 04 00 e2 00 10 00 21 00 00 00 18 00 18 00
y11: client 0: request 1733 opcode 130 len 28 bytes: 82 05 07 00 e3 00 10 00 21 00 00 00 18 00 18 00 18 ff ff 00
y11: client 0: request 1734 opcode 62 len 28 bytes: 3e 00 07 00 e3 00 10 00 e2 00 10 00 7c 00 10 00 00 00 00 00
y11: client 0: request 1735 opcode 54 len 8 bytes: 36 00 02 00 e3 00 10 00
y11: client 0: request 1736 opcode 43 len 4 bytes: 2b 00 01 00
y11: client 0: reply seq 1736 len 32
y11: client 0: request 1737 opcode 130 len 8 bytes: 82 02 02 00 e1 00 10 00
y11: client 0: request 1738 opcode 43 len 4 bytes: 2b 00 01 00
y11: client 0: reply seq 1738 len 32
y11: client 0: request 1739 opcode 130 len 16 bytes: 82 01 04 00 e4 00 10 00 38 80 01 00 00 00 18 00
y11: client 0: request 1740 opcode 43 len 4 bytes: 2b 00 01 00
y11: client 0: reply seq 1740 len 32
y11: client 0: request 1741 opcode 53 len 16 bytes: 35 01 04 00 e5 00 10 00 21 00 00 00 18 00 18 00
y11: client 0: request 1742 opcode 55 len 24 bytes: 37 00 06 00 e6 00 10 00 e5 00 10 00 08 00 01 00 ff ff ff 00
y11: client 0: request 1743 opcode 130 len 40 bytes: 82 03 0a 00 e5 00 10 00 e6 00 10 00 18 00 18 00 00 00 00 00
y11: client 0: request 1744 opcode 43 len 4 bytes: 2b 00 01 00
y11: client 0: reply seq 1744 len 32
y11: client 0: request 1745 opcode 130 len 8 bytes: 82 02 02 00 e4 00 10 00
y11: client 0: request 1746 opcode 60 len 8 bytes: 3c 00 02 00 e6 00 10 00
y11: client 0: request 1747 opcode 43 len 4 bytes: 2b 00 01 00
y11: client 0: reply seq 1747 len 32
y11: client 0: request 1748 opcode 130 len 16 bytes: 82 01 04 00 e7 00 10 00 39 80 01 00 00 00 10 00
y11: client 0: request 1749 opcode 43 len 4 bytes: 2b 00 01 00
y11: client 0: reply seq 1749 len 32
y11: client 0: request 1750 opcode 53 len 16 bytes: 35 18 04 00 e8 00 10 00 21 00 00 00 28 00 20 00
y11: client 0: request 1751 opcode 130 len 28 bytes: 82 05 07 00 e9 00 10 00 21 00 00 00 28 00 20 00 18 ff ff 00
y11: client 0: request 1752 opcode 62 len 28 bytes: 3e 00 07 00 e9 00 10 00 e8 00 10 00 7c 00 10 00 00 00 00 00
y11: client 0: request 1753 opcode 54 len 8 bytes: 36 00 02 00 e9 00 10 00
y11: client 0: request 1754 opcode 43 len 4 bytes: 2b 00 01 00
y11: client 0: reply seq 1754 len 32
y11: client 0: request 1755 opcode 130 len 8 bytes: 82 02 02 00 e7 00 10 00
y11: client 0: request 1756 opcode 43 len 4 bytes: 2b 00 01 00
y11: client 0: reply seq 1756 len 32
y11: client 0: request 1757 opcode 130 len 16 bytes: 82 01 04 00 ea 00 10 00 3a 80 01 00 00 00 20 00
y11: client 0: request 1758 opcode 43 len 4 bytes: 2b 00 01 00
y11: client 0: reply seq 1758 len 32
y11: client 0: request 1759 opcode 53 len 16 bytes: 35 01 04 00 eb 00 10 00 21 00 00 00 28 00 20 00
y11: client 0: request 1760 opcode 55 len 24 bytes: 37 00 06 00 ec 00 10 00 eb 00 10 00 08 00 01 00 ff ff ff 00
y11: client 0: request 1761 opcode 130 len 40 bytes: 82 03 0a 00 eb 00 10 00 ec 00 10 00 28 00 20 00 00 00 00 00
y11: client 0: request 1762 opcode 43 len 4 bytes: 2b 00 01 00
y11: client 0: reply seq 1762 len 32
y11: client 0: request 1763 opcode 130 len 8 bytes: 82 02 02 00 ea 00 10 00
y11: client 0: request 1764 opcode 60 len 8 bytes: 3c 00 02 00 ec 00 10 00
y11: client 0: request 1765 opcode 43 len 4 bytes: 2b 00 01 00
y11: client 0: reply seq 1765 len 32
y11: client 0: request 1766 opcode 130 len 16 bytes: 82 01 04 00 ed 00 10 00 3b 80 01 00 00 00 10 00
y11: client 0: request 1767 opcode 43 len 4 bytes: 2b 00 01 00
y11: client 0: reply seq 1767 len 32
y11: client 0: request 1768 opcode 53 len 16 bytes: 35 18 04 00 ee 00 10 00 21 00 00 00 18 00 18 00
y11: client 0: request 1769 opcode 130 len 28 bytes: 82 05 07 00 ef 00 10 00 21 00 00 00 18 00 18 00 18 ff ff 00
y11: client 0: request 1770 opcode 62 len 28 bytes: 3e 00 07 00 ef 00 10 00 ee 00 10 00 7c 00 10 00 00 00 00 00
y11: client 0: request 1771 opcode 54 len 8 bytes: 36 00 02 00 ef 00 10 00
y11: client 0: request 1772 opcode 43 len 4 bytes: 2b 00 01 00
y11: client 0: reply seq 1772 len 32
y11: client 0: request 1773 opcode 130 len 8 bytes: 82 02 02 00 ed 00 10 00
y11: client 0: request 1774 opcode 43 len 4 bytes: 2b 00 01 00
y11: client 0: reply seq 1774 len 32
y11: client 0: request 1775 opcode 130 len 16 bytes: 82 01 04 00 f0 00 10 00 3c 80 01 00 00 00 18 00
y11: client 0: request 1776 opcode 43 len 4 bytes: 2b 00 01 00
y11: client 0: reply seq 1776 len 32
y11: client 0: request 1777 opcode 53 len 16 bytes: 35 01 04 00 f1 00 10 00 21 00 00 00 18 00 18 00
y11: client 0: request 1778 opcode 55 len 24 bytes: 37 00 06 00 f2 00 10 00 f1 00 10 00 08 00 01 00 ff ff ff 00
y11: client 0: request 1779 opcode 130 len 40 bytes: 82 03 0a 00 f1 00 10 00 f2 00 10 00 18 00 18 00 00 00 00 00
y11: client 0: request 1780 opcode 43 len 4 bytes: 2b 00 01 00
y11: client 0: reply seq 1780 len 32
y11: client 0: request 1781 opcode 130 len 8 bytes: 82 02 02 00 f0 00 10 00
y11: client 0: request 1782 opcode 60 len 8 bytes: 3c 00 02 00 f2 00 10 00
y11: client 0: request 1783 opcode 43 len 4 bytes: 2b 00 01 00
y11: client 0: reply seq 1783 len 32
y11: client 0: request 1784 opcode 130 len 16 bytes: 82 01 04 00 f3 00 10 00 3d 80 01 00 00 00 10 00
y11: client 0: request 1785 opcode 43 len 4 bytes: 2b 00 01 00
y11: client 0: reply seq 1785 len 32
y11: client 0: request 1786 opcode 53 len 16 bytes: 35 18 04 00 f4 00 10 00 21 00 00 00 28 00 18 00
y11: client 0: request 1787 opcode 130 len 28 bytes: 82 05 07 00 f5 00 10 00 21 00 00 00 28 00 18 00 18 ff ff 00
y11: client 0: request 1788 opcode 62 len 28 bytes: 3e 00 07 00 f5 00 10 00 f4 00 10 00 7c 00 10 00 00 00 00 00
y11: client 0: request 1789 opcode 54 len 8 bytes: 36 00 02 00 f5 00 10 00
y11: client 0: request 1790 opcode 43 len 4 bytes: 2b 00 01 00
y11: client 0: reply seq 1790 len 32
y11: client 0: request 1791 opcode 130 len 8 bytes: 82 02 02 00 f3 00 10 00
y11: client 0: request 1792 opcode 43 len 4 bytes: 2b 00 01 00
y11: client 0: reply seq 1792 len 32
y11: client 0: request 1793 opcode 130 len 16 bytes: 82 01 04 00 f6 00 10 00 3e 80 01 00 00 00 18 00
y11: client 0: request 1794 opcode 43 len 4 bytes: 2b 00 01 00
y11: client 0: reply seq 1794 len 32
y11: client 0: request 1795 opcode 53 len 16 bytes: 35 01 04 00 f7 00 10 00 21 00 00 00 28 00 18 00
y11: client 0: request 1796 opcode 55 len 24 bytes: 37 00 06 00 f8 00 10 00 f7 00 10 00 08 00 01 00 ff ff ff 00
y11: client 0: request 1797 opcode 130 len 40 bytes: 82 03 0a 00 f7 00 10 00 f8 00 10 00 28 00 18 00 00 00 00 00
y11: client 0: request 1798 opcode 43 len 4 bytes: 2b 00 01 00
y11: client 0: reply seq 1798 len 32
y11: client 0: request 1799 opcode 130 len 8 bytes: 82 02 02 00 f6 00 10 00
y11: client 0: request 1800 opcode 60 len 8 bytes: 3c 00 02 00 f8 00 10 00
y11: client 0: request 1801 opcode 43 len 4 bytes: 2b 00 01 00
y11: client 0: reply seq 1801 len 32
y11: client 0: request 1802 opcode 130 len 16 bytes: 82 01 04 00 f9 00 10 00 3f 80 01 00 00 00 10 00
y11: client 0: request 1803 opcode 43 len 4 bytes: 2b 00 01 00
y11: client 0: reply seq 1803 len 32
y11: client 0: request 1804 opcode 53 len 16 bytes: 35 18 04 00 fa 00 10 00 21 00 00 00 28 00 18 00
y11: client 0: request 1805 opcode 130 len 28 bytes: 82 05 07 00 fb 00 10 00 21 00 00 00 28 00 18 00 18 ff ff 00
y11: client 0: request 1806 opcode 62 len 28 bytes: 3e 00 07 00 fb 00 10 00 fa 00 10 00 7c 00 10 00 00 00 00 00
y11: client 0: request 1807 opcode 54 len 8 bytes: 36 00 02 00 fb 00 10 00
y11: client 0: request 1808 opcode 43 len 4 bytes: 2b 00 01 00
y11: client 0: reply seq 1808 len 32
y11: client 0: request 1809 opcode 130 len 8 bytes: 82 02 02 00 f9 00 10 00
y11: client 0: request 1810 opcode 43 len 4 bytes: 2b 00 01 00
y11: client 0: reply seq 1810 len 32
y11: client 0: request 1811 opcode 130 len 16 bytes: 82 01 04 00 fc 00 10 00 00 00 02 00 00 00 18 00
y11: client 0: request 1812 opcode 43 len 4 bytes: 2b 00 01 00
y11: client 0: reply seq 1812 len 32
y11: client 0: request 1813 opcode 53 len 16 bytes: 35 01 04 00 fd 00 10 00 21 00 00 00 28 00 18 00
y11: client 0: request 1814 opcode 55 len 24 bytes: 37 00 06 00 fe 00 10 00 fd 00 10 00 08 00 01 00 ff ff ff 00
y11: client 0: request 1815 opcode 130 len 40 bytes: 82 03 0a 00 fd 00 10 00 fe 00 10 00 28 00 18 00 00 00 00 00
y11: client 0: request 1816 opcode 43 len 4 bytes: 2b 00 01 00
y11: client 0: reply seq 1816 len 32
y11: client 0: request 1817 opcode 130 len 8 bytes: 82 02 02 00 fc 00 10 00
y11: client 0: request 1818 opcode 60 len 8 bytes: 3c 00 02 00 fe 00 10 00
y11: client 0: request 1819 opcode 43 len 4 bytes: 2b 00 01 00
y11: client 0: reply seq 1819 len 32
y11: client 0: request 1820 opcode 130 len 16 bytes: 82 01 04 00 ff 00 10 00 01 00 02 00 00 00 10 00
y11: client 0: request 1821 opcode 43 len 4 bytes: 2b 00 01 00
y11: client 0: reply seq 1821 len 32
y11: client 0: request 1822 opcode 53 len 16 bytes: 35 18 04 00 00 01 10 00 21 00 00 00 28 00 18 00
y11: client 0: request 1823 opcode 130 len 28 bytes: 82 05 07 00 01 01 10 00 21 00 00 00 28 00 18 00 18 ff ff 00
y11: client 0: request 1824 opcode 62 len 28 bytes: 3e 00 07 00 01 01 10 00 00 01 10 00 7c 00 10 00 00 00 00 00
y11: client 0: request 1825 opcode 54 len 8 bytes: 36 00 02 00 01 01 10 00
y11: client 0: request 1826 opcode 43 len 4 bytes: 2b 00 01 00
y11: client 0: reply seq 1826 len 32
y11: client 0: request 1827 opcode 130 len 8 bytes: 82 02 02 00 ff 00 10 00
y11: client 0: request 1828 opcode 43 len 4 bytes: 2b 00 01 00
y11: client 0: reply seq 1828 len 32
y11: client 0: request 1829 opcode 130 len 16 bytes: 82 01 04 00 02 01 10 00 02 00 02 00 00 00 18 00
y11: client 0: request 1830 opcode 43 len 4 bytes: 2b 00 01 00
y11: client 0: reply seq 1830 len 32
y11: client 0: request 1831 opcode 53 len 16 bytes: 35 01 04 00 03 01 10 00 21 00 00 00 28 00 18 00
y11: client 0: request 1832 opcode 55 len 24 bytes: 37 00 06 00 04 01 10 00 03 01 10 00 08 00 01 00 ff ff ff 00
y11: client 0: request 1833 opcode 130 len 40 bytes: 82 03 0a 00 03 01 10 00 04 01 10 00 28 00 18 00 00 00 00 00
y11: client 0: request 1834 opcode 43 len 4 bytes: 2b 00 01 00
y11: client 0: reply seq 1834 len 32
y11: client 0: request 1835 opcode 130 len 8 bytes: 82 02 02 00 02 01 10 00
y11: client 0: request 1836 opcode 60 len 8 bytes: 3c 00 02 00 04 01 10 00
y11: client 0: request 1837 opcode 43 len 4 bytes: 2b 00 01 00
y11: client 0: reply seq 1837 len 32
y11: client 0: request 1838 opcode 130 len 16 bytes: 82 01 04 00 05 01 10 00 03 00 02 00 00 01 10 00
y11: client 0: request 1839 opcode 43 len 4 bytes: 2b 00 01 00
y11: client 0: reply seq 1839 len 32
y11: client 0: request 1840 opcode 53 len 16 bytes: 35 18 04 00 06 01 10 00 21 00 00 00 28 00 18 00
y11: client 0: request 1841 opcode 130 len 28 bytes: 82 05 07 00 07 01 10 00 21 00 00 00 28 00 18 00 18 ff ff 00
y11: client 0: request 1842 opcode 62 len 28 bytes: 3e 00 07 00 07 01 10 00 06 01 10 00 7c 00 10 00 00 00 00 00
y11: client 0: request 1843 opcode 54 len 8 bytes: 36 00 02 00 07 01 10 00
y11: client 0: request 1844 opcode 43 len 4 bytes: 2b 00 01 00
y11: client 0: reply seq 1844 len 32
y11: client 0: request 1845 opcode 130 len 8 bytes: 82 02 02 00 05 01 10 00
y11: client 0: request 1846 opcode 43 len 4 bytes: 2b 00 01 00
y11: client 0: reply seq 1846 len 32
y11: client 0: request 1847 opcode 130 len 16 bytes: 82 01 04 00 08 01 10 00 04 00 02 00 00 00 18 00
y11: client 0: request 1848 opcode 43 len 4 bytes: 2b 00 01 00
y11: client 0: reply seq 1848 len 32
y11: client 0: request 1849 opcode 53 len 16 bytes: 35 01 04 00 09 01 10 00 21 00 00 00 28 00 18 00
y11: client 0: request 1850 opcode 55 len 24 bytes: 37 00 06 00 0a 01 10 00 09 01 10 00 08 00 01 00 ff ff ff 00
y11: client 0: request 1851 opcode 130 len 40 bytes: 82 03 0a 00 09 01 10 00 0a 01 10 00 28 00 18 00 00 00 00 00
y11: client 0: request 1852 opcode 43 len 4 bytes: 2b 00 01 00
y11: client 0: reply seq 1852 len 32
y11: client 0: request 1853 opcode 130 len 8 bytes: 82 02 02 00 08 01 10 00
y11: client 0: request 1854 opcode 60 len 8 bytes: 3c 00 02 00 0a 01 10 00
y11: client 0: request 1855 opcode 43 len 4 bytes: 2b 00 01 00
y11: client 0: reply seq 1855 len 32
y11: client 0: request 1856 opcode 130 len 16 bytes: 82 01 04 00 0b 01 10 00 05 00 02 00 00 01 10 00
y11: client 0: request 1857 opcode 43 len 4 bytes: 2b 00 01 00
y11: client 0: reply seq 1857 len 32
y11: client 0: request 1858 opcode 53 len 16 bytes: 35 18 04 00 0c 01 10 00 21 00 00 00 28 00 18 00
y11: client 0: request 1859 opcode 130 len 28 bytes: 82 05 07 00 0d 01 10 00 21 00 00 00 28 00 18 00 18 ff ff 00
y11: client 0: request 1860 opcode 62 len 28 bytes: 3e 00 07 00 0d 01 10 00 0c 01 10 00 7c 00 10 00 00 00 00 00
y11: client 0: request 1861 opcode 54 len 8 bytes: 36 00 02 00 0d 01 10 00
y11: client 0: request 1862 opcode 43 len 4 bytes: 2b 00 01 00
y11: client 0: reply seq 1862 len 32
y11: client 0: request 1863 opcode 130 len 8 bytes: 82 02 02 00 0b 01 10 00
y11: client 0: request 1864 opcode 43 len 4 bytes: 2b 00 01 00
y11: client 0: reply seq 1864 len 32
y11: client 0: request 1865 opcode 130 len 16 bytes: 82 01 04 00 0e 01 10 00 06 00 02 00 00 00 18 00
y11: client 0: request 1866 opcode 43 len 4 bytes: 2b 00 01 00
y11: client 0: reply seq 1866 len 32
y11: client 0: request 1867 opcode 53 len 16 bytes: 35 01 04 00 0f 01 10 00 21 00 00 00 28 00 18 00
y11: client 0: request 1868 opcode 55 len 24 bytes: 37 00 06 00 10 01 10 00 0f 01 10 00 08 00 01 00 ff ff ff 00
y11: client 0: request 1869 opcode 130 len 40 bytes: 82 03 0a 00 0f 01 10 00 10 01 10 00 28 00 18 00 00 00 00 00
y11: client 0: request 1870 opcode 43 len 4 bytes: 2b 00 01 00
y11: client 0: reply seq 1870 len 32
y11: client 0: request 1871 opcode 130 len 8 bytes: 82 02 02 00 0e 01 10 00
y11: client 0: request 1872 opcode 60 len 8 bytes: 3c 00 02 00 10 01 10 00
y11: client 0: request 1873 opcode 43 len 4 bytes: 2b 00 01 00
y11: client 0: reply seq 1873 len 32
y11: client 0: request 1874 opcode 130 len 16 bytes: 82 01 04 00 11 01 10 00 07 00 02 00 00 01 10 00
y11: client 0: request 1875 opcode 43 len 4 bytes: 2b 00 01 00
y11: client 0: reply seq 1875 len 32
y11: client 0: request 1876 opcode 53 len 16 bytes: 35 18 04 00 12 01 10 00 21 00 00 00 28 00 18 00
y11: client 0: request 1877 opcode 130 len 28 bytes: 82 05 07 00 13 01 10 00 21 00 00 00 28 00 18 00 18 ff ff 00
y11: client 0: request 1878 opcode 62 len 28 bytes: 3e 00 07 00 13 01 10 00 12 01 10 00 7c 00 10 00 00 00 00 00
y11: client 0: request 1879 opcode 54 len 8 bytes: 36 00 02 00 13 01 10 00
y11: client 0: request 1880 opcode 43 len 4 bytes: 2b 00 01 00
y11: client 0: reply seq 1880 len 32
y11: client 0: request 1881 opcode 130 len 8 bytes: 82 02 02 00 11 01 10 00
y11: client 0: request 1882 opcode 43 len 4 bytes: 2b 00 01 00
y11: client 0: reply seq 1882 len 32
y11: client 0: request 1883 opcode 130 len 16 bytes: 82 01 04 00 14 01 10 00 08 00 02 00 00 00 18 00
y11: client 0: request 1884 opcode 43 len 4 bytes: 2b 00 01 00
y11: client 0: reply seq 1884 len 32
y11: client 0: request 1885 opcode 53 len 16 bytes: 35 01 04 00 15 01 10 00 21 00 00 00 28 00 18 00
y11: client 0: request 1886 opcode 55 len 24 bytes: 37 00 06 00 16 01 10 00 15 01 10 00 08 00 01 00 ff ff ff 00
y11: client 0: request 1887 opcode 130 len 40 bytes: 82 03 0a 00 15 01 10 00 16 01 10 00 28 00 18 00 00 00 00 00
y11: client 0: request 1888 opcode 43 len 4 bytes: 2b 00 01 00
y11: client 0: reply seq 1888 len 32
y11: client 0: request 1889 opcode 130 len 8 bytes: 82 02 02 00 14 01 10 00
y11: client 0: request 1890 opcode 60 len 8 bytes: 3c 00 02 00 16 01 10 00
y11: client 0: request 1891 opcode 53 len 16 bytes: 35 20 04 00 17 01 10 00 21 00 00 00 1e 00 1e 00
y11: client 0: request 1892 opcode 55 len 16 bytes: 37 00 04 00 18 01 10 00 17 01 10 00 00 00 00 00
y11: client 0: request 1893 opcode 72 len 3624 bytes: 48 02 8a 03 17 01 10 00 18 01 10 00 1e 00 1e 00 00 00 00 00
y11: client 0: request 1894 opcode 60 len 8 bytes: 3c 00 02 00 18 01 10 00
y11: client 0: request 1895 opcode 139 len 20 bytes: 8b 04 05 00 19 01 10 00 17 01 10 00 01 01 00 00 00 00 00 00
y11: client 0: request 1896 opcode 54 len 8 bytes: 36 00 02 00 17 01 10 00
y11: client 0: request 1897 opcode 139 len 16 bytes: 8b 1b 04 00 1a 01 10 00 19 01 10 00 03 00 02 00
y11: client 0: request 1898 opcode 139 len 8 bytes: 8b 07 02 00 19 01 10 00
y11: client 0: request 1899 opcode 145 len 20 bytes: 91 17 05 00 1a 01 10 00 08 00 06 00 6c 65 66 74 5f 70 74 72
y11: client 0: request 1900 opcode 53 len 16 bytes: 35 20 04 00 1b 01 10 00 21 00 00 00 18 00 18 00
y11: client 0: request 1901 opcode 55 len 16 bytes: 37 00 04 00 1c 01 10 00 1b 01 10 00 00 00 00 00
y11: client 0: request 1902 opcode 72 len 2328 bytes: 48 02 46 02 1b 01 10 00 1c 01 10 00 18 00 18 00 00 00 00 00
y11: client 0: request 1903 opcode 60 len 8 bytes: 3c 00 02 00 1c 01 10 00
y11: client 0: request 1904 opcode 139 len 20 bytes: 8b 04 05 00 1d 01 10 00 1b 01 10 00 01 01 00 00 00 00 00 00
y11: client 0: request 1905 opcode 54 len 8 bytes: 36 00 02 00 1b 01 10 00
y11: client 0: request 1906 opcode 139 len 16 bytes: 8b 1b 04 00 1e 01 10 00 1d 01 10 00 0b 00 0b 00
y11: client 0: request 1907 opcode 139 len 8 bytes: 8b 07 02 00 1d 01 10 00
y11: client 0: request 1908 opcode 145 len 20 bytes: 91 17 05 00 1e 01 10 00 05 00 10 00 78 74 65 72 6d 00 03 00
y11: client 0: request 1909 opcode 53 len 16 bytes: 35 01 04 00 1f 01 10 00 81 00 10 00 01 00 01 00
y11: client 0: request 1910 opcode 70 len 20 bytes: 46 00 05 00 1f 01 10 00 86 00 10 00 00 00 00 00 01 00 01 00
y11: client 0: request 1911 opcode 93 len 32 bytes: 5d 00 08 00 20 01 10 00 1f 01 10 00 1f 01 10 00 00 24 e2 97
y11: client 0: request 1912 opcode 54 len 8 bytes: 36 00 02 00 1f 01 10 00
y11: client 0: request 1913 opcode 16 len 20 bytes: 10 00 05 00 09 00 04 00 43 4c 49 50 42 4f 41 52 44 00 04 00
y11: client 0: reply seq 1913 len 32
y11: client 0: request 1914 opcode 16 len 24 bytes: 10 00 06 00 0e 00 10 00 58 64 6e 64 41 63 74 69 6f 6e 4c 69
y11: client 0: reply seq 1914 len 32
y11: client 0: request 1915 opcode 16 len 32 bytes: 10 00 08 00 15 00 04 00 58 64 6e 64 41 63 74 69 6f 6e 44 65
y11: client 0: reply seq 1915 len 32
y11: client 0: request 1916 opcode 16 len 24 bytes: 10 00 06 00 0e 00 05 00 58 64 6e 64 41 63 74 69 6f 6e 4d 6f
y11: client 0: reply seq 1916 len 32
y11: client 0: request 1917 opcode 16 len 24 bytes: 10 00 06 00 0e 00 10 00 58 64 6e 64 41 63 74 69 6f 6e 4c 69
y11: client 0: reply seq 1917 len 32
y11: client 0: request 1918 opcode 16 len 24 bytes: 10 00 06 00 0d 00 10 00 58 64 6e 64 41 63 74 69 6f 6e 41 73
y11: client 0: reply seq 1918 len 32
y11: client 0: request 1919 opcode 16 len 28 bytes: 10 00 07 00 11 00 04 00 58 64 6e 64 41 63 74 69 6f 6e 50 72
y11: client 0: reply seq 1919 len 32
y11: client 0: request 1920 opcode 16 len 32 bytes: 10 00 08 00 17 00 06 00 5f 57 49 4e 47 53 5f 44 4e 44 5f 4d
y11: client 0: reply seq 1920 len 32
y11: client 0: request 1921 opcode 16 len 20 bytes: 10 00 05 00 0b 00 06 00 55 54 46 38 5f 53 54 52 49 4e 47 00
y11: client 0: reply seq 1921 len 32
y11: client 0: request 1922 opcode 16 len 20 bytes: 10 00 05 00 0c 00 04 00 5f 4e 45 54 5f 57 4d 5f 4e 41 4d 45
y11: client 0: reply seq 1922 len 32
y11: client 0: request 1923 opcode 16 len 28 bytes: 10 00 07 00 11 00 10 00 5f 4e 45 54 5f 57 4d 5f 49 43 4f 4e
y11: client 0: reply seq 1923 len 32
y11: client 0: request 1924 opcode 16 len 20 bytes: 10 00 05 00 0c 00 04 00 5f 4e 45 54 5f 57 4d 5f 49 43 4f 4e
y11: client 0: reply seq 1924 len 32
y11: client 0: request 1925 opcode 1 len 40 bytes: 01 00 0a 00 21 01 10 00 21 00 00 00 ff ff ff ff 01 00 01 00
y11: client 0: event type 16
y11: client 0: request 1926 opcode 18 len 48 bytes: 12 00 0c 00 21 01 10 00 43 00 00 00 1f 00 00 00 08 01 10 00
y11: client 0: request 1927 opcode 18 len 44 bytes: 12 00 0b 00 21 01 10 00 22 00 00 00 1f 00 00 00 08 00 00 00
y11: client 0: request 1928 opcode 18 len 60 bytes: 12 00 0f 00 21 01 10 00 23 00 00 00 23 00 00 00 20 00 00 00
y11: client 0: request 1929 opcode 53 len 16 bytes: 35 01 04 00 22 01 10 00 21 00 00 00 02 00 02 00
y11: client 0: request 1930 opcode 55 len 16 bytes: 37 00 04 00 23 01 10 00 22 01 10 00 00 00 00 00
y11: client 0: request 1931 opcode 72 len 32 bytes: 48 01 08 00 22 01 10 00 23 01 10 00 02 00 02 00 00 00 00 00
y11: client 0: request 1932 opcode 60 len 8 bytes: 3c 00 02 00 23 01 10 00
y11: client 0: request 1933 opcode 55 len 32 bytes: 37 00 08 00 24 01 10 00 21 00 00 00 04 09 01 00 ff ff ff 00
y11: client 0: request 1934 opcode 55 len 36 bytes: 37 00 09 00 25 01 10 00 21 00 00 00 3c 00 01 00 ff ff ff 00
y11: client 0: request 1935 opcode 84 len 16 bytes: 54 00 04 00 22 00 00 00 00 00 00 00 00 00 00 00
y11: client 0: reply seq 1935 len 32
y11: client 0: request 1936 opcode 84 len 16 bytes: 54 00 04 00 22 00 00 00 00 00 00 00 00 00 ff ff
y11: client 0: reply seq 1936 len 32
y11: client 0: request 1937 opcode 16 len 36 bytes: 10 01 09 00 1b 00 00 00 58 44 43 43 43 5f 4c 49 4e 45 41 52
y11: client 0: reply seq 1937 len 32
y11: client 0: request 1938 opcode 16 len 36 bytes: 10 01 09 00 19 00 00 00 58 44 43 43 43 5f 4c 49 4e 45 41 52
y11: client 0: reply seq 1938 len 32
y11: client 0: request 1939 opcode 92 len 20 bytes: 5c 00 05 00 22 00 00 00 05 00 43 43 77 68 69 74 65 45 41 52
y11: client 0: reply seq 1939 len 32
y11: client 0: request 1940 opcode 84 len 16 bytes: 54 00 04 00 22 00 00 00 ff ff ff ff ff ff 69 74
y11: client 0: reply seq 1940 len 32
y11: client 0: request 1941 opcode 55 len 36 bytes: 37 00 09 00 26 01 10 00 21 00 00 00 15 80 01 00 06 00 00 00
y11: client 0: request 1942 opcode 55 len 40 bytes: 37 00 0a 00 27 01 10 00 21 00 00 00 55 80 01 00 06 00 00 00
y11: client 0: request 1943 opcode 55 len 28 bytes: 37 00 07 00 28 01 10 00 21 00 00 00 0c 00 01 00 ff ff ff 00
y11: client 0: request 1944 opcode 55 len 20 bytes: 37 00 05 00 29 01 10 00 21 00 00 00 00 00 01 00 00 00 00 00
y11: client 0: request 1945 opcode 55 len 20 bytes: 37 00 05 00 2a 01 10 00 22 01 10 00 00 00 01 00 00 00 00 00
y11: client 0: request 1946 opcode 92 len 16 bytes: 5c 00 04 00 22 00 00 00 04 00 00 00 67 72 61 79
y11: client 0: reply seq 1946 len 32
y11: client 0: request 1947 opcode 84 len 16 bytes: 54 00 04 00 22 00 00 00 b8 b8 b8 b8 b8 b8 01 00
y11: client 0: reply seq 1947 len 32
y11: client 0: request 1948 opcode 84 len 16 bytes: 54 00 04 00 22 00 00 00 00 ff 00 ff 00 ff 01 00
y11: client 0: reply seq 1948 len 32
y11: client 0: request 1949 opcode 84 len 16 bytes: 54 00 04 00 22 00 00 00 00 5c 00 5c 00 5c 01 00
y11: client 0: reply seq 1949 len 32
y11: client 0: request 1950 opcode 84 len 16 bytes: 54 00 04 00 22 00 00 00 00 00 00 00 00 00 01 00
y11: client 0: reply seq 1950 len 32
y11: client 0: request 1951 opcode 55 len 28 bytes: 37 00 07 00 2b 01 10 00 21 00 00 00 0c 00 01 00 ff ff ff 00
y11: client 0: request 1952 opcode 55 len 28 bytes: 37 00 07 00 2c 01 10 00 21 00 00 00 0c 00 01 00 5c 5c 5c 00
y11: client 0: request 1953 opcode 55 len 24 bytes: 37 00 06 00 2d 01 10 00 21 00 00 00 08 00 01 00 00 00 00 00
y11: client 0: request 1954 opcode 55 len 28 bytes: 37 00 07 00 2e 01 10 00 21 00 00 00 0c 00 01 00 b8 b8 b8 00
y11: client 0: request 1955 opcode 84 len 16 bytes: 54 00 04 00 22 00 00 00 80 7b 80 7d 80 8b 00 00
y11: client 0: reply seq 1955 len 32
y11: client 0: request 1956 opcode 55 len 28 bytes: 37 00 07 00 2f 01 10 00 21 00 00 00 0c 00 01 00 8b 7d 7b 00
y11: client 0: request 1957 opcode 43 len 4 bytes: 2b 00 01 00
y11: client 0: reply seq 1957 len 32
y11: client 0: request 1958 opcode 130 len 16 bytes: 82 01 04 00 30 01 10 00 09 00 02 00 00 00 01 00
y11: client 0: request 1959 opcode 43 len 4 bytes: 2b 00 01 00
y11: client 0: reply seq 1959 len 32
y11: client 0: request 1960 opcode 53 len 16 bytes: 35 18 04 00 31 01 10 00 21 00 00 00 40 00 40 00
y11: client 0: request 1961 opcode 130 len 28 bytes: 82 05 07 00 32 01 10 00 21 00 00 00 40 00 40 00 18 01 10 00
y11: client 0: request 1962 opcode 62 len 28 bytes: 3e 00 07 00 32 01 10 00 31 01 10 00 7c 00 10 00 00 00 00 00
y11: client 0: request 1963 opcode 54 len 8 bytes: 36 00 02 00 32 01 10 00
y11: client 0: request 1964 opcode 43 len 4 bytes: 2b 00 01 00
y11: client 0: reply seq 1964 len 32
y11: client 0: request 1965 opcode 130 len 8 bytes: 82 02 02 00 30 01 10 00
y11: client 0: request 1966 opcode 16 len 20 bytes: 10 00 05 00 0b 00 40 00 5f 52 47 42 41 5f 49 4d 41 47 45 00
y11: client 0: reply seq 1966 len 32
y11: client 0: request 1967 opcode 18 len 16412 bytes: 12 00 07 10 7b 00 10 00 67 00 00 00 85 00 00 00 08 52 47 42
y11: client 0: request 1968 opcode 84 len 16 bytes: 54 00 04 00 22 00 00 00 80 7b 80 7d 80 8b 00 00
y11: client 0: reply seq 1968 len 32
y11: client 0: request 1969 opcode 84 len 16 bytes: 54 00 04 00 22 00 00 00 00 c4 00 c8 00 de 00 00
y11: client 0: reply seq 1969 len 32
y11: client 0: request 1970 opcode 84 len 16 bytes: 54 00 04 00 22 00 00 00 00 3d 00 3e 00 45 00 00
y11: client 0: reply seq 1970 len 32
y11: client 0: request 1971 opcode 84 len 16 bytes: 54 00 04 00 22 00 00 00 00 00 00 00 00 00 00 00
y11: client 0: reply seq 1971 len 32
y11: client 0: request 1972 opcode 55 len 28 bytes: 37 00 07 00 33 01 10 00 21 00 00 00 0c 00 01 00 de c8 c4 00
y11: client 0: request 1973 opcode 55 len 28 bytes: 37 00 07 00 34 01 10 00 21 00 00 00 0c 00 01 00 45 3e 3d 00
y11: client 0: request 1974 opcode 55 len 24 bytes: 37 00 06 00 35 01 10 00 21 00 00 00 08 00 01 00 00 00 00 00
y11: client 0: request 1975 opcode 55 len 28 bytes: 37 00 07 00 36 01 10 00 21 00 00 00 0c 00 01 00 8b 7d 7b 00
y11: client 0: request 1976 opcode 43 len 4 bytes: 2b 00 01 00
y11: client 0: reply seq 1976 len 32
y11: client 0: request 1977 opcode 88 len 16 bytes: 58 00 04 00 22 00 00 00 00 00 00 00 8b 7d 7b 00
y11: client 0: request 1978 opcode 43 len 4 bytes: 2b 00 01 00
y11: client 0: reply seq 1978 len 32
y11: client 0: request 1979 opcode 60 len 8 bytes: 3c 00 02 00 2f 01 10 00
y11: client 0: request 1980 opcode 92 len 20 bytes: 5c 00 05 00 22 00 00 00 05 00 01 00 77 68 69 74 65 00 00 00
y11: client 0: reply seq 1980 len 32
y11: client 0: request 1981 opcode 84 len 16 bytes: 54 00 04 00 22 00 00 00 ff ff ff ff ff ff 00 00
y11: client 0: reply seq 1981 len 32
y11: client 0: request 1982 opcode 84 len 16 bytes: 54 00 04 00 22 00 00 00 ff ff ff ff ff ff 00 00
y11: client 0: reply seq 1982 len 32
y11: client 0: request 1983 opcode 92 len 20 bytes: 5c 00 05 00 22 00 00 00 05 00 ff ff 62 6c 61 63 6b 00 01 00
y11: client 0: reply seq 1983 len 32
y11: client 0: request 1984 opcode 84 len 16 bytes: 54 00 04 00 22 00 00 00 00 00 00 00 00 00 61 63
y11: client 0: reply seq 1984 len 32
y11: client 0: request 1985 opcode 84 len 16 bytes: 54 00 04 00 22 00 00 00 00 00 00 00 00 00 61 63
y11: client 0: reply seq 1985 len 32
y11: client 0: request 1986 opcode 92 len 20 bytes: 5c 00 05 00 22 00 00 00 05 00 00 00 62 6c 61 63 6b 00 01 00
y11: client 0: reply seq 1986 len 32
y11: client 0: request 1987 opcode 84 len 16 bytes: 54 00 04 00 22 00 00 00 00 00 00 00 00 00 61 63
y11: client 0: reply seq 1987 len 32
y11: client 0: request 1988 opcode 84 len 16 bytes: 54 00 04 00 22 00 00 00 00 00 00 00 00 00 61 63
y11: client 0: reply seq 1988 len 32
y11: client 0: request 1989 opcode 84 len 16 bytes: 54 00 04 00 22 00 00 00 61 61 61 61 61 61 61 63
y11: client 0: reply seq 1989 len 32
y11: client 0: request 1990 opcode 84 len 16 bytes: 54 00 04 00 22 00 00 00 61 61 61 61 61 61 61 63
y11: client 0: reply seq 1990 len 32
y11: client 0: request 1991 opcode 88 len 16 bytes: 58 00 04 00 22 00 00 00 00 00 00 00 61 61 61 00
y11: client 0: request 1992 opcode 92 len 20 bytes: 5c 00 05 00 22 00 00 00 05 00 00 00 77 68 69 74 65 01 10 00
y11: client 0: reply seq 1992 len 32
y11: client 0: request 1993 opcode 84 len 16 bytes: 54 00 04 00 22 00 00 00 ff ff ff ff ff ff 61 00
y11: client 0: reply seq 1993 len 32
y11: client 0: request 1994 opcode 84 len 16 bytes: 54 00 04 00 22 00 00 00 ff ff ff ff ff ff 61 00
y11: client 0: reply seq 1994 len 32
y11: client 0: request 1995 opcode 92 len 20 bytes: 5c 00 05 00 22 00 00 00 05 00 ff ff 77 68 69 74 65 00 05 00
y11: client 0: reply seq 1995 len 32
y11: client 0: request 1996 opcode 84 len 16 bytes: 54 00 04 00 22 00 00 00 ff ff ff ff ff ff 69 74
y11: client 0: reply seq 1996 len 32
y11: client 0: request 1997 opcode 84 len 16 bytes: 54 00 04 00 22 00 00 00 ff ff ff ff ff ff 69 74
y11: client 0: reply seq 1997 len 32
y11: client 0: request 1998 opcode 92 len 20 bytes: 5c 00 05 00 22 00 00 00 05 00 ff ff 62 6c 61 63 6b 00 05 00
y11: client 0: reply seq 1998 len 32
y11: client 0: request 1999 opcode 84 len 16 bytes: 54 00 04 00 22 00 00 00 00 00 00 00 00 00 61 63
y11: client 0: reply seq 1999 len 32
y11: client 0: request 2000 opcode 84 len 16 bytes: 54 00 04 00 22 00 00 00 00 00 00 00 00 00 61 63
y11: client 0: reply seq 2000 len 32
y11: client 0: request 2001 opcode 92 len 20 bytes: 5c 00 05 00 22 00 00 00 05 00 00 00 62 6c 61 63 6b 00 05 00
y11: client 0: reply seq 2001 len 32
y11: client 0: request 2002 opcode 84 len 16 bytes: 54 00 04 00 22 00 00 00 00 00 00 00 00 00 61 63
y11: client 0: reply seq 2002 len 32
y11: client 0: request 2003 opcode 84 len 16 bytes: 54 00 04 00 22 00 00 00 da b6 da b6 da b6 61 63
y11: client 0: reply seq 2003 len 32
y11: client 0: request 2004 opcode 84 len 16 bytes: 54 00 04 00 22 00 00 00 85 61 85 61 85 61 61 63
y11: client 0: reply seq 2004 len 32
y11: client 0: request 2005 opcode 84 len 16 bytes: 54 00 04 00 22 00 00 00 00 00 00 00 00 00 61 63
y11: client 0: reply seq 2005 len 32
y11: client 0: request 2006 opcode 55 len 28 bytes: 37 00 07 00 37 01 10 00 21 00 00 00 0c 00 01 00 b6 b6 b6 00
y11: client 0: request 2007 opcode 55 len 28 bytes: 37 00 07 00 38 01 10 00 21 00 00 00 0c 00 01 00 61 61 61 00
y11: client 0: request 2008 opcode 55 len 24 bytes: 37 00 06 00 39 01 10 00 21 00 00 00 08 00 01 00 00 00 00 00
y11: client 0: request 2009 opcode 55 len 24 bytes: 37 00 06 00 3a 01 10 00 21 00 00 00 08 00 01 00 00 00 00 00
y11: client 0: request 2010 opcode 92 len 20 bytes: 5c 00 05 00 22 00 00 00 06 00 00 00 67 72 61 79 34 30 00 00
y11: client 0: reply seq 2010 len 32
y11: client 0: request 2011 opcode 84 len 16 bytes: 54 00 04 00 22 00 00 00 66 66 66 66 66 66 01 00
y11: client 0: reply seq 2011 len 32
y11: client 0: request 2012 opcode 84 len 16 bytes: 54 00 04 00 22 00 00 00 00 a3 00 a3 00 a3 01 00
y11: client 0: reply seq 2012 len 32
y11: client 0: request 2013 opcode 84 len 16 bytes: 54 00 04 00 22 00 00 00 00 33 00 33 00 33 01 00
y11: client 0: reply seq 2013 len 32
y11: client 0: request 2014 opcode 84 len 16 bytes: 54 00 04 00 22 00 00 00 00 00 00 00 00 00 01 00
y11: client 0: reply seq 2014 len 32
y11: client 0: request 2015 opcode 55 len 28 bytes: 37 00 07 00 3b 01 10 00 21 00 00 00 0c 00 01 00 a3 a3 a3 00
y11: client 0: request 2016 opcode 55 len 28 bytes: 37 00 07 00 3c 01 10 00 21 00 00 00 0c 00 01 00 33 33 33 00
y11: client 0: request 2017 opcode 55 len 24 bytes: 37 00 06 00 3d 01 10 00 21 00 00 00 08 00 01 00 00 00 00 00
y11: client 0: request 2018 opcode 55 len 28 bytes: 37 00 07 00 3e 01 10 00 21 00 00 00 0c 00 01 00 66 66 66 00
y11: client 0: request 2019 opcode 84 len 16 bytes: 54 00 04 00 22 00 00 00 aa aa aa aa aa aa 00 00
y11: client 0: reply seq 2019 len 32
y11: client 0: request 2020 opcode 84 len 16 bytes: 54 00 04 00 22 00 00 00 00 ff 00 ff 00 ff 01 00
y11: client 0: reply seq 2020 len 32
y11: client 0: request 2021 opcode 84 len 16 bytes: 54 00 04 00 22 00 00 00 00 55 00 55 00 55 01 00
y11: client 0: reply seq 2021 len 32
y11: client 0: request 2022 opcode 84 len 16 bytes: 54 00 04 00 22 00 00 00 00 00 00 00 00 00 01 00
y11: client 0: reply seq 2022 len 32
y11: client 0: request 2023 opcode 55 len 28 bytes: 37 00 07 00 3f 01 10 00 21 00 00 00 0c 00 01 00 ff ff ff 00
y11: client 0: request 2024 opcode 55 len 28 bytes: 37 00 07 00 40 01 10 00 21 00 00 00 0c 00 01 00 55 55 55 00
y11: client 0: request 2025 opcode 55 len 24 bytes: 37 00 06 00 41 01 10 00 21 00 00 00 08 00 01 00 00 00 00 00
y11: client 0: request 2026 opcode 55 len 28 bytes: 37 00 07 00 42 01 10 00 21 00 00 00 0c 00 01 00 aa aa aa 00
y11: client 0: request 2027 opcode 84 len 16 bytes: 54 00 04 00 22 00 00 00 aa aa aa aa aa aa 00 00
y11: client 0: reply seq 2027 len 32
y11: client 0: request 2028 opcode 84 len 16 bytes: 54 00 04 00 22 00 00 00 00 ff 00 ff 00 ff 01 00
y11: client 0: reply seq 2028 len 32
y11: client 0: request 2029 opcode 84 len 16 bytes: 54 00 04 00 22 00 00 00 00 55 00 55 00 55 01 00
y11: client 0: reply seq 2029 len 32
y11: client 0: request 2030 opcode 84 len 16 bytes: 54 00 04 00 22 00 00 00 00 00 00 00 00 00 01 00
y11: client 0: reply seq 2030 len 32
y11: client 0: request 2031 opcode 55 len 28 bytes: 37 00 07 00 43 01 10 00 21 00 00 00 0c 00 01 00 ff ff ff 00
y11: client 0: request 2032 opcode 55 len 28 bytes: 37 00 07 00 44 01 10 00 21 00 00 00 0c 00 01 00 55 55 55 00
y11: client 0: request 2033 opcode 55 len 24 bytes: 37 00 06 00 45 01 10 00 21 00 00 00 08 00 01 00 00 00 00 00
y11: client 0: request 2034 opcode 55 len 28 bytes: 37 00 07 00 46 01 10 00 21 00 00 00 0c 00 01 00 aa aa aa 00
y11: client 0: request 2035 opcode 92 len 20 bytes: 5c 00 05 00 22 00 00 00 05 00 aa aa 77 68 69 74 65 00 05 00
y11: client 0: reply seq 2035 len 32
y11: client 0: request 2036 opcode 84 len 16 bytes: 54 00 04 00 22 00 00 00 ff ff ff ff ff ff 01 00
y11: client 0: reply seq 2036 len 32
y11: client 0: request 2037 opcode 84 len 16 bytes: 54 00 04 00 22 00 00 00 ff ff ff ff ff ff 01 00
y11: client 0: reply seq 2037 len 32
y11: client 0: request 2038 opcode 92 len 20 bytes: 5c 00 05 00 22 00 00 00 05 00 ff ff 62 6c 61 63 6b ff ff 00
y11: client 0: reply seq 2038 len 32
y11: client 0: request 2039 opcode 84 len 16 bytes: 54 00 04 00 22 00 00 00 00 00 00 00 00 00 61 63
y11: client 0: reply seq 2039 len 32
y11: client 0: request 2040 opcode 88 len 16 bytes: 58 00 04 00 22 00 00 00 00 00 00 00 00 00 00 00
y11: client 0: request 2041 opcode 84 len 16 bytes: 54 00 04 00 22 00 00 00 00 00 00 00 00 00 07 00
y11: client 0: reply seq 2041 len 32
y11: client 0: request 2042 opcode 92 len 20 bytes: 5c 00 05 00 22 00 00 00 06 00 00 00 67 72 61 79 35 30 04 00
y11: client 0: reply seq 2042 len 32
y11: client 0: request 2043 opcode 84 len 16 bytes: 54 00 04 00 22 00 00 00 ff 7f ff 7f ff 7f 61 79
y11: client 0: reply seq 2043 len 32
y11: client 0: request 2044 opcode 88 len 16 bytes: 58 00 04 00 22 00 00 00 00 00 00 00 00 00 00 00
y11: client 0: request 2045 opcode 84 len 16 bytes: 54 00 04 00 22 00 00 00 ff 7f ff 7f ff 7f 07 00
y11: client 0: reply seq 2045 len 32
y11: client 0: request 2046 opcode 88 len 16 bytes: 58 00 04 00 22 00 00 00 00 00 00 00 7f 7f 7f 00
y11: client 0: request 2047 opcode 92 len 20 bytes: 5c 00 05 00 22 00 00 00 05 00 ff 7f 62 6c 61 63 6b 01 10 00
y11: client 0: reply seq 2047 len 32
y11: client 0: request 2048 opcode 84 len 16 bytes: 54 00 04 00 22 00 00 00 00 00 00 00 00 00 7f 00
y11: client 0: reply seq 2048 len 32
y11: client 0: request 2049 opcode 84 len 16 bytes: 54 00 04 00 22 00 00 00 da b6 da b6 da b6 7f 00
y11: client 0: reply seq 2049 len 32
y11: client 0: request 2050 opcode 84 len 16 bytes: 54 00 04 00 22 00 00 00 85 61 85 61 85 61 7f 00
y11: client 0: reply seq 2050 len 32
y11: client 0: request 2051 opcode 84 len 16 bytes: 54 00 04 00 22 00 00 00 00 00 00 00 00 00 7f 00
y11: client 0: reply seq 2051 len 32
y11: client 0: request 2052 opcode 55 len 28 bytes: 37 00 07 00 47 01 10 00 21 00 00 00 0c 00 01 00 b6 b6 b6 00
y11: client 0: request 2053 opcode 55 len 28 bytes: 37 00 07 00 48 01 10 00 21 00 00 00 0c 00 01 00 61 61 61 00
y11: client 0: request 2054 opcode 55 len 24 bytes: 37 00 06 00 49 01 10 00 21 00 00 00 08 00 01 00 00 00 00 00
y11: client 0: request 2055 opcode 55 len 24 bytes: 37 00 06 00 4a 01 10 00 21 00 00 00 08 00 01 00 00 00 00 00
y11: client 0: request 2056 opcode 84 len 16 bytes: 54 00 04 00 22 00 00 00 aa aa aa aa aa aa aa aa
y11: client 0: reply seq 2056 len 32
y11: client 0: request 2057 opcode 84 len 16 bytes: 54 00 04 00 22 00 00 00 00 ff 00 ff 00 ff 01 00
y11: client 0: reply seq 2057 len 32
y11: client 0: request 2058 opcode 84 len 16 bytes: 54 00 04 00 22 00 00 00 00 55 00 55 00 55 01 00
y11: client 0: reply seq 2058 len 32
y11: client 0: request 2059 opcode 84 len 16 bytes: 54 00 04 00 22 00 00 00 00 00 00 00 00 00 01 00
y11: client 0: reply seq 2059 len 32
y11: client 0: request 2060 opcode 55 len 28 bytes: 37 00 07 00 4b 01 10 00 21 00 00 00 0c 00 01 00 ff ff ff 00
y11: client 0: request 2061 opcode 55 len 28 bytes: 37 00 07 00 4c 01 10 00 21 00 00 00 0c 00 01 00 55 55 55 00
y11: client 0: request 2062 opcode 55 len 24 bytes: 37 00 06 00 4d 01 10 00 21 00 00 00 08 00 01 00 00 00 00 00
y11: client 0: request 2063 opcode 55 len 28 bytes: 37 00 07 00 4e 01 10 00 21 00 00 00 0c 00 01 00 aa aa aa 00
y11: client 0: request 2064 opcode 84 len 16 bytes: 54 00 04 00 22 00 00 00 aa aa aa aa aa aa 69 74
y11: client 0: reply seq 2064 len 32
y11: client 0: request 2065 opcode 84 len 16 bytes: 54 00 04 00 22 00 00 00 00 ff 00 ff 00 ff 01 00
y11: client 0: reply seq 2065 len 32
y11: client 0: request 2066 opcode 84 len 16 bytes: 54 00 04 00 22 00 00 00 00 55 00 55 00 55 01 00
y11: client 0: reply seq 2066 len 32
y11: client 0: request 2067 opcode 84 len 16 bytes: 54 00 04 00 22 00 00 00 00 00 00 00 00 00 01 00
y11: client 0: reply seq 2067 len 32
y11: client 0: request 2068 opcode 55 len 28 bytes: 37 00 07 00 4f 01 10 00 21 00 00 00 0c 00 01 00 ff ff ff 00
y11: client 0: request 2069 opcode 55 len 28 bytes: 37 00 07 00 50 01 10 00 21 00 00 00 0c 00 01 00 55 55 55 00
y11: client 0: request 2070 opcode 55 len 24 bytes: 37 00 06 00 51 01 10 00 21 00 00 00 08 00 01 00 00 00 00 00
y11: client 0: request 2071 opcode 55 len 28 bytes: 37 00 07 00 52 01 10 00 21 00 00 00 0c 00 01 00 aa aa aa 00
y11: client 0: request 2072 opcode 92 len 20 bytes: 5c 00 05 00 22 00 00 00 05 00 aa aa 77 68 69 74 65 00 05 00
y11: client 0: reply seq 2072 len 32
y11: client 0: request 2073 opcode 84 len 16 bytes: 54 00 04 00 22 00 00 00 ff ff ff ff ff ff 01 00
y11: client 0: reply seq 2073 len 32
y11: client 0: request 2074 opcode 84 len 16 bytes: 54 00 04 00 22 00 00 00 ff ff ff ff ff ff 01 00
y11: client 0: reply seq 2074 len 32
y11: client 0: request 2075 opcode 92 len 20 bytes: 5c 00 05 00 22 00 00 00 05 00 ff ff 62 6c 61 63 6b ff ff 00
y11: client 0: reply seq 2075 len 32
y11: client 0: request 2076 opcode 84 len 16 bytes: 54 00 04 00 22 00 00 00 00 00 00 00 00 00 61 63
y11: client 0: reply seq 2076 len 32
y11: client 0: request 2077 opcode 84 len 16 bytes: 54 00 04 00 22 00 00 00 00 00 00 00 00 00 61 63
y11: client 0: reply seq 2077 len 32
y11: client 0: request 2078 opcode 84 len 16 bytes: 54 00 04 00 22 00 00 00 da b6 da b6 da b6 61 63
y11: client 0: reply seq 2078 len 32
y11: client 0: request 2079 opcode 84 len 16 bytes: 54 00 04 00 22 00 00 00 85 61 85 61 85 61 61 63
y11: client 0: reply seq 2079 len 32
y11: client 0: request 2080 opcode 84 len 16 bytes: 54 00 04 00 22 00 00 00 00 00 00 00 00 00 61 63
y11: client 0: reply seq 2080 len 32
y11: client 1: request 1 opcode 98 len 20 bytes: 62 00 05 00 0c 00 00 00 42 49 47 2d 52 45 51 55 45 53 54 53
y11: client 1: reply seq 1 len 32
y11: client 1: request 2 opcode 128 len 4 bytes: 80 00 01 00
y11: client 1: reply seq 2 len 32
y11: client 1: request 3 opcode 55 len 20 bytes: 37 00 05 00 00 00 20 00 21 00 00 00 08 00 00 00 ff ff ff 00
y11: client 1: request 4 opcode 20 len 24 bytes: 14 00 06 00 21 00 00 00 17 00 00 00 1f 00 00 00 00 00 00 00
y11: client 1: reply seq 4 len 32
y11: client 1: request 5 opcode 98 len 20 bytes: 62 00 05 00 09 00 20 00 58 4b 45 59 42 4f 41 52 44 00 00 00
y11: client 1: reply seq 5 len 32
y11: client 1: request 6 opcode 98 len 16 bytes: 62 00 04 00 08 00 20 00 58 49 4e 45 52 41 4d 41
y11: client 1: reply seq 6 len 32
y11: client 1: request 7 opcode 55 len 20 bytes: 37 00 05 00 01 00 20 00 21 00 00 00 00 00 01 00 00 00 00 00
y11: client 1: request 8 opcode 98 len 16 bytes: 62 00 04 00 07 00 00 00 4d 49 54 2d 53 48 4d 00
y11: client 1: reply seq 8 len 32
y11: client 1: request 9 opcode 98 len 32 bytes: 62 00 08 00 17 00 20 00 47 65 6e 65 72 69 63 20 45 76 65 6e
y11: client 1: reply seq 9 len 32
y11: client 1: request 10 opcode 130 len 4 bytes: 82 00 01 00
y11: client 1: reply seq 10 len 32
y11: client 1: request 11 opcode 130 len 4 bytes: 82 00 01 00
y11: client 1: reply seq 11 len 32
y11: client 1: request 12 opcode 16 len 36 bytes: 10 01 09 00 1b 00 20 00 58 44 43 43 43 5f 4c 49 4e 45 41 52
y11: client 1: reply seq 12 len 32
y11: client 1: request 13 opcode 16 len 36 bytes: 10 01 09 00 19 00 20 00 58 44 43 43 43 5f 4c 49 4e 45 41 52
y11: client 1: reply seq 13 len 32
y11: client 1: request 14 opcode 84 len 16 bytes: 54 00 04 00 22 00 00 00 50 50 50 50 75 75 4c 49
y11: client 1: reply seq 14 len 32
y11: client 0: request 2081 opcode 55 len 28 bytes: 37 00 07 00 53 01 10 00 21 00 00 00 0c 00 01 00 b6 b6 b6 00
y11: client 0: request 2082 opcode 55 len 28 bytes: 37 00 07 00 54 01 10 00 21 00 00 00 0c 00 01 00 61 61 61 00
y11: client 0: request 2083 opcode 55 len 24 bytes: 37 00 06 00 55 01 10 00 21 00 00 00 08 00 01 00 00 00 00 00
y11: client 0: request 2084 opcode 55 len 24 bytes: 37 00 06 00 56 01 10 00 21 00 00 00 08 00 01 00 00 00 00 00
y11: client 0: request 2085 opcode 92 len 20 bytes: 5c 00 05 00 22 00 00 00 05 00 00 00 62 6c 61 63 6b 68 69 74
y11: client 0: reply seq 2085 len 32
y11: client 1: request 15 opcode 53 len 16 bytes: 35 18 04 00 02 00 20 00 21 00 00 00 08 00 08 00
y11: client 1: request 16 opcode 56 len 16 bytes: 38 00 04 00 00 00 20 00 04 00 00 00 75 50 50 00
y11: client 1: request 17 opcode 70 len 20 bytes: 46 00 05 00 02 00 20 00 00 00 20 00 00 00 00 00 08 00 08 00
y11: client 1: request 18 opcode 2 len 16 bytes: 02 00 04 00 21 00 00 00 02 00 00 00 75 50 50 00
y11: client 1: request 19 opcode 61 len 16 bytes: 3d 00 04 00 21 00 00 00 00 00 00 00 00 00 00 00
y11: client 1: request 20 opcode 43 len 4 bytes: 2b 00 01 00
y11: client 1: reply seq 20 len 32
y11: client 0: request 2086 opcode 84 len 16 bytes: 54 00 04 00 22 00 00 00 00 00 00 00 00 00 01 00
y11: client 0: reply seq 2086 len 32
y11: client 0: request 2087 opcode 84 len 16 bytes: 54 00 04 00 22 00 00 00 00 00 00 00 00 00 01 00
y11: client 0: reply seq 2087 len 32
y11: client 0: request 2088 opcode 92 len 20 bytes: 5c 00 05 00 22 00 00 00 05 00 00 00 62 6c 61 63 6b b6 b6 00
y11: client 0: reply seq 2088 len 32
y11: client 2: request 1 opcode 98 len 20 bytes: 62 00 05 00 0c 00 00 00 42 49 47 2d 52 45 51 55 45 53 54 53
y11: client 2: reply seq 1 len 32
y11: client 0: request 2089 opcode 84 len 16 bytes: 54 00 04 00 22 00 00 00 00 00 00 00 00 00 61 63
y11: client 0: reply seq 2089 len 32
y11: client 2: request 2 opcode 128 len 4 bytes: 80 00 01 00
y11: client 2: reply seq 2 len 32
y11: client 0: request 2090 opcode 84 len 16 bytes: 54 00 04 00 22 00 00 00 00 00 00 00 00 00 61 63
y11: client 0: reply seq 2090 len 32
y11: client 2: request 3 opcode 55 len 20 bytes: 37 00 05 00 00 00 30 00 21 00 00 00 08 00 00 00 ff ff ff 00
y11: client 2: request 4 opcode 20 len 24 bytes: 14 00 06 00 21 00 00 00 17 00 00 00 1f 00 00 00 00 00 00 00
y11: client 2: reply seq 4 len 32
y11: client 0: request 2091 opcode 92 len 20 bytes: 5c 00 05 00 22 00 00 00 05 00 00 00 77 68 69 74 65 b6 b6 00
y11: client 0: reply seq 2091 len 32
y11: client 2: request 5 opcode 98 len 20 bytes: 62 00 05 00 09 00 30 00 58 4b 45 59 42 4f 41 52 44 00 00 00
y11: client 2: reply seq 5 len 32
y11: client 0: request 2092 opcode 84 len 16 bytes: 54 00 04 00 22 00 00 00 ff ff ff ff ff ff 69 74
y11: client 0: reply seq 2092 len 32
y11: client 1: request 21 opcode 43 len 4 bytes: 2b 00 01 00
y11: client 1: reply seq 21 len 32
y11: client 0: request 2093 opcode 84 len 16 bytes: 54 00 04 00 22 00 00 00 ff ff ff ff ff ff 69 74
y11: client 0: reply seq 2093 len 32
y11: client 2: request 6 opcode 53 len 16 bytes: 35 18 04 00 01 00 30 00 21 00 00 00 08 00 08 00
y11: client 2: request 7 opcode 62 len 28 bytes: 3e 00 07 00 02 00 20 00 01 00 30 00 00 00 30 00 00 00 00 00
y11: client 2: request 8 opcode 43 len 4 bytes: 2b 00 01 00
y11: client 2: reply seq 8 len 32
y11: client 0: request 2094 opcode 92 len 20 bytes: 5c 00 05 00 22 00 00 00 05 00 ff ff 62 6c 61 63 6b b6 b6 00
y11: client 0: reply seq 2094 len 32
y11: client 2: request 9 opcode 112 len 4 bytes: 70 01 01 00
y11: client 2: request 10 opcode 60 len 8 bytes: 3c 00 02 00 00 00 30 00
y11: client 2: request 11 opcode 43 len 4 bytes: 2b 00 01 00
y11: client 2: reply seq 11 len 32
y11: client 0: request 2095 opcode 84 len 16 bytes: 54 00 04 00 22 00 00 00 00 00 00 00 00 00 61 63
y11: client 0: reply seq 2095 len 32
y11: client 1: request 22 opcode 16 len 24 bytes: 10 00 06 00 0d 00 20 00 5f 58 52 4f 4f 54 50 4d 41 50 5f 49
y11: client 1: reply seq 22 len 32
y11: client 2: disconnect
y11: client 0: request 2096 opcode 84 len 16 bytes: 54 00 04 00 22 00 00 00 da b6 da b6 da b6 61 63
y11: client 0: reply seq 2096 len 32
y11: client 1: request 23 opcode 36 len 4 bytes: 24 00 01 00
y11: client 1: request 24 opcode 20 len 24 bytes: 14 00 06 00 21 00 00 00 86 00 00 00 00 00 00 00 00 00 00 00
y11: client 1: reply seq 24 len 32
y11: client 0: request 2097 opcode 84 len 16 bytes: 54 00 04 00 22 00 00 00 85 61 85 61 85 61 61 63
y11: client 0: reply seq 2097 len 32
y11: client 1: request 25 opcode 18 len 28 bytes: 12 02 07 00 21 00 00 00 86 00 00 00 14 00 00 00 20 00 00 00
y11: client 0: event type 28
y11: client 1: request 26 opcode 37 len 4 bytes: 25 00 01 00
y11: client 0: request 2098 opcode 84 len 16 bytes: 54 00 04 00 22 00 00 00 00 00 00 00 00 00 61 63
y11: client 0: reply seq 2098 len 32
wmaker(getKeybind(defaults.c:2233)): warning: ScreenCaptureKey:invalid key in shortcut "Print"
y11: client 0: request 2099 opcode 55 len 28 bytes: 37 00 07 00 57 01 10 00 21 00 00 00 0c 00 01 00 b6 b6 b6 00
y11: client 0: request 2100 opcode 55 len 28 bytes: 37 00 07 00 58 01 10 00 21 00 00 00 0c 00 01 00 61 61 61 00
y11: client 0: request 2101 opcode 55 len 24 bytes: 37 00 06 00 59 01 10 00 21 00 00 00 08 00 01 00 00 00 00 00
y11: client 0: request 2102 opcode 55 len 24 bytes: 37 00 06 00 5a 01 10 00 21 00 00 00 08 00 01 00 00 00 00 00
y11: client 0: request 2103 opcode 53 len 16 bytes: 35 20 04 00 5b 01 10 00 21 00 00 00 1e 00 1e 00
y11: client 0: request 2104 opcode 55 len 16 bytes: 37 00 04 00 5c 01 10 00 5b 01 10 00 00 00 00 00
y11: client 0: request 2105 opcode 72 len 3624 bytes: 48 02 8a 03 5b 01 10 00 5c 01 10 00 1e 00 1e 00 00 00 00 00
y11: client 0: request 2106 opcode 60 len 8 bytes: 3c 00 02 00 5c 01 10 00
y11: client 0: request 2107 opcode 139 len 20 bytes: 8b 04 05 00 5d 01 10 00 5b 01 10 00 01 01 00 00 00 00 00 00
y11: client 0: request 2108 opcode 54 len 8 bytes: 36 00 02 00 5b 01 10 00
y11: client 0: request 2109 opcode 139 len 16 bytes: 8b 1b 04 00 5e 01 10 00 5d 01 10 00 03 00 02 00
y11: client 0: request 2110 opcode 139 len 8 bytes: 8b 07 02 00 5d 01 10 00
y11: client 0: request 2111 opcode 145 len 20 bytes: 91 17 05 00 5e 01 10 00 08 00 00 00 6c 65 66 74 5f 70 74 72
y11: client 0: request 2112 opcode 95 len 8 bytes: 5f 00 02 00 05 00 10 00
y11: client 0: request 2113 opcode 2 len 16 bytes: 02 00 04 00 21 00 00 00 00 40 00 00 5e 01 10 00
y11: client 0: request 2114 opcode 53 len 16 bytes: 35 20 04 00 5f 01 10 00 21 00 00 00 1e 00 1e 00
y11: client 0: request 2115 opcode 55 len 16 bytes: 37 00 04 00 60 01 10 00 5f 01 10 00 00 00 00 00
y11: client 0: request 2116 opcode 72 len 3624 bytes: 48 02 8a 03 5f 01 10 00 60 01 10 00 1e 00 1e 00 00 00 00 00
y11: client 0: request 2117 opcode 60 len 8 bytes: 3c 00 02 00 60 01 10 00
y11: client 0: request 2118 opcode 139 len 20 bytes: 8b 04 05 00 61 01 10 00 5f 01 10 00 01 01 00 00 00 00 00 00
y11: client 0: request 2119 opcode 54 len 8 bytes: 36 00 02 00 5f 01 10 00
y11: client 0: request 2120 opcode 139 len 16 bytes: 8b 1b 04 00 62 01 10 00 61 01 10 00 03 00 02 00
y11: client 0: request 2121 opcode 139 len 8 bytes: 8b 07 02 00 61 01 10 00
y11: client 0: request 2122 opcode 145 len 28 bytes: 91 17 07 00 62 01 10 00 0e 00 10 00 74 6f 70 5f 6c 65 66 74
y11: client 0: request 2123 opcode 95 len 8 bytes: 5f 00 02 00 09 00 10 00
y11: client 0: request 2124 opcode 53 len 16 bytes: 35 20 04 00 63 01 10 00 21 00 00 00 18 00 18 00
y11: client 0: request 2125 opcode 55 len 16 bytes: 37 00 04 00 64 01 10 00 63 01 10 00 00 00 00 00
y11: client 0: request 2126 opcode 72 len 2328 bytes: 48 02 46 02 63 01 10 00 64 01 10 00 18 00 18 00 00 00 00 00
y11: client 0: request 2127 opcode 60 len 8 bytes: 3c 00 02 00 64 01 10 00
y11: client 0: request 2128 opcode 139 len 20 bytes: 8b 04 05 00 65 01 10 00 63 01 10 00 01 01 00 00 00 00 00 00
y11: client 0: request 2129 opcode 54 len 8 bytes: 36 00 02 00 63 01 10 00
y11: client 0: request 2130 opcode 139 len 16 bytes: 8b 1b 04 00 66 01 10 00 65 01 10 00 0b 00 0b 00
y11: client 0: request 2131 opcode 139 len 8 bytes: 8b 07 02 00 65 01 10 00
y11: client 0: request 2132 opcode 145 len 20 bytes: 91 17 05 00 66 01 10 00 05 00 10 00 66 6c 65 75 72 00 07 00
y11: client 0: request 2133 opcode 95 len 8 bytes: 5f 00 02 00 0d 00 10 00
y11: client 0: request 2134 opcode 94 len 32 bytes: 5e 00 08 00 67 01 10 00 01 00 10 00 01 00 10 00 78 00 79 00
y11: client 0: request 2135 opcode 95 len 8 bytes: 5f 00 02 00 0e 00 10 00
y11: client 0: request 2136 opcode 53 len 16 bytes: 35 20 04 00 68 01 10 00 21 00 00 00 18 00 18 00
y11: client 0: request 2137 opcode 55 len 16 bytes: 37 00 04 00 69 01 10 00 68 01 10 00 00 00 00 00
y11: client 0: request 2138 opcode 72 len 2328 bytes: 48 02 46 02 68 01 10 00 69 01 10 00 18 00 18 00 00 00 00 00
y11: client 0: request 2139 opcode 60 len 8 bytes: 3c 00 02 00 69 01 10 00
y11: client 0: request 2140 opcode 139 len 20 bytes: 8b 04 05 00 6a 01 10 00 68 01 10 00 01 01 00 00 00 00 00 00
y11: client 0: request 2141 opcode 54 len 8 bytes: 36 00 02 00 68 01 10 00
y11: client 0: request 2142 opcode 139 len 16 bytes: 8b 1b 04 00 6b 01 10 00 6a 01 10 00 04 00 04 00
y11: client 0: request 2143 opcode 139 len 8 bytes: 8b 07 02 00 6a 01 10 00
y11: client 0: request 2144 opcode 145 len 28 bytes: 91 17 07 00 6b 01 10 00 0f 00 04 00 74 6f 70 5f 6c 65 66 74
y11: client 0: request 2145 opcode 95 len 8 bytes: 5f 00 02 00 12 00 10 00
y11: client 0: request 2146 opcode 53 len 16 bytes: 35 20 04 00 6c 01 10 00 21 00 00 00 18 00 18 00
y11: client 0: request 2147 opcode 55 len 16 bytes: 37 00 04 00 6d 01 10 00 6c 01 10 00 00 00 00 00
y11: client 0: request 2148 opcode 72 len 2328 bytes: 48 02 46 02 6c 01 10 00 6d 01 10 00 18 00 18 00 00 00 00 00
y11: client 0: request 2149 opcode 60 len 8 bytes: 3c 00 02 00 6d 01 10 00
y11: client 0: request 2150 opcode 139 len 20 bytes: 8b 04 05 00 6e 01 10 00 6c 01 10 00 01 01 00 00 00 00 00 00
y11: client 0: request 2151 opcode 54 len 8 bytes: 36 00 02 00 6c 01 10 00
y11: client 0: request 2152 opcode 139 len 16 bytes: 8b 1b 04 00 6f 01 10 00 6e 01 10 00 12 00 04 00
y11: client 0: request 2153 opcode 139 len 8 bytes: 8b 07 02 00 6e 01 10 00
y11: client 0: request 2154 opcode 145 len 28 bytes: 91 17 07 00 6f 01 10 00 10 00 08 00 74 6f 70 5f 72 69 67 68
y11: client 0: request 2155 opcode 95 len 8 bytes: 5f 00 02 00 16 00 10 00
y11: client 0: request 2156 opcode 53 len 16 bytes: 35 20 04 00 70 01 10 00 21 00 00 00 18 00 18 00
y11: client 0: request 2157 opcode 55 len 16 bytes: 37 00 04 00 71 01 10 00 70 01 10 00 00 00 00 00
y11: client 0: request 2158 opcode 72 len 2328 bytes: 48 02 46 02 70 01 10 00 71 01 10 00 18 00 18 00 00 00 00 00
y11: client 0: request 2159 opcode 60 len 8 bytes: 3c 00 02 00 71 01 10 00
y11: client 0: request 2160 opcode 139 len 20 bytes: 8b 04 05 00 72 01 10 00 70 01 10 00 01 01 00 00 00 00 00 00
y11: client 0: request 2161 opcode 54 len 8 bytes: 36 00 02 00 70 01 10 00
y11: client 0: request 2162 opcode 139 len 16 bytes: 8b 1b 04 00 73 01 10 00 72 01 10 00 04 00 12 00
y11: client 0: request 2163 opcode 139 len 8 bytes: 8b 07 02 00 72 01 10 00
y11: client 0: request 2164 opcode 145 len 32 bytes: 91 17 08 00 73 01 10 00 12 00 01 00 62 6f 74 74 6f 6d 5f 6c
y11: client 0: request 2165 opcode 95 len 8 bytes: 5f 00 02 00 1a 00 10 00
y11: client 0: request 2166 opcode 53 len 16 bytes: 35 20 04 00 74 01 10 00 21 00 00 00 18 00 18 00
y11: client 0: request 2167 opcode 55 len 16 bytes: 37 00 04 00 75 01 10 00 74 01 10 00 00 00 00 00
y11: client 0: request 2168 opcode 72 len 2328 bytes: 48 02 46 02 74 01 10 00 75 01 10 00 18 00 18 00 00 00 00 00
y11: client 0: request 2169 opcode 60 len 8 bytes: 3c 00 02 00 75 01 10 00
y11: client 0: request 2170 opcode 139 len 20 bytes: 8b 04 05 00 76 01 10 00 74 01 10 00 01 01 00 00 00 00 00 00
y11: client 0: request 2171 opcode 54 len 8 bytes: 36 00 02 00 74 01 10 00
y11: client 0: request 2172 opcode 139 len 16 bytes: 8b 1b 04 00 77 01 10 00 76 01 10 00 12 00 12 00
y11: client 0: request 2173 opcode 139 len 8 bytes: 8b 07 02 00 76 01 10 00
y11: client 0: request 2174 opcode 145 len 32 bytes: 91 17 08 00 77 01 10 00 13 00 00 00 62 6f 74 74 6f 6d 5f 72
y11: client 0: request 2175 opcode 95 len 8 bytes: 5f 00 02 00 1e 00 10 00
y11: client 0: request 2176 opcode 53 len 16 bytes: 35 20 04 00 78 01 10 00 21 00 00 00 18 00 18 00
y11: client 0: request 2177 opcode 55 len 16 bytes: 37 00 04 00 79 01 10 00 78 01 10 00 00 00 00 00
y11: client 0: request 2178 opcode 72 len 2328 bytes: 48 02 46 02 78 01 10 00 79 01 10 00 18 00 18 00 00 00 00 00
y11: client 0: request 2179 opcode 60 len 8 bytes: 3c 00 02 00 79 01 10 00
y11: client 0: request 2180 opcode 139 len 20 bytes: 8b 04 05 00 7a 01 10 00 78 01 10 00 01 01 00 00 00 00 00 00
y11: client 0: request 2181 opcode 54 len 8 bytes: 36 00 02 00 78 01 10 00
y11: client 0: request 2182 opcode 139 len 16 bytes: 8b 1b 04 00 7b 01 10 00 7a 01 10 00 0b 00 0b 00
y11: client 0: request 2183 opcode 139 len 8 bytes: 8b 07 02 00 7a 01 10 00
y11: client 0: request 2184 opcode 145 len 32 bytes: 91 17 08 00 7b 01 10 00 11 00 00 00 73 62 5f 76 5f 64 6f 75
y11: client 0: request 2185 opcode 95 len 8 bytes: 5f 00 02 00 22 00 10 00
y11: client 0: request 2186 opcode 53 len 16 bytes: 35 20 04 00 7c 01 10 00 21 00 00 00 18 00 18 00
y11: client 0: request 2187 opcode 55 len 16 bytes: 37 00 04 00 7d 01 10 00 7c 01 10 00 00 00 00 00
y11: client 0: request 2188 opcode 72 len 2328 bytes: 48 02 46 02 7c 01 10 00 7d 01 10 00 18 00 18 00 00 00 00 00
y11: client 0: request 2189 opcode 60 len 8 bytes: 3c 00 02 00 7d 01 10 00
y11: client 0: request 2190 opcode 139 len 20 bytes: 8b 04 05 00 7e 01 10 00 7c 01 10 00 01 01 00 00 00 00 00 00
y11: client 0: request 2191 opcode 54 len 8 bytes: 36 00 02 00 7c 01 10 00
y11: client 0: request 2192 opcode 139 len 16 bytes: 8b 1b 04 00 7f 01 10 00 7e 01 10 00 0b 00 0b 00
y11: client 0: request 2193 opcode 139 len 8 bytes: 8b 07 02 00 7e 01 10 00
y11: client 0: request 2194 opcode 145 len 32 bytes: 91 17 08 00 7f 01 10 00 11 00 00 00 73 62 5f 68 5f 64 6f 75
y11: client 0: request 2195 opcode 95 len 8 bytes: 5f 00 02 00 26 00 10 00
y11: client 0: request 2196 opcode 53 len 16 bytes: 35 20 04 00 80 01 10 00 21 00 00 00 18 00 18 00
y11: client 0: request 2197 opcode 55 len 16 bytes: 37 00 04 00 81 01 10 00 80 01 10 00 00 00 00 00
y11: client 0: request 2198 opcode 72 len 2328 bytes: 48 02 46 02 80 01 10 00 81 01 10 00 18 00 18 00 00 00 00 00
y11: client 0: request 2199 opcode 60 len 8 bytes: 3c 00 02 00 81 01 10 00
y11: client 0: request 2200 opcode 139 len 20 bytes: 8b 04 05 00 82 01 10 00 80 01 10 00 01 01 00 00 00 00 00 00
y11: client 0: request 2201 opcode 54 len 8 bytes: 36 00 02 00 80 01 10 00
y11: client 0: request 2202 opcode 139 len 16 bytes: 8b 1b 04 00 83 01 10 00 82 01 10 00 0b 00 0b 00
y11: client 0: request 2203 opcode 139 len 8 bytes: 8b 07 02 00 82 01 10 00
y11: client 0: request 2204 opcode 53 len 16 bytes: 35 20 04 00 84 01 10 00 21 00 00 00 18 00 18 00
y11: client 0: request 2205 opcode 55 len 16 bytes: 37 00 04 00 85 01 10 00 84 01 10 00 00 00 00 00
y11: client 0: request 2206 opcode 72 len 2328 bytes: 48 02 46 02 84 01 10 00 85 01 10 00 18 00 18 00 00 00 00 00
y11: client 0: request 2207 opcode 60 len 8 bytes: 3c 00 02 00 85 01 10 00
y11: client 0: request 2208 opcode 139 len 20 bytes: 8b 04 05 00 86 01 10 00 84 01 10 00 01 01 00 00 00 00 00 00
y11: client 0: request 2209 opcode 54 len 8 bytes: 36 00 02 00 84 01 10 00
y11: client 0: request 2210 opcode 139 len 16 bytes: 8b 1b 04 00 87 01 10 00 86 01 10 00 0b 00 0b 00
y11: client 0: request 2211 opcode 139 len 8 bytes: 8b 07 02 00 86 01 10 00
y11: client 0: request 2212 opcode 53 len 16 bytes: 35 20 04 00 88 01 10 00 21 00 00 00 18 00 18 00
y11: client 0: request 2213 opcode 55 len 16 bytes: 37 00 04 00 89 01 10 00 88 01 10 00 00 00 00 00
y11: client 0: request 2214 opcode 72 len 2328 bytes: 48 02 46 02 88 01 10 00 89 01 10 00 18 00 18 00 00 00 00 00
y11: client 0: request 2215 opcode 60 len 8 bytes: 3c 00 02 00 89 01 10 00
y11: client 0: request 2216 opcode 139 len 20 bytes: 8b 04 05 00 8a 01 10 00 88 01 10 00 01 01 00 00 00 00 00 00
y11: client 0: request 2217 opcode 54 len 8 bytes: 36 00 02 00 88 01 10 00
y11: client 0: request 2218 opcode 139 len 16 bytes: 8b 1b 04 00 8b 01 10 00 8a 01 10 00 0b 00 0b 00
y11: client 0: request 2219 opcode 139 len 8 bytes: 8b 07 02 00 8a 01 10 00
y11: client 0: request 2220 opcode 53 len 16 bytes: 35 20 04 00 8c 01 10 00 21 00 00 00 18 00 18 00
y11: client 0: request 2221 opcode 55 len 16 bytes: 37 00 04 00 8d 01 10 00 8c 01 10 00 00 00 00 00
y11: client 0: request 2222 opcode 72 len 2328 bytes: 48 02 46 02 8c 01 10 00 8d 01 10 00 18 00 18 00 00 00 00 00
y11: client 0: request 2223 opcode 60 len 8 bytes: 3c 00 02 00 8d 01 10 00
y11: client 0: request 2224 opcode 139 len 20 bytes: 8b 04 05 00 8e 01 10 00 8c 01 10 00 01 01 00 00 00 00 00 00
y11: client 0: request 2225 opcode 54 len 8 bytes: 36 00 02 00 8c 01 10 00
y11: client 0: request 2226 opcode 139 len 16 bytes: 8b 1b 04 00 8f 01 10 00 8e 01 10 00 0b 00 0b 00
y11: client 0: request 2227 opcode 139 len 8 bytes: 8b 07 02 00 8e 01 10 00
y11: client 0: request 2228 opcode 53 len 16 bytes: 35 20 04 00 90 01 10 00 21 00 00 00 18 00 18 00
y11: client 0: request 2229 opcode 55 len 16 bytes: 37 00 04 00 91 01 10 00 90 01 10 00 00 00 00 00
y11: client 0: request 2230 opcode 72 len 2328 bytes: 48 02 46 02 90 01 10 00 91 01 10 00 18 00 18 00 00 00 00 00
y11: client 0: request 2231 opcode 60 len 8 bytes: 3c 00 02 00 91 01 10 00
y11: client 0: request 2232 opcode 139 len 20 bytes: 8b 04 05 00 92 01 10 00 90 01 10 00 01 01 00 00 00 00 00 00
y11: client 0: request 2233 opcode 54 len 8 bytes: 36 00 02 00 90 01 10 00
y11: client 0: request 2234 opcode 139 len 16 bytes: 8b 1b 04 00 93 01 10 00 92 01 10 00 0b 00 0b 00
y11: client 0: request 2235 opcode 139 len 8 bytes: 8b 07 02 00 92 01 10 00
y11: client 0: request 2236 opcode 53 len 16 bytes: 35 20 04 00 94 01 10 00 21 00 00 00 18 00 18 00
y11: client 0: request 2237 opcode 55 len 16 bytes: 37 00 04 00 95 01 10 00 94 01 10 00 00 00 00 00
y11: client 0: request 2238 opcode 72 len 2328 bytes: 48 02 46 02 94 01 10 00 95 01 10 00 18 00 18 00 00 00 00 00
y11: client 0: request 2239 opcode 60 len 8 bytes: 3c 00 02 00 95 01 10 00
y11: client 0: request 2240 opcode 139 len 20 bytes: 8b 04 05 00 96 01 10 00 94 01 10 00 01 01 00 00 00 00 00 00
y11: client 0: request 2241 opcode 54 len 8 bytes: 36 00 02 00 94 01 10 00
y11: client 0: request 2242 opcode 139 len 16 bytes: 8b 1b 04 00 97 01 10 00 96 01 10 00 0b 00 0b 00
y11: client 0: request 2243 opcode 139 len 8 bytes: 8b 07 02 00 96 01 10 00
y11: client 0: request 2244 opcode 53 len 16 bytes: 35 20 04 00 98 01 10 00 21 00 00 00 18 00 18 00
y11: client 0: request 2245 opcode 55 len 16 bytes: 37 00 04 00 99 01 10 00 98 01 10 00 00 00 00 00
y11: client 0: request 2246 opcode 72 len 2328 bytes: 48 02 46 02 98 01 10 00 99 01 10 00 18 00 18 00 00 00 00 00
y11: client 0: request 2247 opcode 60 len 8 bytes: 3c 00 02 00 99 01 10 00
y11: client 0: request 2248 opcode 139 len 20 bytes: 8b 04 05 00 9a 01 10 00 98 01 10 00 01 01 00 00 00 00 00 00
y11: client 0: request 2249 opcode 54 len 8 bytes: 36 00 02 00 98 01 10 00
y11: client 0: request 2250 opcode 139 len 16 bytes: 8b 1b 04 00 9b 01 10 00 9a 01 10 00 0b 00 0b 00
y11: client 0: request 2251 opcode 139 len 8 bytes: 8b 07 02 00 9a 01 10 00
y11: client 0: request 2252 opcode 53 len 16 bytes: 35 20 04 00 9c 01 10 00 21 00 00 00 18 00 18 00
y11: client 0: request 2253 opcode 55 len 16 bytes: 37 00 04 00 9d 01 10 00 9c 01 10 00 00 00 00 00
y11: client 0: request 2254 opcode 72 len 2328 bytes: 48 02 46 02 9c 01 10 00 9d 01 10 00 18 00 18 00 00 00 00 00
y11: client 0: request 2255 opcode 60 len 8 bytes: 3c 00 02 00 9d 01 10 00
y11: client 0: request 2256 opcode 139 len 20 bytes: 8b 04 05 00 9e 01 10 00 9c 01 10 00 01 01 00 00 00 00 00 00
y11: client 0: request 2257 opcode 54 len 8 bytes: 36 00 02 00 9c 01 10 00
y11: client 0: request 2258 opcode 139 len 16 bytes: 8b 1b 04 00 9f 01 10 00 9e 01 10 00 0b 00 0b 00
y11: client 0: request 2259 opcode 139 len 8 bytes: 8b 07 02 00 9e 01 10 00
y11: client 0: request 2260 opcode 53 len 16 bytes: 35 20 04 00 a0 01 10 00 21 00 00 00 18 00 18 00
y11: client 0: request 2261 opcode 55 len 16 bytes: 37 00 04 00 a1 01 10 00 a0 01 10 00 00 00 00 00
y11: client 0: request 2262 opcode 72 len 2328 bytes: 48 02 46 02 a0 01 10 00 a1 01 10 00 18 00 18 00 00 00 00 00
y11: client 0: request 2263 opcode 60 len 8 bytes: 3c 00 02 00 a1 01 10 00
y11: client 0: request 2264 opcode 139 len 20 bytes: 8b 04 05 00 a2 01 10 00 a0 01 10 00 01 01 00 00 00 00 00 00
y11: client 0: request 2265 opcode 54 len 8 bytes: 36 00 02 00 a0 01 10 00
y11: client 0: request 2266 opcode 139 len 16 bytes: 8b 1b 04 00 a3 01 10 00 a2 01 10 00 0b 00 0b 00
y11: client 0: request 2267 opcode 139 len 8 bytes: 8b 07 02 00 a2 01 10 00
y11: client 0: request 2268 opcode 53 len 16 bytes: 35 20 04 00 a4 01 10 00 21 00 00 00 18 00 18 00
y11: client 0: request 2269 opcode 55 len 16 bytes: 37 00 04 00 a5 01 10 00 a4 01 10 00 00 00 00 00
y11: client 0: request 2270 opcode 72 len 2328 bytes: 48 02 46 02 a4 01 10 00 a5 01 10 00 18 00 18 00 00 00 00 00
y11: client 0: request 2271 opcode 60 len 8 bytes: 3c 00 02 00 a5 01 10 00
y11: client 0: request 2272 opcode 139 len 20 bytes: 8b 04 05 00 a6 01 10 00 a4 01 10 00 01 01 00 00 00 00 00 00
y11: client 0: request 2273 opcode 54 len 8 bytes: 36 00 02 00 a4 01 10 00
y11: client 0: request 2274 opcode 139 len 16 bytes: 8b 1b 04 00 a7 01 10 00 a6 01 10 00 0b 00 0b 00
y11: client 0: request 2275 opcode 139 len 8 bytes: 8b 07 02 00 a6 01 10 00
y11: client 0: request 2276 opcode 53 len 16 bytes: 35 20 04 00 a8 01 10 00 21 00 00 00 18 00 18 00
y11: client 0: request 2277 opcode 55 len 16 bytes: 37 00 04 00 a9 01 10 00 a8 01 10 00 00 00 00 00
y11: client 0: request 2278 opcode 72 len 2328 bytes: 48 02 46 02 a8 01 10 00 a9 01 10 00 18 00 18 00 00 00 00 00
y11: client 0: request 2279 opcode 60 len 8 bytes: 3c 00 02 00 a9 01 10 00
y11: client 0: request 2280 opcode 139 len 20 bytes: 8b 04 05 00 aa 01 10 00 a8 01 10 00 01 01 00 00 00 00 00 00
y11: client 0: request 2281 opcode 54 len 8 bytes: 36 00 02 00 a8 01 10 00
y11: client 0: request 2282 opcode 139 len 16 bytes: 8b 1b 04 00 ab 01 10 00 aa 01 10 00 0b 00 0b 00
y11: client 0: request 2283 opcode 139 len 8 bytes: 8b 07 02 00 aa 01 10 00
y11: client 0: request 2284 opcode 53 len 16 bytes: 35 20 04 00 ac 01 10 00 21 00 00 00 18 00 18 00
y11: client 0: request 2285 opcode 55 len 16 bytes: 37 00 04 00 ad 01 10 00 ac 01 10 00 00 00 00 00
y11: client 0: request 2286 opcode 72 len 2328 bytes: 48 02 46 02 ac 01 10 00 ad 01 10 00 18 00 18 00 00 00 00 00
y11: client 0: request 2287 opcode 60 len 8 bytes: 3c 00 02 00 ad 01 10 00
y11: client 0: request 2288 opcode 139 len 20 bytes: 8b 04 05 00 ae 01 10 00 ac 01 10 00 01 01 00 00 00 00 00 00
y11: client 0: request 2289 opcode 54 len 8 bytes: 36 00 02 00 ac 01 10 00
y11: client 0: request 2290 opcode 139 len 16 bytes: 8b 1b 04 00 af 01 10 00 ae 01 10 00 0b 00 0b 00
y11: client 0: request 2291 opcode 139 len 8 bytes: 8b 07 02 00 ae 01 10 00
y11: client 0: request 2292 opcode 53 len 16 bytes: 35 20 04 00 b0 01 10 00 21 00 00 00 18 00 18 00
y11: client 0: request 2293 opcode 55 len 16 bytes: 37 00 04 00 b1 01 10 00 b0 01 10 00 00 00 00 00
y11: client 0: request 2294 opcode 72 len 2328 bytes: 48 02 46 02 b0 01 10 00 b1 01 10 00 18 00 18 00 00 00 00 00
y11: client 0: request 2295 opcode 60 len 8 bytes: 3c 00 02 00 b1 01 10 00
y11: client 0: request 2296 opcode 139 len 20 bytes: 8b 04 05 00 b2 01 10 00 b0 01 10 00 01 01 00 00 00 00 00 00
y11: client 0: request 2297 opcode 54 len 8 bytes: 36 00 02 00 b0 01 10 00
y11: client 0: request 2298 opcode 139 len 16 bytes: 8b 1b 04 00 b3 01 10 00 b2 01 10 00 0b 00 0b 00
y11: client 0: request 2299 opcode 139 len 8 bytes: 8b 07 02 00 b2 01 10 00
y11: client 0: request 2300 opcode 53 len 16 bytes: 35 20 04 00 b4 01 10 00 21 00 00 00 18 00 18 00
y11: client 0: request 2301 opcode 55 len 16 bytes: 37 00 04 00 b5 01 10 00 b4 01 10 00 00 00 00 00
y11: client 0: request 2302 opcode 72 len 2328 bytes: 48 02 46 02 b4 01 10 00 b5 01 10 00 18 00 18 00 00 00 00 00
y11: client 0: request 2303 opcode 60 len 8 bytes: 3c 00 02 00 b5 01 10 00
y11: client 0: request 2304 opcode 139 len 20 bytes: 8b 04 05 00 b6 01 10 00 b4 01 10 00 01 01 00 00 00 00 00 00
y11: client 0: request 2305 opcode 54 len 8 bytes: 36 00 02 00 b4 01 10 00
y11: client 0: request 2306 opcode 139 len 16 bytes: 8b 1b 04 00 b7 01 10 00 b6 01 10 00 0b 00 0b 00
y11: client 0: request 2307 opcode 139 len 8 bytes: 8b 07 02 00 b6 01 10 00
y11: client 0: request 2308 opcode 53 len 16 bytes: 35 20 04 00 b8 01 10 00 21 00 00 00 18 00 18 00
y11: client 0: request 2309 opcode 55 len 16 bytes: 37 00 04 00 b9 01 10 00 b8 01 10 00 00 00 00 00
y11: client 0: request 2310 opcode 72 len 2328 bytes: 48 02 46 02 b8 01 10 00 b9 01 10 00 18 00 18 00 00 00 00 00
y11: client 0: request 2311 opcode 60 len 8 bytes: 3c 00 02 00 b9 01 10 00
y11: client 0: request 2312 opcode 139 len 20 bytes: 8b 04 05 00 ba 01 10 00 b8 01 10 00 01 01 00 00 00 00 00 00
y11: client 0: request 2313 opcode 54 len 8 bytes: 36 00 02 00 b8 01 10 00
y11: client 0: request 2314 opcode 139 len 16 bytes: 8b 1b 04 00 bb 01 10 00 ba 01 10 00 0b 00 0b 00
y11: client 0: request 2315 opcode 139 len 8 bytes: 8b 07 02 00 ba 01 10 00
y11: client 0: request 2316 opcode 53 len 16 bytes: 35 20 04 00 bc 01 10 00 21 00 00 00 18 00 18 00
y11: client 0: request 2317 opcode 55 len 16 bytes: 37 00 04 00 bd 01 10 00 bc 01 10 00 00 00 00 00
y11: client 0: request 2318 opcode 72 len 2328 bytes: 48 02 46 02 bc 01 10 00 bd 01 10 00 18 00 18 00 00 00 00 00
y11: client 0: request 2319 opcode 60 len 8 bytes: 3c 00 02 00 bd 01 10 00
y11: client 0: request 2320 opcode 139 len 20 bytes: 8b 04 05 00 be 01 10 00 bc 01 10 00 01 01 00 00 00 00 00 00
y11: client 0: request 2321 opcode 54 len 8 bytes: 36 00 02 00 bc 01 10 00
y11: client 0: request 2322 opcode 139 len 16 bytes: 8b 1b 04 00 bf 01 10 00 be 01 10 00 0b 00 0b 00
y11: client 0: request 2323 opcode 139 len 8 bytes: 8b 07 02 00 be 01 10 00
y11: client 0: request 2324 opcode 139 len 136 bytes: 8b 1f 22 00 c0 01 10 00 83 01 10 00 3c 00 00 00 87 01 10 00
y11: client 0: request 2325 opcode 95 len 8 bytes: 5f 00 02 00 83 01 10 00
y11: client 0: request 2326 opcode 95 len 8 bytes: 5f 00 02 00 87 01 10 00
y11: client 0: request 2327 opcode 95 len 8 bytes: 5f 00 02 00 8b 01 10 00
y11: client 0: request 2328 opcode 95 len 8 bytes: 5f 00 02 00 8f 01 10 00
y11: client 0: request 2329 opcode 95 len 8 bytes: 5f 00 02 00 93 01 10 00
y11: client 0: request 2330 opcode 95 len 8 bytes: 5f 00 02 00 97 01 10 00
y11: client 0: request 2331 opcode 95 len 8 bytes: 5f 00 02 00 9b 01 10 00
y11: client 0: request 2332 opcode 95 len 8 bytes: 5f 00 02 00 9f 01 10 00
y11: client 0: request 2333 opcode 95 len 8 bytes: 5f 00 02 00 a3 01 10 00
y11: client 0: request 2334 opcode 95 len 8 bytes: 5f 00 02 00 a7 01 10 00
y11: client 0: request 2335 opcode 95 len 8 bytes: 5f 00 02 00 ab 01 10 00
y11: client 0: request 2336 opcode 95 len 8 bytes: 5f 00 02 00 af 01 10 00
y11: client 0: request 2337 opcode 95 len 8 bytes: 5f 00 02 00 b3 01 10 00
y11: client 0: request 2338 opcode 95 len 8 bytes: 5f 00 02 00 b7 01 10 00
y11: client 0: request 2339 opcode 95 len 8 bytes: 5f 00 02 00 bb 01 10 00
y11: client 0: request 2340 opcode 95 len 8 bytes: 5f 00 02 00 bf 01 10 00
y11: client 0: request 2341 opcode 145 len 20 bytes: 91 17 05 00 c0 01 10 00 05 00 00 00 77 61 74 63 68 61 2b a0
y11: client 0: request 2342 opcode 95 len 8 bytes: 5f 00 02 00 67 00 10 00
y11: client 0: request 2343 opcode 53 len 16 bytes: 35 20 04 00 c1 01 10 00 21 00 00 00 1e 00 1e 00
y11: client 0: request 2344 opcode 55 len 16 bytes: 37 00 04 00 c2 01 10 00 c1 01 10 00 00 00 00 00
y11: client 0: request 2345 opcode 72 len 3624 bytes: 48 02 8a 03 c1 01 10 00 c2 01 10 00 1e 00 1e 00 00 00 00 00
y11: client 0: request 2346 opcode 60 len 8 bytes: 3c 00 02 00 c2 01 10 00
y11: client 0: request 2347 opcode 139 len 20 bytes: 8b 04 05 00 c3 01 10 00 c1 01 10 00 01 01 00 00 00 00 00 00
y11: client 0: request 2348 opcode 54 len 8 bytes: 36 00 02 00 c1 01 10 00
y11: client 0: request 2349 opcode 139 len 16 bytes: 8b 1b 04 00 c4 01 10 00 c3 01 10 00 03 00 02 00
y11: client 0: request 2350 opcode 139 len 8 bytes: 8b 07 02 00 c3 01 10 00
y11: client 0: request 2351 opcode 145 len 28 bytes: 91 17 07 00 c4 01 10 00 0e 00 07 00 71 75 65 73 74 69 6f 6e
y11: client 0: request 2352 opcode 95 len 8 bytes: 5f 00 02 00 6b 00 10 00
y11: client 0: request 2353 opcode 53 len 16 bytes: 35 20 04 00 c5 01 10 00 21 00 00 00 18 00 18 00
y11: client 0: request 2354 opcode 55 len 16 bytes: 37 00 04 00 c6 01 10 00 c5 01 10 00 00 00 00 00
y11: client 0: request 2355 opcode 72 len 2328 bytes: 48 02 46 02 c5 01 10 00 c6 01 10 00 18 00 18 00 00 00 00 00
y11: client 1: disconnect
y11: client 0: request 2356 opcode 60 len 8 bytes: 3c 00 02 00 c6 01 10 00
y11: client 0: request 2357 opcode 139 len 20 bytes: 8b 04 05 00 c7 01 10 00 c5 01 10 00 01 01 00 00 00 00 00 00
y11: client 0: request 2358 opcode 54 len 8 bytes: 36 00 02 00 c5 01 10 00
y11: client 0: request 2359 opcode 139 len 16 bytes: 8b 1b 04 00 c8 01 10 00 c7 01 10 00 0b 00 0b 00
y11: client 0: request 2360 opcode 139 len 8 bytes: 8b 07 02 00 c7 01 10 00
y11: client 0: request 2361 opcode 145 len 20 bytes: 91 17 05 00 c8 01 10 00 05 00 00 00 78 74 65 72 6d 00 04 00
y11: client 0: request 2362 opcode 95 len 8 bytes: 5f 00 02 00 6f 00 10 00
y11: client 0: request 2363 opcode 53 len 16 bytes: 35 20 04 00 c9 01 10 00 21 00 00 00 18 00 18 00
y11: client 0: request 2364 opcode 55 len 16 bytes: 37 00 04 00 ca 01 10 00 c9 01 10 00 00 00 00 00
y11: client 0: request 2365 opcode 72 len 2328 bytes: 48 02 46 02 c9 01 10 00 ca 01 10 00 18 00 18 00 00 00 00 00
y11: client 0: request 2366 opcode 60 len 8 bytes: 3c 00 02 00 ca 01 10 00
y11: client 0: request 2367 opcode 139 len 20 bytes: 8b 04 05 00 cb 01 10 00 c9 01 10 00 01 01 00 00 00 00 00 00
y11: client 0: request 2368 opcode 54 len 8 bytes: 36 00 02 00 c9 01 10 00
y11: client 0: request 2369 opcode 139 len 16 bytes: 8b 1b 04 00 cc 01 10 00 cb 01 10 00 0a 00 0a 00
y11: client 0: request 2370 opcode 139 len 8 bytes: 8b 07 02 00 cb 01 10 00
y11: client 0: request 2371 opcode 145 len 20 bytes: 91 17 05 00 cc 01 10 00 05 00 10 00 63 72 6f 73 73 00 18 00
y11: client 0: request 2372 opcode 95 len 8 bytes: 5f 00 02 00 73 00 10 00
y11: client 0: request 2373 opcode 53 len 16 bytes: 35 20 04 00 cd 01 10 00 21 00 00 00 18 00 18 00
y11: client 0: request 2374 opcode 55 len 16 bytes: 37 00 04 00 ce 01 10 00 cd 01 10 00 00 00 00 00
y11: client 0: request 2375 opcode 72 len 2328 bytes: 48 02 46 02 cd 01 10 00 ce 01 10 00 18 00 18 00 00 00 00 00
y11: client 0: request 2376 opcode 60 len 8 bytes: 3c 00 02 00 ce 01 10 00
y11: client 0: request 2377 opcode 139 len 20 bytes: 8b 04 05 00 cf 01 10 00 cd 01 10 00 01 01 00 00 00 00 00 00
y11: client 0: request 2378 opcode 54 len 8 bytes: 36 00 02 00 cd 01 10 00
y11: client 0: request 2379 opcode 139 len 16 bytes: 8b 1b 04 00 d0 01 10 00 cf 01 10 00 0b 00 0b 00
y11: client 0: request 2380 opcode 139 len 8 bytes: 8b 07 02 00 cf 01 10 00
y11: client 0: request 2381 opcode 145 len 24 bytes: 91 17 06 00 d0 01 10 00 09 00 00 00 63 72 6f 73 73 68 61 69
y11: client 0: request 2382 opcode 95 len 8 bytes: 5f 00 02 00 77 00 10 00
y11: client 0: request 2383 opcode 84 len 16 bytes: 54 00 04 00 22 00 00 00 00 00 00 00 00 00 00 00
y11: client 0: reply seq 2383 len 32
y11: client 0: request 2384 opcode 84 len 16 bytes: 54 00 04 00 22 00 00 00 00 00 00 00 00 00 10 00
y11: client 0: reply seq 2384 len 32
y11: client 0: request 2385 opcode 84 len 16 bytes: 54 00 04 00 22 00 00 00 00 ff 00 ff 00 ff 10 00
y11: client 0: reply seq 2385 len 32
y11: client 0: request 2386 opcode 1 len 40 bytes: 01 00 0a 00 d1 01 10 00 21 00 00 00 f6 ff f6 ff 04 00 04 00
y11: client 0: event type 16
y11: client 0: request 2387 opcode 2 len 16 bytes: 02 00 04 00 d1 01 10 00 00 08 00 00 03 00 00 00
y11: client 0: request 2388 opcode 8 len 8 bytes: 08 00 02 00 d1 01 10 00
y11: client 0: event type 19
y11: client 0: request 2389 opcode 42 len 12 bytes: 2a 02 03 00 d1 01 10 00 00 00 00 00
y11: client 0: request 2390 opcode 1 len 60 bytes: 01 18 0f 00 d2 01 10 00 21 00 00 00 00 00 00 00 40 00 40 00
y11: client 0: event type 16
y11: client 0: request 2391 opcode 1 len 52 bytes: 01 18 0d 00 d3 01 10 00 21 00 00 00 00 00 00 00 0a 00 0a 00
y11: client 0: event type 16
y11: client 0: request 2392 opcode 16 len 24 bytes: 10 00 06 00 0e 00 00 00 5f 4e 45 54 5f 53 55 50 50 4f 52 54
y11: client 0: reply seq 2392 len 32
y11: client 0: request 2393 opcode 16 len 24 bytes: 10 00 06 00 10 00 00 00 5f 4e 45 54 5f 43 4c 49 45 4e 54 5f
y11: client 0: reply seq 2393 len 32
y11: client 0: request 2394 opcode 16 len 36 bytes: 10 00 09 00 19 00 00 00 5f 4e 45 54 5f 43 4c 49 45 4e 54 5f
y11: client 0: reply seq 2394 len 32
y11: client 0: request 2395 opcode 16 len 32 bytes: 10 00 08 00 17 00 ca e2 5f 4e 45 54 5f 4e 55 4d 42 45 52 5f
y11: client 0: reply seq 2395 len 32
y11: client 0: request 2396 opcode 16 len 32 bytes: 10 00 08 00 15 00 00 00 5f 4e 45 54 5f 44 45 53 4b 54 4f 50
y11: client 0: reply seq 2396 len 32
y11: client 0: request 2397 opcode 16 len 32 bytes: 10 00 08 00 15 00 00 00 5f 4e 45 54 5f 44 45 53 4b 54 4f 50
y11: client 0: reply seq 2397 len 32
y11: client 0: request 2398 opcode 16 len 28 bytes: 10 00 07 00 14 00 ec ff 5f 4e 45 54 5f 43 55 52 52 45 4e 54
y11: client 0: reply seq 2398 len 32
y11: client 0: request 2399 opcode 16 len 28 bytes: 10 00 07 00 12 00 00 00 5f 4e 45 54 5f 44 45 53 4b 54 4f 50
y11: client 0: reply seq 2399 len 32
y11: client 0: request 2400 opcode 16 len 28 bytes: 10 00 07 00 12 00 00 00 5f 4e 45 54 5f 41 43 54 49 56 45 5f
y11: client 0: reply seq 2400 len 32
y11: client 0: request 2401 opcode 16 len 24 bytes: 10 00 06 00 0d 00 00 00 5f 4e 45 54 5f 57 4f 52 4b 41 52 45
y11: client 0: reply seq 2401 len 32
y11: client 0: request 2402 opcode 16 len 32 bytes: 10 00 08 00 18 00 ec ff 5f 4e 45 54 5f 53 55 50 50 4f 52 54
y11: client 0: reply seq 2402 len 32
y11: client 0: request 2403 opcode 16 len 28 bytes: 10 00 07 00 12 00 00 00 5f 4e 45 54 5f 56 49 52 54 55 41 4c
y11: client 0: reply seq 2403 len 32
y11: client 0: request 2404 opcode 16 len 28 bytes: 10 00 07 00 13 00 00 00 5f 4e 45 54 5f 44 45 53 4b 54 4f 50
y11: client 0: reply seq 2404 len 32
y11: client 0: request 2405 opcode 16 len 28 bytes: 10 00 07 00 14 00 0b ff 5f 4e 45 54 5f 53 48 4f 57 49 4e 47
y11: client 0: reply seq 2405 len 32
y11: client 0: request 2406 opcode 16 len 28 bytes: 10 00 07 00 11 00 00 00 5f 4e 45 54 5f 43 4c 4f 53 45 5f 57
y11: client 0: reply seq 2406 len 32
y11: client 0: request 2407 opcode 16 len 32 bytes: 10 00 08 00 16 00 00 00 5f 4e 45 54 5f 4d 4f 56 45 52 45 53
y11: client 0: reply seq 2407 len 32
y11: client 0: request 2408 opcode 16 len 28 bytes: 10 00 07 00 12 00 00 00 5f 4e 45 54 5f 57 4d 5f 4d 4f 56 45
y11: client 0: reply seq 2408 len 32
y11: client 0: request 2409 opcode 16 len 28 bytes: 10 00 07 00 14 00 00 00 5f 4e 45 54 5f 57 4d 5f 56 49 53 49
y11: client 0: reply seq 2409 len 32
y11: client 0: request 2410 opcode 16 len 36 bytes: 10 00 09 00 19 00 00 00 5f 4e 45 54 5f 57 4d 5f 56 49 53 49
y11: client 0: reply seq 2410 len 32
y11: client 0: request 2411 opcode 16 len 24 bytes: 10 00 06 00 0f 00 00 00 5f 4e 45 54 5f 57 4d 5f 44 45 53 4b
y11: client 0: reply seq 2411 len 32
y11: client 0: request 2412 opcode 16 len 36 bytes: 10 00 09 00 1b 00 00 00 5f 4e 45 54 5f 57 4d 5f 46 55 4c 4c
y11: client 0: reply seq 2412 len 32
y11: client 0: request 2413 opcode 16 len 28 bytes: 10 00 07 00 13 00 00 00 5f 4e 45 54 5f 57 4d 5f 57 49 4e 44
y11: client 0: reply seq 2413 len 32
y11: client 0: request 2414 opcode 16 len 36 bytes: 10 00 09 00 1b 00 00 00 5f 4e 45 54 5f 57 4d 5f 57 49 4e 44
y11: client 0: reply seq 2414 len 32
y11: client 0: request 2415 opcode 16 len 32 bytes: 10 00 08 00 18 00 00 00 5f 4e 45 54 5f 57 4d 5f 57 49 4e 44
y11: client 0: reply seq 2415 len 32
y11: client 0: request 2416 opcode 16 len 36 bytes: 10 00 09 00 1b 00 00 00 5f 4e 45 54 5f 57 4d 5f 57 49 4e 44
y11: client 0: reply seq 2416 len 32
y11: client 0: request 2417 opcode 16 len 32 bytes: 10 00 08 00 18 00 00 00 5f 4e 45 54 5f 57 4d 5f 57 49 4e 44
y11: client 0: reply seq 2417 len 32
y11: client 0: request 2418 opcode 16 len 36 bytes: 10 00 09 00 1b 00 00 00 5f 4e 45 54 5f 57 4d 5f 57 49 4e 44
y11: client 0: reply seq 2418 len 32
y11: client 0: request 2419 opcode 16 len 36 bytes: 10 00 09 00 1a 00 00 00 5f 4e 45 54 5f 57 4d 5f 57 49 4e 44
y11: client 0: reply seq 2419 len 32
y11: client 0: request 2420 opcode 16 len 36 bytes: 10 00 09 00 1a 00 00 00 5f 4e 45 54 5f 57 4d 5f 57 49 4e 44
y11: client 0: reply seq 2420 len 32
y11: client 0: request 2421 opcode 16 len 44 bytes: 10 00 0b 00 21 00 ec ff 5f 4e 45 54 5f 57 4d 5f 57 49 4e 44
y11: client 0: reply seq 2421 len 32
y11: client 0: request 2422 opcode 16 len 40 bytes: 10 00 0a 00 1e 00 0b ff 5f 4e 45 54 5f 57 4d 5f 57 49 4e 44
y11: client 0: reply seq 2422 len 32
y11: client 0: request 2423 opcode 16 len 36 bytes: 10 00 09 00 1b 00 0b ff 5f 4e 45 54 5f 57 4d 5f 57 49 4e 44
y11: client 0: reply seq 2423 len 32
y11: client 0: request 2424 opcode 16 len 40 bytes: 10 00 0a 00 20 00 00 00 5f 4e 45 54 5f 57 4d 5f 57 49 4e 44
y11: client 0: reply seq 2424 len 32
y11: client 0: request 2425 opcode 16 len 36 bytes: 10 00 09 00 19 00 00 00 5f 4e 45 54 5f 57 4d 5f 57 49 4e 44
y11: client 0: reply seq 2425 len 32
y11: client 0: request 2426 opcode 16 len 32 bytes: 10 00 08 00 17 00 0b ff 5f 4e 45 54 5f 57 4d 5f 57 49 4e 44
y11: client 0: reply seq 2426 len 32
y11: client 0: request 2427 opcode 16 len 36 bytes: 10 00 09 00 1a 00 ec ff 5f 4e 45 54 5f 57 4d 5f 57 49 4e 44
y11: client 0: reply seq 2427 len 32
y11: client 0: request 2428 opcode 16 len 24 bytes: 10 00 06 00 0d 00 00 00 5f 4e 45 54 5f 57 4d 5f 53 54 41 54
y11: client 0: reply seq 2428 len 32
y11: client 0: request 2429 opcode 16 len 28 bytes: 10 00 07 00 13 00 ec ff 5f 4e 45 54 5f 57 4d 5f 53 54 41 54
y11: client 0: reply seq 2429 len 32
y11: client 0: request 2430 opcode 16 len 28 bytes: 10 00 07 00 14 00 00 00 5f 4e 45 54 5f 57 4d 5f 53 54 41 54
y11: client 0: reply seq 2430 len 32
y11: client 0: request 2431 opcode 16 len 36 bytes: 10 00 09 00 1c 00 00 00 5f 4e 45 54 5f 57 4d 5f 53 54 41 54
y11: client 0: reply seq 2431 len 32
y11: client 0: request 2432 opcode 16 len 36 bytes: 10 00 09 00 1c 00 00 00 5f 4e 45 54 5f 57 4d 5f 53 54 41 54
y11: client 0: reply seq 2432 len 32
y11: client 0: request 2433 opcode 16 len 28 bytes: 10 00 07 00 14 00 00 00 5f 4e 45 54 5f 57 4d 5f 53 54 41 54
y11: client 0: reply seq 2433 len 32
y11: client 0: request 2434 opcode 16 len 36 bytes: 10 00 09 00 1a 00 ec ff 5f 4e 45 54 5f 57 4d 5f 53 54 41 54
y11: client 0: reply seq 2434 len 32
y11: client 0: request 2435 opcode 16 len 32 bytes: 10 00 08 00 18 00 00 00 5f 4e 45 54 5f 57 4d 5f 53 54 41 54
y11: client 0: reply seq 2435 len 32
y11: client 0: request 2436 opcode 16 len 28 bytes: 10 00 07 00 14 00 00 00 5f 4e 45 54 5f 57 4d 5f 53 54 41 54
y11: client 0: reply seq 2436 len 32
y11: client 0: request 2437 opcode 16 len 32 bytes: 10 00 08 00 18 00 ec ff 5f 4e 45 54 5f 57 4d 5f 53 54 41 54
y11: client 0: reply seq 2437 len 32
y11: client 0: request 2438 opcode 16 len 28 bytes: 10 00 07 00 13 00 00 00 5f 4e 45 54 5f 57 4d 5f 53 54 41 54
y11: client 0: reply seq 2438 len 32
y11: client 0: request 2439 opcode 16 len 28 bytes: 10 00 07 00 13 00 00 00 5f 4e 45 54 5f 57 4d 5f 53 54 41 54
y11: client 0: reply seq 2439 len 32
y11: client 0: request 2440 opcode 16 len 32 bytes: 10 00 08 00 15 00 00 00 5f 4e 45 54 5f 57 4d 5f 53 54 41 54
y11: client 0: reply seq 2440 len 32
y11: client 0: request 2441 opcode 16 len 32 bytes: 10 00 08 00 17 00 00 00 5f 4e 45 54 5f 57 4d 5f 41 4c 4c 4f
y11: client 0: reply seq 2441 len 32
y11: client 0: request 2442 opcode 16 len 28 bytes: 10 00 07 00 13 00 00 00 5f 4e 45 54 5f 57 4d 5f 41 43 54 49
y11: client 0: reply seq 2442 len 32
y11: client 0: request 2443 opcode 16 len 32 bytes: 10 00 08 00 15 00 00 00 5f 4e 45 54 5f 57 4d 5f 41 43 54 49
y11: client 0: reply seq 2443 len 32
y11: client 0: request 2444 opcode 16 len 32 bytes: 10 00 08 00 17 00 00 00 5f 4e 45 54 5f 57 4d 5f 41 43 54 49
y11: client 0: reply seq 2444 len 32
y11: client 0: request 2445 opcode 16 len 28 bytes: 10 00 07 00 14 00 00 00 5f 4e 45 54 5f 57 4d 5f 41 43 54 49
y11: client 0: reply seq 2445 len 32
y11: client 0: request 2446 opcode 16 len 28 bytes: 10 00 07 00 14 00 00 00 5f 4e 45 54 5f 57 4d 5f 41 43 54 49
y11: client 0: reply seq 2446 len 32
y11: client 0: request 2447 opcode 16 len 36 bytes: 10 00 09 00 1c 00 ec ff 5f 4e 45 54 5f 57 4d 5f 41 43 54 49
y11: client 0: reply seq 2447 len 32
y11: client 0: request 2448 opcode 16 len 36 bytes: 10 00 09 00 1c 00 00 00 5f 4e 45 54 5f 57 4d 5f 41 43 54 49
y11: client 0: reply seq 2448 len 32
y11: client 0: request 2449 opcode 16 len 36 bytes: 10 00 09 00 19 00 00 00 5f 4e 45 54 5f 57 4d 5f 41 43 54 49
y11: client 0: reply seq 2449 len 32
y11: client 0: request 2450 opcode 16 len 40 bytes: 10 00 0a 00 1d 00 00 00 5f 4e 45 54 5f 57 4d 5f 41 43 54 49
y11: client 0: reply seq 2450 len 32
y11: client 0: request 2451 opcode 16 len 28 bytes: 10 00 07 00 14 00 00 00 5f 4e 45 54 5f 57 4d 5f 41 43 54 49
y11: client 0: reply seq 2451 len 32
y11: client 0: request 2452 opcode 16 len 24 bytes: 10 00 06 00 0d 00 00 00 5f 4e 45 54 5f 57 4d 5f 53 54 52 55
y11: client 0: reply seq 2452 len 32
y11: client 0: request 2453 opcode 16 len 32 bytes: 10 00 08 00 15 00 00 00 5f 4e 45 54 5f 57 4d 5f 53 54 52 55
y11: client 0: reply seq 2453 len 32
y11: client 0: request 2454 opcode 16 len 32 bytes: 10 00 08 00 15 00 00 00 5f 4e 45 54 5f 57 4d 5f 49 43 4f 4e
y11: client 0: reply seq 2454 len 32
y11: client 0: request 2455 opcode 16 len 20 bytes: 10 00 05 00 0b 00 00 00 5f 4e 45 54 5f 57 4d 5f 50 49 44 00
y11: client 0: reply seq 2455 len 32
y11: client 0: request 2456 opcode 16 len 32 bytes: 10 00 08 00 15 00 00 00 5f 4e 45 54 5f 57 4d 5f 48 41 4e 44
y11: client 0: reply seq 2456 len 32
y11: client 0: request 2457 opcode 16 len 32 bytes: 10 00 08 00 16 00 00 00 5f 4e 45 54 5f 57 4d 5f 57 49 4e 44
y11: client 0: reply seq 2457 len 32
y11: client 0: request 2458 opcode 16 len 28 bytes: 10 00 07 00 12 00 00 00 5f 4e 45 54 5f 46 52 41 4d 45 5f 45
y11: client 0: reply seq 2458 len 32
y11: client 0: request 2459 opcode 16 len 20 bytes: 10 00 05 00 0c 00 00 00 5f 4e 45 54 5f 57 4d 5f 50 49 4e 47
y11: client 0: reply seq 2459 len 32
y11: client 0: request 2460 opcode 18 len 260 bytes: 12 00 41 00 21 00 00 00 45 00 00 00 04 00 00 00 20 00 04 00
y11: client 0: event type 28
y11: client 0: request 2461 opcode 18 len 28 bytes: 12 00 07 00 21 00 00 00 46 00 00 00 21 00 00 00 20 00 ca e2
y11: client 0: event type 28
y11: client 0: request 2462 opcode 18 len 28 bytes: 12 00 07 00 7b 00 10 00 46 00 00 00 21 00 00 00 20 00 08 00
y11: client 0: request 2463 opcode 18 len 24 bytes: 12 00 06 00 21 00 00 00 47 00 00 00 21 00 00 00 20 00 00 00
y11: client 0: event type 28
y11: client 0: request 2464 opcode 18 len 24 bytes: 12 00 06 00 21 00 00 00 48 00 00 00 21 00 00 00 20 00 04 00
y11: client 0: event type 28
y11: client 0: request 2465 opcode 18 len 28 bytes: 12 00 07 00 21 00 00 00 53 00 00 00 06 00 00 00 20 00 04 00
y11: client 0: event type 28
y11: client 0: request 2466 opcode 18 len 24 bytes: 12 00 06 00 21 00 00 00 88 00 00 00 82 00 00 00 08 00 00 00
y11: client 0: event type 28
y11: client 0: request 2467 opcode 18 len 28 bytes: 12 00 07 00 21 00 00 00 8b 00 00 00 06 00 00 00 20 00 00 00
y11: client 0: event type 28
y11: client 0: request 2468 opcode 1 len 52 bytes: 01 18 0d 00 d4 01 10 00 21 00 00 00 00 00 00 00 40 00 40 00
y11: client 0: event type 16
y11: client 0: request 2469 opcode 61 len 16 bytes: 3d 00 04 00 d4 01 10 00 00 00 00 00 00 00 00 00
y11: client 0: request 2470 opcode 43 len 4 bytes: 2b 00 01 00
y11: client 0: reply seq 2470 len 32
y11: client 0: request 2471 opcode 130 len 16 bytes: 82 01 04 00 d5 01 10 00 0a 00 02 00 00 00 00 00
y11: client 0: request 2472 opcode 43 len 4 bytes: 2b 00 01 00
y11: client 0: reply seq 2472 len 32
y11: client 0: request 2473 opcode 53 len 16 bytes: 35 18 04 00 d6 01 10 00 21 00 00 00 40 00 40 00
y11: client 0: request 2474 opcode 130 len 28 bytes: 82 05 07 00 d7 01 10 00 21 00 00 00 40 00 40 00 18 00 00 00
y11: client 0: request 2475 opcode 62 len 28 bytes: 3e 00 07 00 d7 01 10 00 d6 01 10 00 7c 00 10 00 00 00 00 00
y11: client 0: request 2476 opcode 54 len 8 bytes: 36 00 02 00 d7 01 10 00
y11: client 0: request 2477 opcode 43 len 4 bytes: 2b 00 01 00
y11: client 0: reply seq 2477 len 32
y11: client 0: request 2478 opcode 130 len 8 bytes: 82 02 02 00 d5 01 10 00
y11: client 0: request 2479 opcode 2 len 16 bytes: 02 00 04 00 d4 01 10 00 01 00 00 00 d6 01 10 00
y11: client 0: request 2480 opcode 61 len 16 bytes: 3d 00 04 00 d4 01 10 00 00 00 00 00 00 00 00 00
y11: client 0: request 2481 opcode 18 len 28 bytes: 12 02 07 00 d4 01 10 00 6d 00 00 00 04 00 00 00 20 00 10 00
y11: client 0: request 2482 opcode 8 len 8 bytes: 08 00 02 00 d4 01 10 00
y11: client 0: event type 19
y11: client 0: event type 12
y11: client 0: request 2483 opcode 12 len 20 bytes: 0c 00 05 00 d4 01 10 00 03 00 10 00 00 00 00 00 00 00 00 00
y11: client 0: event type 22
y11: client 0: request 2484 opcode 1 len 52 bytes: 01 18 0d 00 d8 01 10 00 21 00 00 00 08 00 02 00 01 00 01 00
y11: client 0: event type 16
y11: client 0: request 2485 opcode 61 len 16 bytes: 3d 00 04 00 d8 01 10 00 00 00 00 00 00 00 00 00
y11: client 0: request 2486 opcode 12 len 20 bytes: 0c 00 05 00 d4 01 10 00 60 00 00 00 d8 01 10 00 01 00 00 00
y11: client 0: event type 22
y11: client 0: request 2487 opcode 12 len 16 bytes: 0c 00 04 00 d8 01 10 00 10 00 00 00 01 00 00 00
y11: client 0: event type 22
y11: client 0: request 2488 opcode 84 len 16 bytes: 54 00 04 00 22 00 00 00 00 00 00 00 00 00 00 00
y11: client 0: reply seq 2488 len 32
y11: client 0: request 2489 opcode 84 len 16 bytes: 54 00 04 00 22 00 00 00 00 00 00 00 00 00 10 00
y11: client 0: reply seq 2489 len 32
y11: client 0: request 2490 opcode 84 len 16 bytes: 54 00 04 00 22 00 00 00 00 ff 00 ff 00 ff 10 00
y11: client 0: reply seq 2490 len 32
y11: client 0: request 2491 opcode 2 len 16 bytes: 02 00 04 00 d8 01 10 00 08 00 00 00 00 00 00 00
y11: client 0: request 2492 opcode 1 len 48 bytes: 01 18 0c 00 d9 01 10 00 d8 01 10 00 00 00 00 00 01 00 0a 00
y11: client 0: request 2493 opcode 8 len 8 bytes: 08 00 02 00 d9 01 10 00
y11: client 0: request 2494 opcode 1 len 52 bytes: 01 18 0d 00 da 01 10 00 21 00 00 00 08 00 02 00 01 00 01 00
y11: client 0: event type 16
y11: client 0: request 2495 opcode 61 len 16 bytes: 3d 00 04 00 da 01 10 00 00 00 00 00 00 00 00 00
y11: client 0: request 2496 opcode 12 len 20 bytes: 0c 00 05 00 d8 01 10 00 60 00 05 00 da 01 10 00 01 00 00 00
y11: client 0: event type 22
y11: client 0: request 2497 opcode 12 len 20 bytes: 0c 00 05 00 d4 01 10 00 60 00 0d 00 d8 01 10 00 01 00 00 00
y11: client 0: event type 22
y11: client 0: request 2498 opcode 12 len 16 bytes: 0c 00 04 00 da 01 10 00 10 00 00 00 01 00 00 00
y11: client 0: event type 22
y11: client 0: request 2499 opcode 84 len 16 bytes: 54 00 04 00 22 00 00 00 00 00 00 00 00 00 10 00
y11: client 0: reply seq 2499 len 32
y11: client 0: request 2500 opcode 84 len 16 bytes: 54 00 04 00 22 00 00 00 00 00 00 00 00 00 02 00
y11: client 0: reply seq 2500 len 32
y11: client 0: request 2501 opcode 84 len 16 bytes: 54 00 04 00 22 00 00 00 00 ff 00 ff 00 ff 02 00
y11: client 0: reply seq 2501 len 32
y11: client 0: request 2502 opcode 2 len 16 bytes: 02 00 04 00 da 01 10 00 08 00 00 00 00 00 00 00
y11: client 0: request 2503 opcode 1 len 48 bytes: 01 18 0c 00 db 01 10 00 da 01 10 00 00 00 00 00 01 00 0a 00
y11: client 0: request 2504 opcode 8 len 8 bytes: 08 00 02 00 db 01 10 00
y11: client 0: request 2505 opcode 1 len 52 bytes: 01 18 0d 00 dc 01 10 00 21 00 00 00 08 00 02 00 01 00 01 00
y11: client 0: event type 16
y11: client 0: request 2506 opcode 61 len 16 bytes: 3d 00 04 00 dc 01 10 00 00 00 00 00 00 00 00 00
y11: client 0: request 2507 opcode 12 len 20 bytes: 0c 00 05 00 da 01 10 00 60 00 05 00 dc 01 10 00 01 00 00 00
y11: client 0: event type 22
y11: client 0: request 2508 opcode 12 len 20 bytes: 0c 00 05 00 d8 01 10 00 60 00 0d 00 da 01 10 00 01 00 00 00
y11: client 0: event type 22
y11: client 0: request 2509 opcode 12 len 20 bytes: 0c 00 05 00 d4 01 10 00 60 00 00 00 d8 01 10 00 01 00 00 00
y11: client 0: event type 22
y11: client 0: request 2510 opcode 12 len 16 bytes: 0c 00 04 00 dc 01 10 00 10 00 10 00 01 00 00 00
y11: client 0: event type 22
y11: client 0: request 2511 opcode 84 len 16 bytes: 54 00 04 00 22 00 00 00 00 00 00 00 00 00 00 00
y11: client 0: reply seq 2511 len 32
y11: client 0: request 2512 opcode 84 len 16 bytes: 54 00 04 00 22 00 00 00 00 00 00 00 00 00 02 00
y11: client 0: reply seq 2512 len 32
y11: client 0: request 2513 opcode 84 len 16 bytes: 54 00 04 00 22 00 00 00 00 ff 00 ff 00 ff 02 00
y11: client 0: reply seq 2513 len 32
y11: client 0: request 2514 opcode 2 len 16 bytes: 02 00 04 00 dc 01 10 00 08 00 00 00 00 00 00 00
y11: client 0: request 2515 opcode 1 len 48 bytes: 01 18 0c 00 dd 01 10 00 dc 01 10 00 00 00 00 00 01 00 0a 00
y11: client 0: request 2516 opcode 8 len 8 bytes: 08 00 02 00 dd 01 10 00
y11: client 0: request 2517 opcode 1 len 52 bytes: 01 18 0d 00 de 01 10 00 21 00 00 00 08 00 02 00 01 00 01 00
y11: client 0: event type 16
y11: client 0: request 2518 opcode 61 len 16 bytes: 3d 00 04 00 de 01 10 00 00 00 00 00 00 00 00 00
y11: client 0: request 2519 opcode 12 len 20 bytes: 0c 00 05 00 dc 01 10 00 60 00 05 00 de 01 10 00 01 00 00 00
y11: client 0: event type 22
y11: client 0: request 2520 opcode 12 len 20 bytes: 0c 00 05 00 da 01 10 00 60 00 0d 00 dc 01 10 00 01 00 00 00
y11: client 0: event type 22
y11: client 0: request 2521 opcode 12 len 20 bytes: 0c 00 05 00 d8 01 10 00 60 00 00 00 da 01 10 00 01 00 00 00
y11: client 0: event type 22
y11: client 0: request 2522 opcode 12 len 20 bytes: 0c 00 05 00 d4 01 10 00 60 00 10 00 d8 01 10 00 01 00 00 00
y11: client 0: event type 22
y11: client 0: request 2523 opcode 12 len 16 bytes: 0c 00 04 00 de 01 10 00 10 00 00 00 01 00 00 00
y11: client 0: event type 22
y11: client 0: request 2524 opcode 84 len 16 bytes: 54 00 04 00 22 00 00 00 00 00 00 00 00 00 10 00
y11: client 0: reply seq 2524 len 32
y11: client 0: request 2525 opcode 84 len 16 bytes: 54 00 04 00 22 00 00 00 00 00 00 00 00 00 02 00
y11: client 0: reply seq 2525 len 32
y11: client 0: request 2526 opcode 84 len 16 bytes: 54 00 04 00 22 00 00 00 00 ff 00 ff 00 ff 02 00
y11: client 0: reply seq 2526 len 32
y11: client 0: request 2527 opcode 2 len 16 bytes: 02 00 04 00 de 01 10 00 08 00 00 00 00 00 00 00
y11: client 0: request 2528 opcode 1 len 48 bytes: 01 18 0c 00 df 01 10 00 de 01 10 00 00 00 00 00 01 00 0a 00
y11: client 0: request 2529 opcode 8 len 8 bytes: 08 00 02 00 df 01 10 00
y11: client 0: request 2530 opcode 12 len 16 bytes: 0c 00 04 00 de 01 10 00 10 00 00 00 01 00 00 00
y11: client 0: event type 22
y11: client 0: request 2531 opcode 84 len 16 bytes: 54 00 04 00 22 00 00 00 00 00 00 00 00 00 00 00
y11: client 0: reply seq 2531 len 32
y11: client 0: request 2532 opcode 84 len 16 bytes: 54 00 04 00 22 00 00 00 00 00 00 00 00 00 00 00
y11: client 0: reply seq 2532 len 32
y11: client 0: request 2533 opcode 84 len 16 bytes: 54 00 04 00 22 00 00 00 00 ff 00 ff 00 ff 00 00
y11: client 0: reply seq 2533 len 32
y11: client 0: request 2534 opcode 2 len 16 bytes: 02 00 04 00 de 01 10 00 08 00 00 00 00 00 00 00
y11: client 0: request 2535 opcode 139 len 12 bytes: 8b 11 03 00 e0 01 10 00 03 01 00 00
y11: client 0: request 2536 opcode 139 len 100 bytes: 8b 14 19 00 e0 01 10 00 01 00 00 00 2e 00 00 00 07 00 09 00
y11: client 0: request 2537 opcode 139 len 84 bytes: 8b 14 15 00 e0 01 10 00 01 00 00 00 48 00 00 00 07 00 07 00
y11: client 0: request 2538 opcode 139 len 108 bytes: 8b 14 1b 00 e0 01 10 00 01 00 00 00 53 00 00 00 06 00 0a 00
y11: client 0: request 2539 opcode 139 len 28 bytes: 8b 14 07 00 e0 01 10 00 01 00 00 00 03 00 00 00 00 00 00 00
y11: client 0: request 2540 opcode 139 len 84 bytes: 8b 14 15 00 e0 01 10 00 01 00 00 00 52 00 00 00 07 00 07 00
y11: client 0: request 2541 opcode 139 len 84 bytes: 8b 14 15 00 e0 01 10 00 01 00 00 00 51 00 00 00 06 00 07 00
y11: client 0: request 2542 opcode 139 len 100 bytes: 8b 14 19 00 e0 01 10 00 01 00 00 00 37 00 00 00 07 00 09 00
y11: client 0: request 2543 opcode 139 len 108 bytes: 8b 14 1b 00 e0 01 10 00 01 00 00 00 4b 00 00 00 06 00 0a 00
y11: client 0: request 2544 opcode 139 len 112 bytes: 8b 14 1c 00 e0 01 10 00 01 00 00 00 5a 00 00 00 0a 00 07 00
y11: client 0: request 2545 opcode 139 len 68 bytes: 8b 14 11 00 e0 01 10 00 01 00 00 00 4c 00 00 00 03 00 0a 00
y11: client 0: request 2546 opcode 139 len 84 bytes: 8b 14 15 00 e0 01 10 00 01 00 00 00 5d 00 00 00 06 00 07 00
y11: client 0: request 2547 opcode 139 len 84 bytes: 8b 14 15 00 e0 01 10 00 01 00 00 00 44 00 00 00 06 00 07 00
y11: client 0: request 2548 opcode 139 len 56 bytes: 8b 14 0e 00 e0 01 10 00 01 00 00 00 55 00 00 00 04 00 07 00
y11: client 0: request 2549 opcode 139 len 108 bytes: 8b 14 1b 00 e0 01 10 00 01 00 00 00 47 00 00 00 07 00 0a 00
y11: client 0: request 2550 opcode 139 len 108 bytes: 8b 14 1b 00 e0 01 10 00 01 00 00 00 54 00 00 00 07 00 0a 00
y11: client 0: request 2551 opcode 139 len 84 bytes: 8b 14 15 00 e0 01 10 00 01 00 00 00 58 00 00 00 07 00 07 00
y11: client 0: request 2552 opcode 139 len 84 bytes: 8b 14 15 00 e0 01 10 00 01 00 00 00 46 00 00 00 06 00 07 00
y11: client 0: request 2553 opcode 139 len 108 bytes: 8b 14 1b 00 e0 01 10 00 01 00 00 00 4e 00 00 00 06 00 0a 00
y11: client 0: request 2554 opcode 139 len 68 bytes: 8b 14 11 00 e0 01 10 00 01 00 00 00 4f 00 00 00 02 00 0a 00
y11: client 0: request 2555 opcode 139 len 108 bytes: 8b 14 1b 00 e0 01 10 00 01 00 00 00 5c 00 00 00 07 00 0a 00
y11: client 0: request 2556 opcode 139 len 80 bytes: 8b 14 14 00 e0 01 10 00 01 00 00 00 4d 00 00 00 04 00 0d 00
y11: client 0: request 2557 opcode 139 len 84 bytes: 8b 14 15 00 e0 01 10 00 01 00 00 00 5b 00 00 00 07 00 07 00
y11: client 0: request 2558 opcode 139 len 100 bytes: 8b 14 19 00 e0 01 10 00 01 00 00 00 57 00 00 00 05 00 09 00
y11: client 0: request 2559 opcode 139 len 108 bytes: 8b 14 1b 00 e0 01 10 00 01 00 00 00 4a 00 00 00 07 00 0a 00
y11: client 0: request 2560 opcode 139 len 112 bytes: 8b 14 1c 00 e0 01 10 00 01 00 00 00 50 00 00 00 0a 00 07 00
y11: client 0: request 2561 opcode 139 len 84 bytes: 8b 14 15 00 e0 01 10 00 01 00 00 00 56 00 00 00 06 00 07 00
y11: client 0: request 2562 opcode 139 len 108 bytes: 8b 14 1b 00 e0 01 10 00 01 00 00 00 45 00 00 00 06 00 0a 00
y11: client 0: request 2563 opcode 139 len 108 bytes: 8b 14 1b 00 e0 01 10 00 01 00 00 00 49 00 00 00 05 00 0a 00
y11: client 0: request 2564 opcode 139 len 84 bytes: 8b 14 15 00 e0 01 10 00 01 00 00 00 59 00 00 00 07 00 07 00
y11: client 0: request 2565 opcode 139 len 36 bytes: 8b 14 09 00 e0 01 10 00 01 00 00 00 11 00 00 00 03 00 02 00
y11: client 0: request 2566 opcode 139 len 100 bytes: 8b 14 19 00 e0 01 10 00 01 00 00 00 13 00 00 00 07 00 09 00
y11: client 0: request 2567 opcode 139 len 64 bytes: 8b 14 10 00 e0 01 10 00 01 00 00 00 14 00 00 00 04 00 09 00
y11: client 0: request 2568 opcode 139 len 100 bytes: 8b 14 19 00 e0 01 10 00 01 00 00 00 15 00 00 00 07 00 09 00
y11: client 0: request 2569 opcode 139 len 100 bytes: 8b 14 19 00 e0 01 10 00 01 00 00 00 16 00 00 00 07 00 09 00
y11: client 0: request 2570 opcode 139 len 100 bytes: 8b 14 19 00 e0 01 10 00 01 00 00 00 17 00 00 00 07 00 09 00
y11: client 0: request 2571 opcode 139 len 100 bytes: 8b 14 19 00 e0 01 10 00 01 00 00 00 18 00 00 00 07 00 09 00
y11: client 0: request 2572 opcode 139 len 100 bytes: 8b 14 19 00 e0 01 10 00 01 00 00 00 19 00 00 00 07 00 09 00
y11: client 0: request 2573 opcode 139 len 100 bytes: 8b 14 19 00 e0 01 10 00 01 00 00 00 1a 00 00 00 07 00 09 00
y11: client 0: request 2574 opcode 139 len 100 bytes: 8b 14 19 00 e0 01 10 00 01 00 00 00 1b 00 00 00 07 00 09 00
y11: client 0: request 2575 opcode 139 len 100 bytes: 8b 14 19 00 e0 01 10 00 01 00 00 00 1c 00 00 00 07 00 09 00
y11: client 0: request 2576 opcode 139 len 100 bytes: 8b 14 19 00 e0 01 10 00 01 00 00 00 26 00 00 00 08 00 09 00
y11: client 0: request 2577 opcode 139 len 100 bytes: 8b 14 19 00 e0 01 10 00 01 00 00 00 24 00 00 00 08 00 09 00
y11: client 0: request 2578 opcode 139 len 64 bytes: 8b 14 10 00 e0 01 10 00 01 00 00 00 2c 00 00 00 04 00 09 00
y11: client 0: request 2579 opcode 12 len 28 bytes: 0c 00 07 00 df 01 10 00 0f 00 00 00 00 00 00 00 00 00 00 00
y11: client 0: request 2580 opcode 12 len 20 bytes: 0c 00 05 00 de 01 10 00 0c 00 00 00 7a 00 00 00 72 00 00 00
y11: client 0: event type 22
y11: client 0: request 2581 opcode 2 len 16 bytes: 02 00 04 00 df 01 10 00 02 00 00 00 aa aa aa 00
y11: client 0: request 2582 opcode 61 len 16 bytes: 3d 00 04 00 df 01 10 00 00 00 00 00 00 00 00 00
y11: client 0: request 2583 opcode 12 len 16 bytes: 0c 00 04 00 dc 01 10 00 10 00 00 00 01 00 00 00
y11: client 0: event type 22
y11: client 0: request 2584 opcode 84 len 16 bytes: 54 00 04 00 22 00 00 00 00 00 00 00 00 00 00 00
y11: client 0: reply seq 2584 len 32
y11: client 0: request 2585 opcode 84 len 16 bytes: 54 00 04 00 22 00 00 00 00 00 00 00 00 00 00 00
y11: client 0: reply seq 2585 len 32
y11: client 0: request 2586 opcode 84 len 16 bytes: 54 00 04 00 22 00 00 00 00 ff 00 ff 00 ff 00 00
y11: client 0: reply seq 2586 len 32
y11: client 0: request 2587 opcode 2 len 16 bytes: 02 00 04 00 dc 01 10 00 08 00 00 00 00 00 00 00
y11: client 0: request 2588 opcode 12 len 28 bytes: 0c 00 07 00 dd 01 10 00 0f 00 00 00 00 00 00 00 00 00 00 00
y11: client 0: request 2589 opcode 12 len 20 bytes: 0c 00 05 00 dc 01 10 00 0c 00 00 00 7a 00 00 00 72 00 00 00
y11: client 0: event type 22
y11: client 0: request 2590 opcode 2 len 16 bytes: 02 00 04 00 dd 01 10 00 02 00 00 00 aa aa aa 00
y11: client 0: request 2591 opcode 61 len 16 bytes: 3d 00 04 00 dd 01 10 00 00 00 00 00 00 00 00 00
y11: client 0: request 2592 opcode 12 len 16 bytes: 0c 00 04 00 da 01 10 00 10 00 00 9c 01 00 00 00
y11: client 0: event type 22
y11: client 0: request 2593 opcode 84 len 16 bytes: 54 00 04 00 22 00 00 00 00 00 00 00 00 00 20 00
y11: client 0: reply seq 2593 len 32
y11: client 0: request 2594 opcode 84 len 16 bytes: 54 00 04 00 22 00 00 00 00 00 00 00 00 00 00 00
y11: client 0: reply seq 2594 len 32
y11: client 0: request 2595 opcode 84 len 16 bytes: 54 00 04 00 22 00 00 00 00 ff 00 ff 00 ff 00 00
y11: client 0: reply seq 2595 len 32
y11: client 0: request 2596 opcode 2 len 16 bytes: 02 00 04 00 da 01 10 00 08 00 00 00 00 00 00 00
y11: client 0: request 2597 opcode 139 len 136 bytes: 8b 14 22 00 e0 01 10 00 01 00 00 00 32 00 00 00 09 00 09 00
y11: client 0: request 2598 opcode 12 len 28 bytes: 0c 00 07 00 db 01 10 00 0f 00 00 00 00 00 00 00 00 00 00 00
y11: client 0: request 2599 opcode 12 len 20 bytes: 0c 00 05 00 da 01 10 00 0c 00 00 00 5d 00 00 00 16 00 00 00
y11: client 0: event type 22
y11: client 0: request 2600 opcode 2 len 16 bytes: 02 00 04 00 db 01 10 00 02 00 00 00 aa aa aa 00
y11: client 0: request 2601 opcode 61 len 16 bytes: 3d 00 04 00 db 01 10 00 00 00 00 00 00 00 00 00
y11: client 0: request 2602 opcode 12 len 16 bytes: 0c 00 04 00 d8 01 10 00 10 00 e0 e8 01 00 00 00
y11: client 0: event type 22
y11: client 0: request 2603 opcode 84 len 16 bytes: 54 00 04 00 22 00 00 00 00 00 00 00 00 00 00 00
y11: client 0: reply seq 2603 len 32
y11: client 0: request 2604 opcode 84 len 16 bytes: 54 00 04 00 22 00 00 00 00 00 00 00 00 00 00 00
y11: client 0: reply seq 2604 len 32
y11: client 0: request 2605 opcode 84 len 16 bytes: 54 00 04 00 22 00 00 00 00 ff 00 ff 00 ff 00 00
y11: client 0: reply seq 2605 len 32
y11: client 0: request 2606 opcode 2 len 16 bytes: 02 00 04 00 d8 01 10 00 08 00 00 00 00 00 00 00
y11: client 0: request 2607 opcode 12 len 28 bytes: 0c 00 07 00 d9 01 10 00 0f 00 00 00 00 00 00 00 00 00 00 00
y11: client 0: request 2608 opcode 12 len 20 bytes: 0c 00 05 00 d8 01 10 00 0c 00 00 00 5d 00 00 00 16 00 00 00
y11: client 0: event type 22
y11: client 0: request 2609 opcode 2 len 16 bytes: 02 00 04 00 d9 01 10 00 02 00 00 00 aa aa aa 00
y11: client 0: request 2610 opcode 61 len 16 bytes: 3d 00 04 00 d9 01 10 00 00 00 00 00 00 00 00 00
y11: client 0: request 2611 opcode 1 len 52 bytes: 01 18 0d 00 e1 01 10 00 21 00 00 00 08 00 02 00 01 00 01 00
y11: client 0: event type 16
y11: client 0: request 2612 opcode 61 len 16 bytes: 3d 00 04 00 e1 01 10 00 00 00 00 00 00 00 00 00
y11: client 0: request 2613 opcode 12 len 20 bytes: 0c 00 05 00 de 01 10 00 60 00 00 00 e1 01 10 00 01 00 00 00
y11: client 0: event type 22
y11: client 0: request 2614 opcode 12 len 20 bytes: 0c 00 05 00 dc 01 10 00 60 00 00 00 de 01 10 00 01 00 00 00
y11: client 0: event type 22
y11: client 0: request 2615 opcode 12 len 20 bytes: 0c 00 05 00 da 01 10 00 60 00 aa 00 dc 01 10 00 01 00 00 00
y11: client 0: event type 22
y11: client 0: request 2616 opcode 12 len 20 bytes: 0c 00 05 00 d8 01 10 00 60 00 04 00 da 01 10 00 01 00 00 00
y11: client 0: event type 22
y11: client 0: request 2617 opcode 12 len 20 bytes: 0c 00 05 00 d4 01 10 00 60 00 00 00 d8 01 10 00 01 00 00 00
y11: client 0: event type 22
y11: client 0: request 2618 opcode 12 len 16 bytes: 0c 00 04 00 e1 01 10 00 10 00 00 00 01 00 00 00
y11: client 0: event type 22
y11: client 0: request 2619 opcode 84 len 16 bytes: 54 00 04 00 22 00 00 00 00 00 00 00 00 00 00 00
y11: client 0: reply seq 2619 len 32
y11: client 0: request 2620 opcode 84 len 16 bytes: 54 00 04 00 22 00 00 00 00 00 00 00 00 00 00 00
y11: client 0: reply seq 2620 len 32
y11: client 0: request 2621 opcode 84 len 16 bytes: 54 00 04 00 22 00 00 00 00 ff 00 ff 00 ff 00 00
y11: client 0: reply seq 2621 len 32
y11: client 0: request 2622 opcode 2 len 16 bytes: 02 00 04 00 e1 01 10 00 08 00 00 00 00 00 00 00
y11: client 0: request 2623 opcode 1 len 48 bytes: 01 18 0c 00 e2 01 10 00 e1 01 10 00 00 00 00 00 01 00 0a 00
y11: client 0: request 2624 opcode 8 len 8 bytes: 08 00 02 00 e2 01 10 00
y11: client 0: request 2625 opcode 1 len 52 bytes: 01 18 0d 00 e3 01 10 00 21 00 00 00 08 00 02 00 01 00 01 00
y11: client 0: event type 16
y11: client 0: request 2626 opcode 61 len 16 bytes: 3d 00 04 00 e3 01 10 00 00 00 00 00 00 00 00 00
y11: client 0: request 2627 opcode 12 len 20 bytes: 0c 00 05 00 e1 01 10 00 60 00 aa 00 e3 01 10 00 01 00 00 00
y11: client 0: event type 22
y11: client 0: request 2628 opcode 12 len 20 bytes: 0c 00 05 00 de 01 10 00 60 00 0d 00 e1 01 10 00 01 00 00 00
y11: client 0: event type 22
y11: client 0: request 2629 opcode 12 len 20 bytes: 0c 00 05 00 dc 01 10 00 60 00 00 00 de 01 10 00 01 00 00 00
y11: client 0: event type 22
y11: client 0: request 2630 opcode 12 len 20 bytes: 0c 00 05 00 da 01 10 00 60 00 10 00 dc 01 10 00 01 00 00 00
y11: client 0: event type 22
y11: client 0: request 2631 opcode 12 len 20 bytes: 0c 00 05 00 d8 01 10 00 60 00 00 00 da 01 10 00 01 00 00 00
y11: client 0: event type 22
y11: client 0: request 2632 opcode 12 len 20 bytes: 0c 00 05 00 d4 01 10 00 60 00 10 00 d8 01 10 00 01 00 00 00
y11: client 0: event type 22
y11: client 0: request 2633 opcode 12 len 16 bytes: 0c 00 04 00 e3 01 10 00 10 00 10 00 01 00 00 00
y11: client 0: event type 22
y11: client 0: request 2634 opcode 84 len 16 bytes: 54 00 04 00 22 00 00 00 00 00 00 00 00 00 10 00
y11: client 0: reply seq 2634 len 32
y11: client 0: request 2635 opcode 84 len 16 bytes: 54 00 04 00 22 00 00 00 00 00 00 00 00 00 02 00
y11: client 0: reply seq 2635 len 32
y11: client 0: request 2636 opcode 84 len 16 bytes: 54 00 04 00 22 00 00 00 00 ff 00 ff 00 ff 02 00
y11: client 0: reply seq 2636 len 32
y11: client 0: request 2637 opcode 2 len 16 bytes: 02 00 04 00 e3 01 10 00 08 00 00 00 00 00 00 00
y11: client 0: request 2638 opcode 1 len 48 bytes: 01 18 0c 00 e4 01 10 00 e3 01 10 00 00 00 00 00 01 00 0a 00
y11: client 0: request 2639 opcode 8 len 8 bytes: 08 00 02 00 e4 01 10 00
y11: client 0: request 2640 opcode 12 len 16 bytes: 0c 00 04 00 e3 01 10 00 10 00 00 00 01 00 00 00
y11: client 0: event type 22
y11: client 0: request 2641 opcode 84 len 16 bytes: 54 00 04 00 22 00 00 00 00 00 00 00 00 00 00 00
y11: client 0: reply seq 2641 len 32
y11: client 0: request 2642 opcode 84 len 16 bytes: 54 00 04 00 22 00 00 00 00 00 00 00 00 00 00 00
y11: client 0: reply seq 2642 len 32
y11: client 0: request 2643 opcode 84 len 16 bytes: 54 00 04 00 22 00 00 00 00 ff 00 ff 00 ff 00 00
y11: client 0: reply seq 2643 len 32
y11: client 0: request 2644 opcode 2 len 16 bytes: 02 00 04 00 e3 01 10 00 08 00 00 00 00 00 00 00
y11: client 0: request 2645 opcode 12 len 28 bytes: 0c 00 07 00 e4 01 10 00 0f 00 00 00 00 00 00 00 00 00 00 00
y11: client 0: request 2646 opcode 12 len 20 bytes: 0c 00 05 00 e3 01 10 00 0c 00 00 00 0e 00 00 00 16 00 00 00
y11: client 0: event type 22
y11: client 0: request 2647 opcode 2 len 16 bytes: 02 00 04 00 e4 01 10 00 02 00 00 00 aa aa aa 00
y11: client 0: request 2648 opcode 61 len 16 bytes: 3d 00 04 00 e4 01 10 00 00 00 00 00 00 00 00 00
y11: client 0: request 2649 opcode 12 len 16 bytes: 0c 00 04 00 e1 01 10 00 10 00 00 00 01 00 00 00
y11: client 0: event type 22
y11: client 0: request 2650 opcode 84 len 16 bytes: 54 00 04 00 22 00 00 00 00 00 00 00 00 00 00 00
y11: client 0: reply seq 2650 len 32
y11: client 0: request 2651 opcode 84 len 16 bytes: 54 00 04 00 22 00 00 00 00 00 00 00 00 00 00 00
y11: client 0: reply seq 2651 len 32
y11: client 0: request 2652 opcode 84 len 16 bytes: 54 00 04 00 22 00 00 00 00 ff 00 ff 00 ff 00 00
y11: client 0: reply seq 2652 len 32
y11: client 0: request 2653 opcode 2 len 16 bytes: 02 00 04 00 e1 01 10 00 08 00 00 00 00 00 00 00
y11: client 0: request 2654 opcode 12 len 28 bytes: 0c 00 07 00 e2 01 10 00 0f 00 00 00 00 00 00 00 00 00 00 00
y11: client 0: request 2655 opcode 12 len 20 bytes: 0c 00 05 00 e1 01 10 00 0c 00 00 00 0e 00 00 00 16 00 00 00
y11: client 0: event type 22
y11: client 0: request 2656 opcode 2 len 16 bytes: 02 00 04 00 e2 01 10 00 02 00 00 00 aa aa aa 00
y11: client 0: request 2657 opcode 61 len 16 bytes: 3d 00 04 00 e2 01 10 00 00 00 00 00 00 00 00 00
y11: client 0: request 2658 opcode 12 len 16 bytes: 0c 00 04 00 da 01 10 00 10 00 00 00 01 00 00 00
y11: client 0: event type 22
y11: client 0: request 2659 opcode 84 len 16 bytes: 54 00 04 00 22 00 00 00 00 00 00 00 00 00 00 00
y11: client 0: reply seq 2659 len 32
y11: client 0: request 2660 opcode 84 len 16 bytes: 54 00 04 00 22 00 00 00 00 00 00 00 00 00 00 00
y11: client 0: reply seq 2660 len 32
y11: client 0: request 2661 opcode 84 len 16 bytes: 54 00 04 00 22 00 00 00 00 ff 00 ff 00 ff 00 00
y11: client 0: reply seq 2661 len 32
y11: client 0: request 2662 opcode 2 len 16 bytes: 02 00 04 00 da 01 10 00 08 00 00 00 00 00 00 00
y11: client 0: request 2663 opcode 139 len 100 bytes: 8b 14 19 00 e0 01 10 00 01 00 00 00 35 00 00 00 07 00 09 00
y11: client 0: request 2664 opcode 139 len 136 bytes: 8b 14 22 00 e0 01 10 00 01 00 00 00 3a 00 00 00 0b 00 09 00
y11: client 0: request 2665 opcode 139 len 100 bytes: 8b 14 19 00 e0 01 10 00 01 00 00 00 36 00 00 00 07 00 09 00
y11: client 0: request 2666 opcode 139 len 136 bytes: 8b 14 22 00 e0 01 10 00 01 00 00 00 30 00 00 00 09 00 09 00
y11: client 0: request 2667 opcode 12 len 28 bytes: 0c 00 07 00 db 01 10 00 0f 00 00 00 00 00 00 00 00 00 00 00
y11: client 0: request 2668 opcode 12 len 20 bytes: 0c 00 05 00 da 01 10 00 0c 00 00 00 89 00 00 00 89 00 00 00
y11: client 0: event type 22
y11: client 0: request 2669 opcode 2 len 16 bytes: 02 00 04 00 db 01 10 00 02 00 00 00 aa aa aa 00
y11: client 0: request 2670 opcode 61 len 16 bytes: 3d 00 04 00 db 01 10 00 00 00 00 00 00 00 00 00
y11: client 0: request 2671 opcode 12 len 16 bytes: 0c 00 04 00 d8 01 10 00 10 00 34 e0 01 00 00 00
y11: client 0: event type 22
y11: client 0: request 2672 opcode 84 len 16 bytes: 54 00 04 00 22 00 00 00 00 00 00 00 00 00 00 00
y11: client 0: reply seq 2672 len 32
y11: client 0: request 2673 opcode 84 len 16 bytes: 54 00 04 00 22 00 00 00 00 00 00 00 00 00 00 00
y11: client 0: reply seq 2673 len 32
y11: client 0: request 2674 opcode 84 len 16 bytes: 54 00 04 00 22 00 00 00 00 ff 00 ff 00 ff 00 00
y11: client 0: reply seq 2674 len 32
y11: client 0: request 2675 opcode 2 len 16 bytes: 02 00 04 00 d8 01 10 00 08 00 00 00 00 00 00 00
y11: client 0: request 2676 opcode 12 len 28 bytes: 0c 00 07 00 d9 01 10 00 0f 00 00 00 00 00 00 00 00 00 00 00
y11: client 0: request 2677 opcode 12 len 20 bytes: 0c 00 05 00 d8 01 10 00 0c 00 05 2d 89 00 00 00 89 00 00 00
y11: client 0: event type 22
y11: client 0: request 2678 opcode 2 len 16 bytes: 02 00 04 00 d9 01 10 00 02 00 00 00 aa aa aa 00
y11: client 0: request 2679 opcode 61 len 16 bytes: 3d 00 04 00 d9 01 10 00 00 00 00 00 00 00 00 00
y11: client 0: request 2680 opcode 18 len 32 bytes: 12 00 08 00 21 00 00 00 56 00 00 00 06 00 00 00 20 ef 12 00
y11: client 0: event type 28
y11: client 0: request 2681 opcode 18 len 32 bytes: 12 00 08 00 21 00 00 00 87 00 00 00 06 00 00 00 20 62 00 00
y11: client 0: event type 28
y11: client 0: request 2682 opcode 18 len 28 bytes: 12 00 07 00 21 00 00 00 53 00 00 00 06 00 00 00 20 b9 5d 00
y11: client 0: event type 28
y11: client 0: request 2683 opcode 18 len 36 bytes: 12 00 09 00 21 00 00 00 88 00 00 00 82 00 00 00 08 7a 9a 8c
y11: client 0: event type 28
y11: client 0: request 2684 opcode 18 len 40 bytes: 12 00 0a 00 21 00 00 00 55 00 00 00 06 00 00 00 20 00 b8 a2
y11: client 0: event type 28
y11: client 0: request 2685 opcode 53 len 16 bytes: 35 18 04 00 e5 01 10 00 21 00 00 00 09 00 09 00
y11: client 0: request 2686 opcode 55 len 20 bytes: 37 00 05 00 e6 01 10 00 e5 01 10 00 08 00 00 00 ff ff ff 00
y11: client 0: request 2687 opcode 72 len 60 bytes: 48 00 0f 00 e5 01 10 00 e6 01 10 00 09 00 09 00 00 00 00 00
y11: client 0: request 2688 opcode 60 len 8 bytes: 3c 00 02 00 e6 01 10 00
y11: client 0: request 2689 opcode 53 len 16 bytes: 35 01 04 00 e7 01 10 00 21 00 00 00 09 00 09 00
y11: client 0: request 2690 opcode 55 len 16 bytes: 37 00 04 00 e8 01 10 00 e7 01 10 00 00 00 00 00
y11: client 0: request 2691 opcode 72 len 60 bytes: 48 01 0f 00 e7 01 10 00 e8 01 10 00 09 00 09 00 00 00 00 00
y11: client 0: request 2692 opcode 60 len 8 bytes: 3c 00 02 00 e8 01 10 00
y11: client 0: request 2693 opcode 53 len 16 bytes: 35 18 04 00 e9 01 10 00 21 00 00 00 09 00 09 00
y11: client 0: request 2694 opcode 55 len 20 bytes: 37 00 05 00 ea 01 10 00 e9 01 10 00 08 00 00 00 ff ff ff 00
y11: client 0: request 2695 opcode 72 len 60 bytes: 48 00 0f 00 e9 01 10 00 ea 01 10 00 09 00 09 00 00 00 00 00
y11: client 0: request 2696 opcode 60 len 8 bytes: 3c 00 02 00 ea 01 10 00
y11: client 0: request 2697 opcode 53 len 16 bytes: 35 01 04 00 eb 01 10 00 21 00 00 00 09 00 09 00
y11: client 0: request 2698 opcode 55 len 16 bytes: 37 00 04 00 ec 01 10 00 eb 01 10 00 00 00 00 00
y11: client 0: request 2699 opcode 72 len 60 bytes: 48 01 0f 00 eb 01 10 00 ec 01 10 00 09 00 09 00 00 00 00 00
y11: client 0: request 2700 opcode 60 len 8 bytes: 3c 00 02 00 ec 01 10 00
y11: client 0: request 2701 opcode 53 len 16 bytes: 35 18 04 00 ed 01 10 00 21 00 00 00 09 00 09 00
y11: client 0: request 2702 opcode 55 len 20 bytes: 37 00 05 00 ee 01 10 00 ed 01 10 00 08 00 00 00 ff ff ff 00
y11: client 0: request 2703 opcode 72 len 60 bytes: 48 00 0f 00 ed 01 10 00 ee 01 10 00 09 00 09 00 00 00 00 00
y11: client 0: request 2704 opcode 60 len 8 bytes: 3c 00 02 00 ee 01 10 00
y11: client 0: request 2705 opcode 53 len 16 bytes: 35 01 04 00 ef 01 10 00 21 00 00 00 09 00 09 00
y11: client 0: request 2706 opcode 55 len 16 bytes: 37 00 04 00 f0 01 10 00 ef 01 10 00 00 00 00 00
y11: client 0: request 2707 opcode 72 len 60 bytes: 48 01 0f 00 ef 01 10 00 f0 01 10 00 09 00 09 00 00 00 00 00
y11: client 0: request 2708 opcode 60 len 8 bytes: 3c 00 02 00 f0 01 10 00
y11: client 0: request 2709 opcode 53 len 16 bytes: 35 18 04 00 f1 01 10 00 21 00 00 00 09 00 09 00
y11: client 0: request 2710 opcode 55 len 20 bytes: 37 00 05 00 f2 01 10 00 f1 01 10 00 08 00 00 00 ff ff ff 00
y11: client 0: request 2711 opcode 72 len 60 bytes: 48 00 0f 00 f1 01 10 00 f2 01 10 00 09 00 09 00 00 00 00 00
y11: client 0: request 2712 opcode 60 len 8 bytes: 3c 00 02 00 f2 01 10 00
y11: client 0: request 2713 opcode 53 len 16 bytes: 35 01 04 00 f3 01 10 00 21 00 00 00 09 00 09 00
y11: client 0: request 2714 opcode 55 len 16 bytes: 37 00 04 00 f4 01 10 00 f3 01 10 00 00 00 00 00
y11: client 0: request 2715 opcode 72 len 60 bytes: 48 01 0f 00 f3 01 10 00 f4 01 10 00 09 00 09 00 00 00 00 00
y11: client 0: request 2716 opcode 60 len 8 bytes: 3c 00 02 00 f4 01 10 00
y11: client 0: request 2717 opcode 53 len 16 bytes: 35 18 04 00 f5 01 10 00 21 00 00 00 09 00 09 00
y11: client 0: request 2718 opcode 55 len 20 bytes: 37 00 05 00 f6 01 10 00 f5 01 10 00 08 00 00 00 ff ff ff 00
y11: client 0: request 2719 opcode 72 len 60 bytes: 48 00 0f 00 f5 01 10 00 f6 01 10 00 09 00 09 00 00 00 00 00
y11: client 0: request 2720 opcode 60 len 8 bytes: 3c 00 02 00 f6 01 10 00
y11: client 0: request 2721 opcode 53 len 16 bytes: 35 01 04 00 f7 01 10 00 21 00 00 00 09 00 09 00
y11: client 0: request 2722 opcode 55 len 16 bytes: 37 00 04 00 f8 01 10 00 f7 01 10 00 00 00 00 00
y11: client 0: request 2723 opcode 72 len 60 bytes: 48 01 0f 00 f7 01 10 00 f8 01 10 00 09 00 09 00 00 00 00 00
y11: client 0: request 2724 opcode 60 len 8 bytes: 3c 00 02 00 f8 01 10 00
y11: client 0: request 2725 opcode 53 len 16 bytes: 35 18 04 00 f9 01 10 00 21 00 00 00 0a 00 09 00
y11: client 0: request 2726 opcode 55 len 20 bytes: 37 00 05 00 fa 01 10 00 f9 01 10 00 08 00 00 00 ff ff ff 00
y11: client 0: request 2727 opcode 72 len 60 bytes: 48 00 0f 00 f9 01 10 00 fa 01 10 00 0a 00 09 00 00 00 00 00
y11: client 0: request 2728 opcode 60 len 8 bytes: 3c 00 02 00 fa 01 10 00
y11: client 0: request 2729 opcode 53 len 16 bytes: 35 01 04 00 fb 01 10 00 21 00 00 00 0a 00 09 00
y11: client 0: request 2730 opcode 55 len 16 bytes: 37 00 04 00 fc 01 10 00 fb 01 10 00 00 00 00 00
y11: client 0: request 2731 opcode 72 len 60 bytes: 48 01 0f 00 fb 01 10 00 fc 01 10 00 0a 00 09 00 00 00 00 00
y11: client 0: request 2732 opcode 60 len 8 bytes: 3c 00 02 00 fc 01 10 00
y11: client 0: request 2733 opcode 53 len 16 bytes: 35 18 04 00 fd 01 10 00 21 00 00 00 0a 00 09 00
y11: client 0: request 2734 opcode 55 len 20 bytes: 37 00 05 00 fe 01 10 00 fd 01 10 00 08 00 00 00 ff ff ff 00
y11: client 0: request 2735 opcode 72 len 60 bytes: 48 00 0f 00 fd 01 10 00 fe 01 10 00 0a 00 09 00 00 00 00 00
y11: client 0: request 2736 opcode 60 len 8 bytes: 3c 00 02 00 fe 01 10 00
y11: client 0: request 2737 opcode 53 len 16 bytes: 35 01 04 00 ff 01 10 00 21 00 00 00 0a 00 09 00
y11: client 0: request 2738 opcode 55 len 16 bytes: 37 00 04 00 00 02 10 00 ff 01 10 00 00 00 00 00
y11: client 0: request 2739 opcode 72 len 60 bytes: 48 01 0f 00 ff 01 10 00 00 02 10 00 0a 00 09 00 00 00 00 00
y11: client 0: request 2740 opcode 60 len 8 bytes: 3c 00 02 00 00 02 10 00
y11: client 0: request 2741 opcode 53 len 16 bytes: 35 18 04 00 01 02 10 00 21 00 00 00 0a 00 09 00
y11: client 0: request 2742 opcode 55 len 20 bytes: 37 00 05 00 02 02 10 00 01 02 10 00 08 00 00 00 ff ff ff 00
y11: client 0: request 2743 opcode 72 len 60 bytes: 48 00 0f 00 01 02 10 00 02 02 10 00 0a 00 09 00 00 00 00 00
y11: client 0: request 2744 opcode 60 len 8 bytes: 3c 00 02 00 02 02 10 00
y11: client 0: request 2745 opcode 53 len 16 bytes: 35 01 04 00 03 02 10 00 21 00 00 00 0a 00 09 00
y11: client 0: request 2746 opcode 55 len 16 bytes: 37 00 04 00 04 02 10 00 03 02 10 00 00 00 00 00
y11: client 0: request 2747 opcode 72 len 60 bytes: 48 01 0f 00 03 02 10 00 04 02 10 00 0a 00 09 00 00 00 00 00
y11: client 0: request 2748 opcode 60 len 8 bytes: 3c 00 02 00 04 02 10 00
y11: client 0: request 2749 opcode 53 len 16 bytes: 35 18 04 00 05 02 10 00 21 00 00 00 0a 00 09 00
y11: client 0: request 2750 opcode 55 len 20 bytes: 37 00 05 00 06 02 10 00 05 02 10 00 08 00 00 00 ff ff ff 00
y11: client 0: request 2751 opcode 72 len 60 bytes: 48 00 0f 00 05 02 10 00 06 02 10 00 0a 00 09 00 00 00 00 00
y11: client 0: request 2752 opcode 60 len 8 bytes: 3c 00 02 00 06 02 10 00
y11: client 0: request 2753 opcode 53 len 16 bytes: 35 01 04 00 07 02 10 00 21 00 00 00 0a 00 09 00
y11: client 0: request 2754 opcode 55 len 16 bytes: 37 00 04 00 08 02 10 00 07 02 10 00 00 00 00 00
y11: client 0: request 2755 opcode 72 len 60 bytes: 48 01 0f 00 07 02 10 00 08 02 10 00 0a 00 09 00 00 00 00 00
y11: client 0: request 2756 opcode 60 len 8 bytes: 3c 00 02 00 08 02 10 00
y11: client 0: request 2757 opcode 53 len 16 bytes: 35 18 04 00 09 02 10 00 21 00 00 00 0a 00 09 00
y11: client 0: request 2758 opcode 55 len 20 bytes: 37 00 05 00 0a 02 10 00 09 02 10 00 08 00 00 00 ff ff ff 00
y11: client 0: request 2759 opcode 72 len 60 bytes: 48 00 0f 00 09 02 10 00 0a 02 10 00 0a 00 09 00 00 00 00 00
y11: client 0: request 2760 opcode 60 len 8 bytes: 3c 00 02 00 0a 02 10 00
y11: client 0: request 2761 opcode 53 len 16 bytes: 35 01 04 00 0b 02 10 00 21 00 00 00 0a 00 09 00
y11: client 0: request 2762 opcode 55 len 16 bytes: 37 00 04 00 0c 02 10 00 0b 02 10 00 00 00 00 00
y11: client 0: request 2763 opcode 72 len 60 bytes: 48 01 0f 00 0b 02 10 00 0c 02 10 00 0a 00 09 00 00 00 00 00
y11: client 0: request 2764 opcode 60 len 8 bytes: 3c 00 02 00 0c 02 10 00
y11: client 0: request 2765 opcode 53 len 16 bytes: 35 18 04 00 0d 02 10 00 21 00 00 00 0a 00 09 00
y11: client 0: request 2766 opcode 55 len 20 bytes: 37 00 05 00 0e 02 10 00 0d 02 10 00 08 00 00 00 ff ff ff 00
y11: client 0: request 2767 opcode 72 len 60 bytes: 48 00 0f 00 0d 02 10 00 0e 02 10 00 0a 00 09 00 00 00 00 00
y11: client 0: request 2768 opcode 60 len 8 bytes: 3c 00 02 00 0e 02 10 00
y11: client 0: request 2769 opcode 53 len 16 bytes: 35 01 04 00 0f 02 10 00 21 00 00 00 0a 00 09 00
y11: client 0: request 2770 opcode 55 len 16 bytes: 37 00 04 00 10 02 10 00 0f 02 10 00 00 00 00 00
y11: client 0: request 2771 opcode 72 len 60 bytes: 48 01 0f 00 0f 02 10 00 10 02 10 00 0a 00 09 00 00 00 00 00
y11: client 0: request 2772 opcode 60 len 8 bytes: 3c 00 02 00 10 02 10 00
y11: client 0: request 2773 opcode 53 len 16 bytes: 35 18 04 00 11 02 10 00 21 00 00 00 0a 00 09 00
y11: client 0: request 2774 opcode 55 len 20 bytes: 37 00 05 00 12 02 10 00 11 02 10 00 08 00 00 00 ff ff ff 00
y11: client 0: request 2775 opcode 72 len 60 bytes: 48 00 0f 00 11 02 10 00 12 02 10 00 0a 00 09 00 00 00 00 00
y11: client 0: request 2776 opcode 60 len 8 bytes: 3c 00 02 00 12 02 10 00
y11: client 0: request 2777 opcode 53 len 16 bytes: 35 01 04 00 13 02 10 00 21 00 00 00 0a 00 09 00
y11: client 0: request 2778 opcode 55 len 16 bytes: 37 00 04 00 14 02 10 00 13 02 10 00 00 00 00 00
y11: client 0: request 2779 opcode 72 len 60 bytes: 48 01 0f 00 13 02 10 00 14 02 10 00 0a 00 09 00 00 00 00 00
y11: client 0: request 2780 opcode 60 len 8 bytes: 3c 00 02 00 14 02 10 00
y11: client 0: request 2781 opcode 53 len 16 bytes: 35 18 04 00 15 02 10 00 21 00 00 00 0a 00 09 00
y11: client 0: request 2782 opcode 55 len 20 bytes: 37 00 05 00 16 02 10 00 15 02 10 00 08 00 00 00 ff ff ff 00
y11: client 0: request 2783 opcode 72 len 60 bytes: 48 00 0f 00 15 02 10 00 16 02 10 00 0a 00 09 00 00 00 00 00
y11: client 0: request 2784 opcode 60 len 8 bytes: 3c 00 02 00 16 02 10 00
y11: client 0: request 2785 opcode 53 len 16 bytes: 35 01 04 00 17 02 10 00 21 00 00 00 0a 00 09 00
y11: client 0: request 2786 opcode 55 len 16 bytes: 37 00 04 00 18 02 10 00 17 02 10 00 00 00 00 00
y11: client 0: request 2787 opcode 72 len 60 bytes: 48 01 0f 00 17 02 10 00 18 02 10 00 0a 00 09 00 00 00 00 00
y11: client 0: request 2788 opcode 60 len 8 bytes: 3c 00 02 00 18 02 10 00
y11: client 0: request 2789 opcode 53 len 16 bytes: 35 18 04 00 19 02 10 00 21 00 00 00 0a 00 09 00
y11: client 0: request 2790 opcode 55 len 20 bytes: 37 00 05 00 1a 02 10 00 19 02 10 00 08 00 00 00 ff ff ff 00
y11: client 0: request 2791 opcode 72 len 60 bytes: 48 00 0f 00 19 02 10 00 1a 02 10 00 0a 00 09 00 00 00 00 00
y11: client 0: request 2792 opcode 60 len 8 bytes: 3c 00 02 00 1a 02 10 00
y11: client 0: request 2793 opcode 53 len 16 bytes: 35 01 04 00 1b 02 10 00 21 00 00 00 0a 00 09 00
y11: client 0: request 2794 opcode 55 len 16 bytes: 37 00 04 00 1c 02 10 00 1b 02 10 00 00 00 00 00
y11: client 0: request 2795 opcode 72 len 60 bytes: 48 01 0f 00 1b 02 10 00 1c 02 10 00 0a 00 09 00 00 00 00 00
y11: client 0: request 2796 opcode 60 len 8 bytes: 3c 00 02 00 1c 02 10 00
y11: client 0: request 2797 opcode 53 len 16 bytes: 35 18 04 00 1d 02 10 00 21 00 00 00 0a 00 09 00
y11: client 0: request 2798 opcode 55 len 20 bytes: 37 00 05 00 1e 02 10 00 1d 02 10 00 08 00 00 00 ff ff ff 00
y11: client 0: request 2799 opcode 72 len 60 bytes: 48 00 0f 00 1d 02 10 00 1e 02 10 00 0a 00 09 00 00 00 00 00
y11: client 0: request 2800 opcode 60 len 8 bytes: 3c 00 02 00 1e 02 10 00
y11: client 0: request 2801 opcode 53 len 16 bytes: 35 01 04 00 1f 02 10 00 21 00 00 00 0a 00 09 00
y11: client 0: request 2802 opcode 55 len 16 bytes: 37 00 04 00 20 02 10 00 1f 02 10 00 00 00 00 00
y11: client 0: request 2803 opcode 72 len 60 bytes: 48 01 0f 00 1f 02 10 00 20 02 10 00 0a 00 09 00 00 00 00 00
y11: client 0: request 2804 opcode 60 len 8 bytes: 3c 00 02 00 20 02 10 00
y11: client 0: request 2805 opcode 53 len 16 bytes: 35 18 04 00 21 02 10 00 21 00 00 00 0a 00 09 00
y11: client 0: request 2806 opcode 55 len 20 bytes: 37 00 05 00 22 02 10 00 21 02 10 00 08 00 00 00 ff ff ff 00
y11: client 0: request 2807 opcode 72 len 60 bytes: 48 00 0f 00 21 02 10 00 22 02 10 00 0a 00 09 00 00 00 00 00
y11: client 0: request 2808 opcode 60 len 8 bytes: 3c 00 02 00 22 02 10 00
y11: client 0: request 2809 opcode 53 len 16 bytes: 35 01 04 00 23 02 10 00 21 00 00 00 0a 00 09 00
y11: client 0: request 2810 opcode 55 len 16 bytes: 37 00 04 00 24 02 10 00 23 02 10 00 00 00 00 00
y11: client 0: request 2811 opcode 72 len 60 bytes: 48 01 0f 00 23 02 10 00 24 02 10 00 0a 00 09 00 00 00 00 00
y11: client 0: request 2812 opcode 60 len 8 bytes: 3c 00 02 00 24 02 10 00
y11: client 0: request 2813 opcode 53 len 16 bytes: 35 18 04 00 25 02 10 00 21 00 00 00 0a 00 09 00
y11: client 0: request 2814 opcode 55 len 20 bytes: 37 00 05 00 26 02 10 00 25 02 10 00 08 00 00 00 ff ff ff 00
y11: client 0: request 2815 opcode 72 len 60 bytes: 48 00 0f 00 25 02 10 00 26 02 10 00 0a 00 09 00 00 00 00 00
y11: client 0: request 2816 opcode 60 len 8 bytes: 3c 00 02 00 26 02 10 00
y11: client 0: request 2817 opcode 53 len 16 bytes: 35 01 04 00 27 02 10 00 21 00 00 00 0a 00 09 00
y11: client 0: request 2818 opcode 55 len 16 bytes: 37 00 04 00 28 02 10 00 27 02 10 00 00 00 00 00
y11: client 0: request 2819 opcode 72 len 60 bytes: 48 01 0f 00 27 02 10 00 28 02 10 00 0a 00 09 00 00 00 00 00
y11: client 0: request 2820 opcode 60 len 8 bytes: 3c 00 02 00 28 02 10 00
y11: client 0: request 2821 opcode 43 len 4 bytes: 2b 00 01 00
y11: client 0: reply seq 2821 len 32
y11: client 0: request 2822 opcode 130 len 16 bytes: 82 01 04 00 29 02 10 00 0b 00 02 00 00 00 09 00
y11: client 0: request 2823 opcode 43 len 4 bytes: 2b 00 01 00
y11: client 0: reply seq 2823 len 32
y11: client 0: request 2824 opcode 53 len 16 bytes: 35 18 04 00 2a 02 10 00 21 00 00 00 30 00 30 00
y11: client 0: request 2825 opcode 130 len 28 bytes: 82 05 07 00 2b 02 10 00 21 00 00 00 30 00 30 00 18 ff ff 00
y11: client 0: request 2826 opcode 62 len 28 bytes: 3e 00 07 00 2b 02 10 00 2a 02 10 00 7c 00 10 00 00 00 00 00
y11: client 0: request 2827 opcode 54 len 8 bytes: 36 00 02 00 2b 02 10 00
y11: client 0: request 2828 opcode 43 len 4 bytes: 2b 00 01 00
y11: client 0: reply seq 2828 len 32
y11: client 0: request 2829 opcode 130 len 8 bytes: 82 02 02 00 29 02 10 00
y11: client 0: request 2830 opcode 43 len 4 bytes: 2b 00 01 00
y11: client 0: reply seq 2830 len 32
y11: client 0: request 2831 opcode 130 len 16 bytes: 82 01 04 00 2c 02 10 00 0c 00 02 00 00 00 30 00
y11: client 0: request 2832 opcode 43 len 4 bytes: 2b 00 01 00
y11: client 0: reply seq 2832 len 32
y11: client 0: request 2833 opcode 53 len 16 bytes: 35 01 04 00 2d 02 10 00 21 00 00 00 30 00 30 00
y11: client 0: request 2834 opcode 55 len 24 bytes: 37 00 06 00 2e 02 10 00 2d 02 10 00 08 00 01 00 ff ff ff 00
y11: client 0: request 2835 opcode 130 len 40 bytes: 82 03 0a 00 2d 02 10 00 2e 02 10 00 30 00 30 00 00 00 00 00
y11: client 0: request 2836 opcode 43 len 4 bytes: 2b 00 01 00
y11: client 0: reply seq 2836 len 32
y11: client 0: request 2837 opcode 130 len 8 bytes: 82 02 02 00 2c 02 10 00
y11: client 0: request 2838 opcode 60 len 8 bytes: 3c 00 02 00 2e 02 10 00
y11: client 0: request 2839 opcode 20 len 24 bytes: 14 00 06 00 21 01 10 00 23 00 00 00 23 00 00 00 00 00 00 00
y11: client 0: reply seq 2839 len 32
y11: client 0: request 2840 opcode 18 len 60 bytes: 12 00 0f 00 21 01 10 00 23 00 00 00 23 00 00 00 20 00 06 00
y11: client 0: request 2841 opcode 53 len 16 bytes: 35 18 04 00 2f 02 10 00 21 00 00 00 40 00 40 00
y11: client 0: request 2842 opcode 56 len 16 bytes: 38 00 04 00 28 01 10 00 04 00 00 00 00 00 00 00
y11: client 0: request 2843 opcode 70 len 20 bytes: 46 00 05 00 2f 02 10 00 28 01 10 00 00 00 00 00 40 00 40 00
y11: client 0: request 2844 opcode 56 len 16 bytes: 38 00 04 00 28 01 10 00 04 00 00 00 00 00 00 00
y11: client 0: request 2845 opcode 70 len 28 bytes: 46 00 07 00 2f 02 10 00 28 01 10 00 04 00 3a 00 06 00 3b 00
y11: client 0: request 2846 opcode 56 len 16 bytes: 38 00 04 00 28 01 10 00 04 00 00 00 ff ff ff 00
y11: client 0: request 2847 opcode 70 len 28 bytes: 46 00 07 00 2f 02 10 00 28 01 10 00 06 00 3a 00 07 00 3c 00
y11: client 0: request 2848 opcode 56 len 16 bytes: 38 00 04 00 28 01 10 00 04 00 00 00 00 00 00 00
y11: client 0: request 2849 opcode 70 len 28 bytes: 46 00 07 00 2f 02 10 00 28 01 10 00 09 00 3a 00 0b 00 3b 00
y11: client 0: request 2850 opcode 56 len 16 bytes: 38 00 04 00 28 01 10 00 04 00 00 00 ff ff ff 00
y11: client 0: request 2851 opcode 70 len 28 bytes: 46 00 07 00 2f 02 10 00 28 01 10 00 0b 00 3a 00 0c 00 3c 00
y11: client 0: request 2852 opcode 56 len 16 bytes: 38 00 04 00 28 01 10 00 04 00 00 00 00 00 00 00
y11: client 0: request 2853 opcode 70 len 28 bytes: 46 00 07 00 2f 02 10 00 28 01 10 00 0e 00 3a 00 10 00 3b 00
y11: client 0: request 2854 opcode 56 len 16 bytes: 38 00 04 00 28 01 10 00 04 00 00 00 ff ff ff 00
y11: client 0: request 2855 opcode 70 len 28 bytes: 46 00 07 00 2f 02 10 00 28 01 10 00 10 00 3a 00 11 00 3c 00
y11: client 0: request 2856 opcode 53 len 16 bytes: 35 01 04 00 30 02 10 00 21 00 00 00 40 00 40 00
y11: client 0: request 2857 opcode 55 len 20 bytes: 37 00 05 00 31 02 10 00 30 02 10 00 00 00 01 00 00 00 00 00
y11: client 0: request 2858 opcode 70 len 20 bytes: 46 00 05 00 30 02 10 00 31 02 10 00 00 00 00 00 40 00 40 00
y11: client 0: request 2859 opcode 56 len 16 bytes: 38 00 04 00 31 02 10 00 04 00 00 00 01 00 00 00
y11: client 0: request 2860 opcode 70 len 36 bytes: 46 00 09 00 30 02 10 00 31 02 10 00 04 00 3a 00 03 00 02 00
y11: client 0: request 2861 opcode 60 len 8 bytes: 3c 00 02 00 31 02 10 00
y11: client 0: request 2862 opcode 14 len 8 bytes: 0e 00 02 00 2f 02 10 00
y11: client 0: reply seq 2862 len 32
y11: client 0: request 2863 opcode 43 len 4 bytes: 2b 00 01 00
y11: client 0: reply seq 2863 len 32
y11: client 0: request 2864 opcode 130 len 16 bytes: 82 01 04 00 32 02 10 00 0d 00 02 00 00 00 00 00
y11: client 0: request 2865 opcode 43 len 4 bytes: 2b 00 01 00
y11: client 0: reply seq 2865 len 32
y11: client 0: request 2866 opcode 53 len 16 bytes: 35 18 04 00 33 02 10 00 21 00 00 00 0a 00 0a 00
y11: client 0: request 2867 opcode 130 len 28 bytes: 82 05 07 00 34 02 10 00 21 00 00 00 0a 00 0a 00 18 00 00 00
y11: client 0: request 2868 opcode 62 len 28 bytes: 3e 00 07 00 34 02 10 00 33 02 10 00 7c 00 10 00 00 00 00 00
y11: client 0: request 2869 opcode 54 len 8 bytes: 36 00 02 00 34 02 10 00
y11: client 0: request 2870 opcode 43 len 4 bytes: 2b 00 01 00
y11: client 0: reply seq 2870 len 32
y11: client 0: request 2871 opcode 130 len 8 bytes: 82 02 02 00 32 02 10 00
y11: client 0: request 2872 opcode 43 len 4 bytes: 2b 00 01 00
y11: client 0: reply seq 2872 len 32
y11: client 0: request 2873 opcode 130 len 16 bytes: 82 01 04 00 35 02 10 00 0e 00 02 00 00 00 0a 00
y11: client 0: request 2874 opcode 43 len 4 bytes: 2b 00 01 00
y11: client 0: reply seq 2874 len 32
y11: client 0: request 2875 opcode 53 len 16 bytes: 35 01 04 00 36 02 10 00 21 00 00 00 0a 00 0a 00
y11: client 0: request 2876 opcode 55 len 24 bytes: 37 00 06 00 37 02 10 00 36 02 10 00 08 00 01 00 ff ff ff 00
y11: client 0: request 2877 opcode 130 len 40 bytes: 82 03 0a 00 36 02 10 00 37 02 10 00 0a 00 0a 00 00 00 00 00
y11: client 0: request 2878 opcode 43 len 4 bytes: 2b 00 01 00
y11: client 0: reply seq 2878 len 32
y11: client 0: request 2879 opcode 130 len 8 bytes: 82 02 02 00 35 02 10 00
y11: client 0: request 2880 opcode 60 len 8 bytes: 3c 00 02 00 37 02 10 00
y11: client 0: request 2881 opcode 43 len 4 bytes: 2b 00 01 00
y11: client 0: reply seq 2881 len 32
y11: client 0: request 2882 opcode 130 len 16 bytes: 82 01 04 00 38 02 10 00 0f 00 02 00 00 02 10 00
y11: client 0: request 2883 opcode 43 len 4 bytes: 2b 00 01 00
y11: client 0: reply seq 2883 len 32
y11: client 0: request 2884 opcode 53 len 16 bytes: 35 18 04 00 39 02 10 00 21 00 00 00 0a 00 0a 00
y11: client 0: request 2885 opcode 130 len 28 bytes: 82 05 07 00 3a 02 10 00 21 00 00 00 0a 00 0a 00 18 ff ff 00
y11: client 0: request 2886 opcode 62 len 28 bytes: 3e 00 07 00 3a 02 10 00 39 02 10 00 7c 00 10 00 00 00 00 00
y11: client 0: request 2887 opcode 54 len 8 bytes: 36 00 02 00 3a 02 10 00
y11: client 0: request 2888 opcode 43 len 4 bytes: 2b 00 01 00
y11: client 0: reply seq 2888 len 32
y11: client 0: request 2889 opcode 130 len 8 bytes: 82 02 02 00 38 02 10 00
y11: client 0: request 2890 opcode 43 len 4 bytes: 2b 00 01 00
y11: client 0: reply seq 2890 len 32
y11: client 0: request 2891 opcode 130 len 16 bytes: 82 01 04 00 3b 02 10 00 10 00 02 00 00 00 0a 00
y11: client 0: request 2892 opcode 43 len 4 bytes: 2b 00 01 00
y11: client 0: reply seq 2892 len 32
y11: client 0: request 2893 opcode 53 len 16 bytes: 35 01 04 00 3c 02 10 00 21 00 00 00 0a 00 0a 00
y11: client 0: request 2894 opcode 55 len 24 bytes: 37 00 06 00 3d 02 10 00 3c 02 10 00 08 00 01 00 ff ff ff 00
y11: client 0: request 2895 opcode 130 len 40 bytes: 82 03 0a 00 3c 02 10 00 3d 02 10 00 0a 00 0a 00 00 00 00 00
y11: client 0: request 2896 opcode 43 len 4 bytes: 2b 00 01 00
y11: client 0: reply seq 2896 len 32
y11: client 0: request 2897 opcode 130 len 8 bytes: 82 02 02 00 3b 02 10 00
y11: client 0: request 2898 opcode 60 len 8 bytes: 3c 00 02 00 3d 02 10 00
y11: client 0: request 2899 opcode 43 len 4 bytes: 2b 00 01 00
y11: client 0: reply seq 2899 len 32
y11: client 0: request 2900 opcode 130 len 16 bytes: 82 01 04 00 3e 02 10 00 11 00 02 00 00 02 10 00
y11: client 0: request 2901 opcode 43 len 4 bytes: 2b 00 01 00
y11: client 0: reply seq 2901 len 32
y11: client 0: request 2902 opcode 53 len 16 bytes: 35 18 04 00 3f 02 10 00 21 00 00 00 0a 00 0a 00
y11: client 0: request 2903 opcode 130 len 28 bytes: 82 05 07 00 40 02 10 00 21 00 00 00 0a 00 0a 00 18 ff ff 00
y11: client 0: request 2904 opcode 62 len 28 bytes: 3e 00 07 00 40 02 10 00 3f 02 10 00 7c 00 10 00 00 00 00 00
y11: client 0: request 2905 opcode 54 len 8 bytes: 36 00 02 00 40 02 10 00
y11: client 0: request 2906 opcode 43 len 4 bytes: 2b 00 01 00
y11: client 0: reply seq 2906 len 32
y11: client 0: request 2907 opcode 130 len 8 bytes: 82 02 02 00 3e 02 10 00
y11: client 0: request 2908 opcode 43 len 4 bytes: 2b 00 01 00
y11: client 0: reply seq 2908 len 32
y11: client 0: request 2909 opcode 130 len 16 bytes: 82 01 04 00 41 02 10 00 12 00 02 00 00 00 0a 00
y11: client 0: request 2910 opcode 43 len 4 bytes: 2b 00 01 00
y11: client 0: reply seq 2910 len 32
y11: client 0: request 2911 opcode 53 len 16 bytes: 35 01 04 00 42 02 10 00 21 00 00 00 0a 00 0a 00
y11: client 0: request 2912 opcode 55 len 24 bytes: 37 00 06 00 43 02 10 00 42 02 10 00 08 00 01 00 ff ff ff 00
y11: client 0: request 2913 opcode 130 len 40 bytes: 82 03 0a 00 42 02 10 00 43 02 10 00 0a 00 0a 00 00 00 00 00
y11: client 0: request 2914 opcode 43 len 4 bytes: 2b 00 01 00
y11: client 0: reply seq 2914 len 32
y11: client 0: request 2915 opcode 130 len 8 bytes: 82 02 02 00 41 02 10 00
y11: client 0: request 2916 opcode 60 len 8 bytes: 3c 00 02 00 43 02 10 00
y11: client 0: request 2917 opcode 43 len 4 bytes: 2b 00 01 00
y11: client 0: reply seq 2917 len 32
y11: client 0: request 2918 opcode 130 len 16 bytes: 82 01 04 00 44 02 10 00 13 00 02 00 00 02 10 00
y11: client 0: request 2919 opcode 43 len 4 bytes: 2b 00 01 00
y11: client 0: reply seq 2919 len 32
y11: client 0: request 2920 opcode 53 len 16 bytes: 35 18 04 00 45 02 10 00 21 00 00 00 0a 00 0a 00
y11: client 0: request 2921 opcode 130 len 28 bytes: 82 05 07 00 46 02 10 00 21 00 00 00 0a 00 0a 00 18 ff ff 00
y11: client 0: request 2922 opcode 62 len 28 bytes: 3e 00 07 00 46 02 10 00 45 02 10 00 7c 00 10 00 00 00 00 00
y11: client 0: request 2923 opcode 54 len 8 bytes: 36 00 02 00 46 02 10 00
y11: client 0: request 2924 opcode 43 len 4 bytes: 2b 00 01 00
y11: client 0: reply seq 2924 len 32
y11: client 0: request 2925 opcode 130 len 8 bytes: 82 02 02 00 44 02 10 00
y11: client 0: request 2926 opcode 43 len 4 bytes: 2b 00 01 00
y11: client 0: reply seq 2926 len 32
y11: client 0: request 2927 opcode 130 len 16 bytes: 82 01 04 00 47 02 10 00 14 00 02 00 00 00 0a 00
y11: client 0: request 2928 opcode 43 len 4 bytes: 2b 00 01 00
y11: client 0: reply seq 2928 len 32
y11: client 0: request 2929 opcode 53 len 16 bytes: 35 01 04 00 48 02 10 00 21 00 00 00 0a 00 0a 00
y11: client 0: request 2930 opcode 55 len 24 bytes: 37 00 06 00 49 02 10 00 48 02 10 00 08 00 01 00 ff ff ff 00
y11: client 0: request 2931 opcode 130 len 40 bytes: 82 03 0a 00 48 02 10 00 49 02 10 00 0a 00 0a 00 00 00 00 00
y11: client 0: request 2932 opcode 43 len 4 bytes: 2b 00 01 00
y11: client 0: reply seq 2932 len 32
y11: client 0: request 2933 opcode 130 len 8 bytes: 82 02 02 00 47 02 10 00
y11: client 0: request 2934 opcode 60 len 8 bytes: 3c 00 02 00 49 02 10 00
y11: client 0: request 2935 opcode 43 len 4 bytes: 2b 00 01 00
y11: client 0: reply seq 2935 len 32
y11: client 0: request 2936 opcode 130 len 16 bytes: 82 01 04 00 4a 02 10 00 15 00 02 00 00 02 10 00
y11: client 0: request 2937 opcode 43 len 4 bytes: 2b 00 01 00
y11: client 0: reply seq 2937 len 32
y11: client 0: request 2938 opcode 53 len 16 bytes: 35 18 04 00 4b 02 10 00 21 00 00 00 0a 00 0a 00
y11: client 0: request 2939 opcode 130 len 28 bytes: 82 05 07 00 4c 02 10 00 21 00 00 00 0a 00 0a 00 18 ff ff 00
y11: client 0: request 2940 opcode 62 len 28 bytes: 3e 00 07 00 4c 02 10 00 4b 02 10 00 7c 00 10 00 00 00 00 00
y11: client 0: request 2941 opcode 54 len 8 bytes: 36 00 02 00 4c 02 10 00
y11: client 0: request 2942 opcode 43 len 4 bytes: 2b 00 01 00
y11: client 0: reply seq 2942 len 32
y11: client 0: request 2943 opcode 130 len 8 bytes: 82 02 02 00 4a 02 10 00
y11: client 0: request 2944 opcode 43 len 4 bytes: 2b 00 01 00
y11: client 0: reply seq 2944 len 32
y11: client 0: request 2945 opcode 130 len 16 bytes: 82 01 04 00 4d 02 10 00 16 00 02 00 00 00 0a 00
y11: client 0: request 2946 opcode 43 len 4 bytes: 2b 00 01 00
y11: client 0: reply seq 2946 len 32
y11: client 0: request 2947 opcode 53 len 16 bytes: 35 01 04 00 4e 02 10 00 21 00 00 00 0a 00 0a 00
y11: client 0: request 2948 opcode 55 len 24 bytes: 37 00 06 00 4f 02 10 00 4e 02 10 00 08 00 01 00 ff ff ff 00
y11: client 0: request 2949 opcode 130 len 40 bytes: 82 03 0a 00 4e 02 10 00 4f 02 10 00 0a 00 0a 00 00 00 00 00
y11: client 0: request 2950 opcode 43 len 4 bytes: 2b 00 01 00
y11: client 0: reply seq 2950 len 32
y11: client 0: request 2951 opcode 130 len 8 bytes: 82 02 02 00 4d 02 10 00
y11: client 0: request 2952 opcode 60 len 8 bytes: 3c 00 02 00 4f 02 10 00
y11: client 0: request 2953 opcode 43 len 4 bytes: 2b 00 01 00
y11: client 0: reply seq 2953 len 32
y11: client 0: request 2954 opcode 130 len 16 bytes: 82 01 04 00 50 02 10 00 17 00 02 00 00 02 10 00
y11: client 0: request 2955 opcode 43 len 4 bytes: 2b 00 01 00
y11: client 0: reply seq 2955 len 32
y11: client 0: request 2956 opcode 53 len 16 bytes: 35 18 04 00 51 02 10 00 21 00 00 00 0a 00 0a 00
y11: client 0: request 2957 opcode 130 len 28 bytes: 82 05 07 00 52 02 10 00 21 00 00 00 0a 00 0a 00 18 ff ff 00
y11: client 0: request 2958 opcode 62 len 28 bytes: 3e 00 07 00 52 02 10 00 51 02 10 00 7c 00 10 00 00 00 00 00
y11: client 0: request 2959 opcode 54 len 8 bytes: 36 00 02 00 52 02 10 00
y11: client 0: request 2960 opcode 43 len 4 bytes: 2b 00 01 00
y11: client 0: reply seq 2960 len 32
y11: client 0: request 2961 opcode 130 len 8 bytes: 82 02 02 00 50 02 10 00
y11: client 0: request 2962 opcode 43 len 4 bytes: 2b 00 01 00
y11: client 0: reply seq 2962 len 32
y11: client 0: request 2963 opcode 130 len 16 bytes: 82 01 04 00 53 02 10 00 18 00 02 00 00 00 0a 00
y11: client 0: request 2964 opcode 43 len 4 bytes: 2b 00 01 00
y11: client 0: reply seq 2964 len 32
y11: client 0: request 2965 opcode 53 len 16 bytes: 35 01 04 00 54 02 10 00 21 00 00 00 0a 00 0a 00
y11: client 0: request 2966 opcode 55 len 24 bytes: 37 00 06 00 55 02 10 00 54 02 10 00 08 00 01 00 ff ff ff 00
y11: client 0: request 2967 opcode 130 len 40 bytes: 82 03 0a 00 54 02 10 00 55 02 10 00 0a 00 0a 00 00 00 00 00
y11: client 0: request 2968 opcode 43 len 4 bytes: 2b 00 01 00
y11: client 0: reply seq 2968 len 32
y11: client 0: request 2969 opcode 130 len 8 bytes: 82 02 02 00 53 02 10 00
y11: client 0: request 2970 opcode 60 len 8 bytes: 3c 00 02 00 55 02 10 00
y11: client 0: request 2971 opcode 43 len 4 bytes: 2b 00 01 00
y11: client 0: reply seq 2971 len 32
y11: client 0: request 2972 opcode 130 len 16 bytes: 82 01 04 00 56 02 10 00 19 00 02 00 00 02 10 00
y11: client 0: request 2973 opcode 43 len 4 bytes: 2b 00 01 00
y11: client 0: reply seq 2973 len 32
y11: client 0: request 2974 opcode 53 len 16 bytes: 35 18 04 00 57 02 10 00 21 00 00 00 0a 00 0a 00
y11: client 0: request 2975 opcode 130 len 28 bytes: 82 05 07 00 58 02 10 00 21 00 00 00 0a 00 0a 00 18 ff ff 00
y11: client 0: request 2976 opcode 62 len 28 bytes: 3e 00 07 00 58 02 10 00 57 02 10 00 7c 00 10 00 00 00 00 00
y11: client 0: request 2977 opcode 54 len 8 bytes: 36 00 02 00 58 02 10 00
y11: client 0: request 2978 opcode 43 len 4 bytes: 2b 00 01 00
y11: client 0: reply seq 2978 len 32
y11: client 0: request 2979 opcode 130 len 8 bytes: 82 02 02 00 56 02 10 00
y11: client 0: request 2980 opcode 43 len 4 bytes: 2b 00 01 00
y11: client 0: reply seq 2980 len 32
y11: client 0: request 2981 opcode 130 len 16 bytes: 82 01 04 00 59 02 10 00 1a 00 02 00 00 00 0a 00
y11: client 0: request 2982 opcode 43 len 4 bytes: 2b 00 01 00
y11: client 0: reply seq 2982 len 32
y11: client 0: request 2983 opcode 53 len 16 bytes: 35 01 04 00 5a 02 10 00 21 00 00 00 0a 00 0a 00
y11: client 0: request 2984 opcode 55 len 24 bytes: 37 00 06 00 5b 02 10 00 5a 02 10 00 08 00 01 00 ff ff ff 00
y11: client 0: request 2985 opcode 130 len 40 bytes: 82 03 0a 00 5a 02 10 00 5b 02 10 00 0a 00 0a 00 00 00 00 00
y11: client 0: request 2986 opcode 43 len 4 bytes: 2b 00 01 00
y11: client 0: reply seq 2986 len 32
y11: client 0: request 2987 opcode 130 len 8 bytes: 82 02 02 00 59 02 10 00
y11: client 0: request 2988 opcode 60 len 8 bytes: 3c 00 02 00 5b 02 10 00
y11: client 0: request 2989 opcode 43 len 4 bytes: 2b 00 01 00
y11: client 0: reply seq 2989 len 32
y11: client 0: request 2990 opcode 130 len 16 bytes: 82 01 04 00 5c 02 10 00 1b 00 02 00 00 02 10 00
y11: client 0: request 2991 opcode 43 len 4 bytes: 2b 00 01 00
y11: client 0: reply seq 2991 len 32
y11: client 0: request 2992 opcode 53 len 16 bytes: 35 18 04 00 5d 02 10 00 21 00 00 00 0a 00 0a 00
y11: client 0: request 2993 opcode 130 len 28 bytes: 82 05 07 00 5e 02 10 00 21 00 00 00 0a 00 0a 00 18 ff ff 00
y11: client 0: request 2994 opcode 62 len 28 bytes: 3e 00 07 00 5e 02 10 00 5d 02 10 00 7c 00 10 00 00 00 00 00
y11: client 0: request 2995 opcode 54 len 8 bytes: 36 00 02 00 5e 02 10 00
y11: client 0: request 2996 opcode 43 len 4 bytes: 2b 00 01 00
y11: client 0: reply seq 2996 len 32
y11: client 0: request 2997 opcode 130 len 8 bytes: 82 02 02 00 5c 02 10 00
y11: client 0: request 2998 opcode 43 len 4 bytes: 2b 00 01 00
y11: client 0: reply seq 2998 len 32
y11: client 0: request 2999 opcode 130 len 16 bytes: 82 01 04 00 5f 02 10 00 1c 00 02 00 00 00 0a 00
y11: client 0: request 3000 opcode 43 len 4 bytes: 2b 00 01 00
y11: client 0: reply seq 3000 len 32
y11: client 0: request 3001 opcode 53 len 16 bytes: 35 01 04 00 60 02 10 00 21 00 00 00 0a 00 0a 00
y11: client 0: request 3002 opcode 55 len 24 bytes: 37 00 06 00 61 02 10 00 60 02 10 00 08 00 01 00 ff ff ff 00
y11: client 0: request 3003 opcode 130 len 40 bytes: 82 03 0a 00 60 02 10 00 61 02 10 00 0a 00 0a 00 00 00 00 00
y11: client 0: request 3004 opcode 43 len 4 bytes: 2b 00 01 00
y11: client 0: reply seq 3004 len 32
y11: client 0: request 3005 opcode 130 len 8 bytes: 82 02 02 00 5f 02 10 00
y11: client 0: request 3006 opcode 60 len 8 bytes: 3c 00 02 00 61 02 10 00
y11: client 0: request 3007 opcode 18 len 48 bytes: 12 00 0c 00 21 00 00 00 26 00 00 00 26 00 00 00 20 ff ff 00
y11: client 0: event type 28
y11: client 0: request 3008 opcode 18 len 36 bytes: 12 00 09 00 21 00 00 00 62 00 00 00 04 00 00 00 20 00 01 00
y11: client 0: event type 28
y11: client 0: request 3009 opcode 18 len 28 bytes: 12 00 07 00 7b 00 10 00 64 00 00 00 21 00 00 00 20 01 10 00
y11: client 0: request 3010 opcode 18 len 28 bytes: 12 00 07 00 21 00 00 00 64 00 00 00 21 00 00 00 20 00 3b 00
y11: client 0: event type 28
y11: client 0: request 3011 opcode 1 len 52 bytes: 01 18 0d 00 62 02 10 00 21 00 00 00 01 00 01 00 0a 00 0a 00
y11: client 0: event type 16
y11: client 0: request 3012 opcode 98 len 24 bytes: 62 00 06 00 0f 00 00 00 58 46 72 65 65 38 36 2d 42 69 67 66
y11: client 0: reply seq 3012 len 32
y11: client 0: request 3013 opcode 45 len 56 bytes: 2d 00 0e 00 63 02 10 00 2c 00 02 00 2d 61 64 6f 62 65 2d 68
y11: client 0: request 3014 opcode 47 len 8 bytes: 2f 00 02 00 63 02 10 00
y11: client 0: reply seq 3014 len 60
y11: client 0: request 3015 opcode 84 len 16 bytes: 54 00 04 00 22 00 00 00 33 33 66 66 99 99 64 6f
y11: client 0: reply seq 3015 len 32
y11: client 0: request 3016 opcode 139 len 84 bytes: 8b 14 15 00 e0 01 10 00 01 00 00 00 0e 00 00 00 07 00 07 00
y11: client 0: request 3017 opcode 139 len 44 bytes: 8b 14 0b 00 e0 01 10 00 01 00 00 00 0f 00 00 00 03 00 04 00
y11: client 0: request 3018 opcode 1 len 52 bytes: 01 18 0d 00 64 02 10 00 21 00 00 00 00 00 00 00 57 00 17 00
y11: client 0: event type 16
y11: client 0: request 3019 opcode 20 len 24 bytes: 14 00 06 00 21 00 00 00 54 00 00 00 06 00 00 00 00 00 00 00
y11: client 0: reply seq 3019 len 32
y11: client 0: request 3020 opcode 1 len 52 bytes: 01 18 0d 00 65 02 10 00 21 00 00 00 08 00 02 00 01 00 01 00
y11: client 0: event type 16
y11: client 0: request 3021 opcode 61 len 16 bytes: 3d 00 04 00 65 02 10 00 00 00 00 00 00 00 00 00
y11: client 0: request 3022 opcode 12 len 20 bytes: 0c 00 05 00 e3 01 10 00 60 00 04 dc 65 02 10 00 01 00 00 00
y11: client 0: event type 22
y11: client 0: request 3023 opcode 12 len 20 bytes: 0c 00 05 00 e1 01 10 00 60 00 00 00 e3 01 10 00 01 00 00 00
y11: client 0: event type 22
y11: client 0: request 3024 opcode 12 len 20 bytes: 0c 00 05 00 de 01 10 00 60 00 28 00 e1 01 10 00 01 00 00 00
y11: client 0: event type 22
y11: client 0: request 3025 opcode 12 len 20 bytes: 0c 00 05 00 dc 01 10 00 60 00 00 00 de 01 10 00 01 00 00 00
y11: client 0: event type 22
y11: client 0: request 3026 opcode 12 len 20 bytes: 0c 00 05 00 da 01 10 00 60 00 00 00 dc 01 10 00 01 00 00 00
y11: client 0: event type 22
y11: client 0: request 3027 opcode 12 len 20 bytes: 0c 00 05 00 d8 01 10 00 60 00 00 00 da 01 10 00 01 00 00 00
y11: client 0: event type 22
y11: client 0: request 3028 opcode 12 len 20 bytes: 0c 00 05 00 d4 01 10 00 60 00 00 00 d8 01 10 00 01 00 00 00
y11: client 0: event type 22
y11: client 0: request 3029 opcode 1 len 48 bytes: 01 18 0c 00 66 02 10 00 65 02 10 00 00 00 00 00 02 00 19 00
y11: client 0: request 3030 opcode 1 len 48 bytes: 01 18 0c 00 67 02 10 00 65 02 10 00 e9 ff 00 00 19 00 19 00
y11: client 0: request 3031 opcode 12 len 20 bytes: 0c 00 05 00 66 02 10 00 03 00 10 00 00 00 00 00 00 00 00 00
y11: client 0: request 3032 opcode 12 len 16 bytes: 0c 00 04 00 66 02 10 00 40 00 04 00 00 00 00 00
y11: client 0: request 3033 opcode 8 len 8 bytes: 08 00 02 00 66 02 10 00
y11: client 0: request 3034 opcode 12 len 20 bytes: 0c 00 05 00 65 02 10 00 0c 00 10 00 01 00 00 00 1a 00 00 00
y11: client 0: event type 22
y11: client 0: request 3035 opcode 12 len 16 bytes: 0c 00 04 00 65 02 10 00 10 00 04 00 01 00 00 00
y11: client 0: event type 22
y11: client 0: request 3036 opcode 84 len 16 bytes: 54 00 04 00 22 00 00 00 00 00 00 00 00 00 10 00
y11: client 0: reply seq 3036 len 32
y11: client 0: request 3037 opcode 84 len 16 bytes: 54 00 04 00 22 00 00 00 00 00 00 00 00 00 02 00
y11: client 0: reply seq 3037 len 32
y11: client 0: request 3038 opcode 84 len 16 bytes: 54 00 04 00 22 00 00 00 00 ff 00 ff 00 ff 02 00
y11: client 0: reply seq 3038 len 32
y11: client 0: request 3039 opcode 2 len 16 bytes: 02 00 04 00 65 02 10 00 08 00 00 00 00 00 00 00
y11: client 0: request 3040 opcode 10 len 8 bytes: 0a 00 02 00 67 02 10 00
y11: client 0: request 3041 opcode 12 len 20 bytes: 0c 00 05 00 66 02 10 00 03 00 00 00 00 00 00 00 00 00 00 00
y11: client 0: request 3042 opcode 1 len 48 bytes: 01 18 0c 00 68 02 10 00 65 02 10 00 00 00 19 00 01 00 0a 00
y11: client 0: request 3043 opcode 8 len 8 bytes: 08 00 02 00 68 02 10 00
y11: client 0: request 3044 opcode 1 len 52 bytes: 01 18 0d 00 69 02 10 00 21 00 00 00 08 00 02 00 01 00 01 00
y11: client 0: event type 16
y11: client 0: request 3045 opcode 61 len 16 bytes: 3d 00 04 00 69 02 10 00 00 00 00 00 00 00 00 00
y11: client 0: request 3046 opcode 12 len 20 bytes: 0c 00 05 00 65 02 10 00 60 00 e2 97 69 02 10 00 01 00 00 00
y11: client 0: event type 22
y11: client 0: request 3047 opcode 12 len 20 bytes: 0c 00 05 00 e3 01 10 00 60 00 10 00 65 02 10 00 01 00 00 00
y11: client 0: event type 22
y11: client 0: request 3048 opcode 12 len 20 bytes: 0c 00 05 00 e1 01 10 00 60 00 28 00 e3 01 10 00 01 00 00 00
y11: client 0: event type 22
y11: client 0: request 3049 opcode 12 len 20 bytes: 0c 00 05 00 de 01 10 00 60 00 00 00 e1 01 10 00 01 00 00 00
y11: client 0: event type 22
y11: client 0: request 3050 opcode 12 len 20 bytes: 0c 00 05 00 dc 01 10 00 60 00 00 00 de 01 10 00 01 00 00 00
y11: client 0: event type 22
y11: client 0: request 3051 opcode 12 len 20 bytes: 0c 00 05 00 da 01 10 00 60 00 00 00 dc 01 10 00 01 00 00 00
y11: client 0: event type 22
y11: client 0: request 3052 opcode 12 len 20 bytes: 0c 00 05 00 d8 01 10 00 60 00 00 00 da 01 10 00 01 00 00 00
y11: client 0: event type 22
y11: client 0: request 3053 opcode 12 len 20 bytes: 0c 00 05 00 d4 01 10 00 60 00 10 00 d8 01 10 00 01 00 00 00
y11: client 0: event type 22
y11: client 0: request 3054 opcode 1 len 48 bytes: 01 18 0c 00 6a 02 10 00 69 02 10 00 00 00 00 00 02 00 19 00
y11: client 0: request 3055 opcode 1 len 48 bytes: 01 18 0c 00 6b 02 10 00 69 02 10 00 e9 ff 00 00 19 00 19 00
y11: client 0: request 3056 opcode 12 len 20 bytes: 0c 00 05 00 6a 02 10 00 03 00 04 00 00 00 00 00 00 00 00 00
y11: client 0: request 3057 opcode 12 len 16 bytes: 0c 00 04 00 6a 02 10 00 40 00 10 00 00 00 00 00
y11: client 0: request 3058 opcode 8 len 8 bytes: 08 00 02 00 6a 02 10 00
y11: client 0: request 3059 opcode 12 len 20 bytes: 0c 00 05 00 69 02 10 00 0c 00 04 00 01 00 00 00 1a 00 00 00
y11: client 0: event type 22
y11: client 0: request 3060 opcode 12 len 16 bytes: 0c 00 04 00 69 02 10 00 10 00 10 00 01 00 00 00
y11: client 0: event type 22
y11: client 0: request 3061 opcode 84 len 16 bytes: 54 00 04 00 22 00 00 00 00 00 00 00 00 00 10 00
y11: client 0: reply seq 3061 len 32
y11: client 0: request 3062 opcode 84 len 16 bytes: 54 00 04 00 22 00 00 00 00 00 00 00 00 00 02 00
y11: client 0: reply seq 3062 len 32
y11: client 0: request 3063 opcode 84 len 16 bytes: 54 00 04 00 22 00 00 00 00 ff 00 ff 00 ff 02 00
y11: client 0: reply seq 3063 len 32
y11: client 0: request 3064 opcode 2 len 16 bytes: 02 00 04 00 69 02 10 00 08 00 00 00 00 00 00 00
y11: client 0: request 3065 opcode 10 len 8 bytes: 0a 00 02 00 6b 02 10 00
y11: client 0: request 3066 opcode 12 len 20 bytes: 0c 00 05 00 6a 02 10 00 03 00 00 00 00 00 00 00 00 00 00 00
y11: client 0: request 3067 opcode 1 len 48 bytes: 01 18 0c 00 6c 02 10 00 69 02 10 00 00 00 19 00 01 00 0a 00
y11: client 0: request 3068 opcode 8 len 8 bytes: 08 00 02 00 6c 02 10 00
y11: client 0: request 3069 opcode 1 len 52 bytes: 01 18 0d 00 6d 02 10 00 21 00 00 00 08 00 02 00 01 00 01 00
y11: client 0: event type 16
y11: client 0: request 3070 opcode 61 len 16 bytes: 3d 00 04 00 6d 02 10 00 00 00 00 00 00 00 00 00
y11: client 0: request 3071 opcode 12 len 20 bytes: 0c 00 05 00 69 02 10 00 60 00 e2 97 6d 02 10 00 01 00 00 00
y11: client 0: event type 22
y11: client 0: request 3072 opcode 12 len 20 bytes: 0c 00 05 00 65 02 10 00 60 00 10 00 69 02 10 00 01 00 00 00
y11: client 0: event type 22
y11: client 0: request 3073 opcode 12 len 20 bytes: 0c 00 05 00 e3 01 10 00 60 00 28 00 65 02 10 00 01 00 00 00
y11: client 0: event type 22
y11: client 0: request 3074 opcode 12 len 20 bytes: 0c 00 05 00 e1 01 10 00 60 00 00 00 e3 01 10 00 01 00 00 00
y11: client 0: event type 22
y11: client 0: request 3075 opcode 12 len 20 bytes: 0c 00 05 00 de 01 10 00 60 00 00 00 e1 01 10 00 01 00 00 00
y11: client 0: event type 22
y11: client 0: request 3076 opcode 12 len 20 bytes: 0c 00 05 00 dc 01 10 00 60 00 00 00 de 01 10 00 01 00 00 00
y11: client 0: event type 22
y11: client 0: request 3077 opcode 12 len 20 bytes: 0c 00 05 00 da 01 10 00 60 00 00 00 dc 01 10 00 01 00 00 00
y11: client 0: event type 22
y11: client 0: request 3078 opcode 12 len 20 bytes: 0c 00 05 00 d8 01 10 00 60 00 10 00 da 01 10 00 01 00 00 00
y11: client 0: event type 22
y11: client 0: request 3079 opcode 12 len 20 bytes: 0c 00 05 00 d4 01 10 00 60 00 10 00 d8 01 10 00 01 00 00 00
y11: client 0: event type 22
y11: client 0: request 3080 opcode 1 len 48 bytes: 01 18 0c 00 6e 02 10 00 6d 02 10 00 00 00 00 00 02 00 19 00
y11: client 0: request 3081 opcode 1 len 48 bytes: 01 18 0c 00 6f 02 10 00 6d 02 10 00 e9 ff 00 00 19 00 19 00
y11: client 0: request 3082 opcode 12 len 20 bytes: 0c 00 05 00 6e 02 10 00 03 00 10 00 00 00 00 00 00 00 00 00
y11: client 0: request 3083 opcode 12 len 16 bytes: 0c 00 04 00 6e 02 10 00 40 00 10 00 00 00 00 00
y11: client 0: request 3084 opcode 8 len 8 bytes: 08 00 02 00 6e 02 10 00
y11: client 0: request 3085 opcode 12 len 20 bytes: 0c 00 05 00 6d 02 10 00 0c 00 10 00 01 00 00 00 1a 00 00 00
y11: client 0: event type 22
y11: client 0: request 3086 opcode 12 len 16 bytes: 0c 00 04 00 6d 02 10 00 10 00 10 00 01 00 00 00
y11: client 0: event type 22
y11: client 0: request 3087 opcode 84 len 16 bytes: 54 00 04 00 22 00 00 00 00 00 00 00 00 00 10 00
y11: client 0: reply seq 3087 len 32
y11: client 0: request 3088 opcode 84 len 16 bytes: 54 00 04 00 22 00 00 00 00 00 00 00 00 00 02 00
y11: client 0: reply seq 3088 len 32
y11: client 0: request 3089 opcode 84 len 16 bytes: 54 00 04 00 22 00 00 00 00 ff 00 ff 00 ff 02 00
y11: client 0: reply seq 3089 len 32
y11: client 0: request 3090 opcode 2 len 16 bytes: 02 00 04 00 6d 02 10 00 08 00 00 00 00 00 00 00
y11: client 0: request 3091 opcode 10 len 8 bytes: 0a 00 02 00 6f 02 10 00
y11: client 0: request 3092 opcode 12 len 20 bytes: 0c 00 05 00 6e 02 10 00 03 00 00 00 00 00 00 00 00 00 00 00
y11: client 0: request 3093 opcode 1 len 48 bytes: 01 18 0c 00 70 02 10 00 6d 02 10 00 00 00 19 00 01 00 0a 00
y11: client 0: request 3094 opcode 8 len 8 bytes: 08 00 02 00 70 02 10 00
y11: client 0: request 3095 opcode 1 len 52 bytes: 01 18 0d 00 71 02 10 00 21 00 00 00 08 00 02 00 01 00 01 00
y11: client 0: event type 16
y11: client 0: request 3096 opcode 61 len 16 bytes: 3d 00 04 00 71 02 10 00 00 00 00 00 00 00 00 00
y11: client 0: request 3097 opcode 12 len 20 bytes: 0c 00 05 00 6d 02 10 00 60 00 e2 97 71 02 10 00 01 00 00 00
y11: client 0: event type 22
y11: client 0: request 3098 opcode 12 len 20 bytes: 0c 00 05 00 69 02 10 00 60 00 10 00 6d 02 10 00 01 00 00 00
y11: client 0: event type 22
y11: client 0: request 3099 opcode 12 len 20 bytes: 0c 00 05 00 65 02 10 00 60 00 28 00 69 02 10 00 01 00 00 00
y11: client 0: event type 22
y11: client 0: request 3100 opcode 12 len 20 bytes: 0c 00 05 00 e3 01 10 00 60 00 00 00 65 02 10 00 01 00 00 00
y11: client 0: event type 22
y11: client 0: request 3101 opcode 12 len 20 bytes: 0c 00 05 00 e1 01 10 00 60 00 00 00 e3 01 10 00 01 00 00 00
y11: client 0: event type 22
y11: client 0: request 3102 opcode 12 len 20 bytes: 0c 00 05 00 de 01 10 00 60 00 00 00 e1 01 10 00 01 00 00 00
y11: client 0: event type 22
y11: client 0: request 3103 opcode 12 len 20 bytes: 0c 00 05 00 dc 01 10 00 60 00 00 00 de 01 10 00 01 00 00 00
y11: client 0: event type 22
y11: client 0: request 3104 opcode 12 len 20 bytes: 0c 00 05 00 da 01 10 00 60 00 10 00 dc 01 10 00 01 00 00 00
y11: client 0: event type 22
y11: client 0: request 3105 opcode 12 len 20 bytes: 0c 00 05 00 d8 01 10 00 60 00 10 00 da 01 10 00 01 00 00 00
y11: client 0: event type 22
y11: client 0: request 3106 opcode 12 len 20 bytes: 0c 00 05 00 d4 01 10 00 60 00 10 00 d8 01 10 00 01 00 00 00
y11: client 0: event type 22
y11: client 0: request 3107 opcode 1 len 48 bytes: 01 18 0c 00 72 02 10 00 71 02 10 00 00 00 00 00 02 00 19 00
y11: client 0: request 3108 opcode 1 len 48 bytes: 01 18 0c 00 73 02 10 00 71 02 10 00 e9 ff 00 00 19 00 19 00
y11: client 0: request 3109 opcode 12 len 20 bytes: 0c 00 05 00 72 02 10 00 03 00 10 00 00 00 00 00 00 00 00 00
y11: client 0: request 3110 opcode 12 len 16 bytes: 0c 00 04 00 72 02 10 00 40 00 10 00 00 00 00 00
y11: client 0: request 3111 opcode 8 len 8 bytes: 08 00 02 00 72 02 10 00
y11: client 0: request 3112 opcode 12 len 20 bytes: 0c 00 05 00 71 02 10 00 0c 00 10 00 01 00 00 00 1a 00 00 00
y11: client 0: event type 22
y11: client 0: request 3113 opcode 12 len 16 bytes: 0c 00 04 00 71 02 10 00 10 00 10 00 01 00 00 00
y11: client 0: event type 22
y11: client 0: request 3114 opcode 84 len 16 bytes: 54 00 04 00 22 00 00 00 00 00 00 00 00 00 10 00
y11: client 0: reply seq 3114 len 32
y11: client 0: request 3115 opcode 84 len 16 bytes: 54 00 04 00 22 00 00 00 00 00 00 00 00 00 02 00
y11: client 0: reply seq 3115 len 32
y11: client 0: request 3116 opcode 84 len 16 bytes: 54 00 04 00 22 00 00 00 00 ff 00 ff 00 ff 02 00
y11: client 0: reply seq 3116 len 32
y11: client 0: request 3117 opcode 2 len 16 bytes: 02 00 04 00 71 02 10 00 08 00 00 00 00 00 00 00
y11: client 0: request 3118 opcode 10 len 8 bytes: 0a 00 02 00 73 02 10 00
y11: client 0: request 3119 opcode 12 len 20 bytes: 0c 00 05 00 72 02 10 00 03 00 00 00 00 00 00 00 00 00 00 00
y11: client 0: request 3120 opcode 1 len 48 bytes: 01 18 0c 00 74 02 10 00 71 02 10 00 00 00 19 00 01 00 0a 00
y11: client 0: request 3121 opcode 8 len 8 bytes: 08 00 02 00 74 02 10 00
y11: client 0: request 3122 opcode 1 len 52 bytes: 01 18 0d 00 75 02 10 00 21 00 00 00 08 00 02 00 01 00 01 00
y11: client 0: event type 16
y11: client 0: request 3123 opcode 61 len 16 bytes: 3d 00 04 00 75 02 10 00 00 00 00 00 00 00 00 00
y11: client 0: request 3124 opcode 12 len 20 bytes: 0c 00 05 00 71 02 10 00 60 00 e2 97 75 02 10 00 01 00 00 00
y11: client 0: event type 22
y11: client 0: request 3125 opcode 12 len 20 bytes: 0c 00 05 00 6d 02 10 00 60 00 10 00 71 02 10 00 01 00 00 00
y11: client 0: event type 22
y11: client 0: request 3126 opcode 12 len 20 bytes: 0c 00 05 00 69 02 10 00 60 00 28 00 6d 02 10 00 01 00 00 00
y11: client 0: event type 22
y11: client 0: request 3127 opcode 12 len 20 bytes: 0c 00 05 00 65 02 10 00 60 00 00 00 69 02 10 00 01 00 00 00
y11: client 0: event type 22
y11: client 0: request 3128 opcode 12 len 20 bytes: 0c 00 05 00 e3 01 10 00 60 00 00 00 65 02 10 00 01 00 00 00
y11: client 0: event type 22
y11: client 0: request 3129 opcode 12 len 20 bytes: 0c 00 05 00 e1 01 10 00 60 00 00 00 e3 01 10 00 01 00 00 00
y11: client 0: event type 22
y11: client 0: request 3130 opcode 12 len 20 bytes: 0c 00 05 00 de 01 10 00 60 00 00 00 e1 01 10 00 01 00 00 00
y11: client 0: event type 22
y11: client 0: request 3131 opcode 12 len 20 bytes: 0c 00 05 00 dc 01 10 00 60 00 10 00 de 01 10 00 01 00 00 00
y11: client 0: event type 22
y11: client 0: request 3132 opcode 12 len 20 bytes: 0c 00 05 00 da 01 10 00 60 00 10 00 dc 01 10 00 01 00 00 00
y11: client 0: event type 22
y11: client 0: request 3133 opcode 12 len 20 bytes: 0c 00 05 00 d8 01 10 00 60 00 10 00 da 01 10 00 01 00 00 00
y11: client 0: event type 22
y11: client 0: request 3134 opcode 12 len 20 bytes: 0c 00 05 00 d4 01 10 00 60 00 10 00 d8 01 10 00 01 00 00 00
y11: client 0: event type 22
y11: client 0: request 3135 opcode 1 len 48 bytes: 01 18 0c 00 76 02 10 00 75 02 10 00 00 00 00 00 02 00 19 00
y11: client 0: request 3136 opcode 1 len 48 bytes: 01 18 0c 00 77 02 10 00 75 02 10 00 e9 ff 00 00 19 00 19 00
y11: client 0: request 3137 opcode 12 len 20 bytes: 0c 00 05 00 76 02 10 00 03 00 10 00 00 00 00 00 00 00 00 00
y11: client 0: request 3138 opcode 12 len 16 bytes: 0c 00 04 00 76 02 10 00 40 00 10 00 00 00 00 00
y11: client 0: request 3139 opcode 8 len 8 bytes: 08 00 02 00 76 02 10 00
y11: client 0: request 3140 opcode 12 len 20 bytes: 0c 00 05 00 75 02 10 00 0c 00 10 00 01 00 00 00 1a 00 00 00
y11: client 0: event type 22
y11: client 0: request 3141 opcode 12 len 16 bytes: 0c 00 04 00 75 02 10 00 10 00 10 00 01 00 00 00
y11: client 0: event type 22
y11: client 0: request 3142 opcode 84 len 16 bytes: 54 00 04 00 22 00 00 00 00 00 00 00 00 00 3a 00
y11: client 0: reply seq 3142 len 32
y11: client 0: request 3143 opcode 84 len 16 bytes: 54 00 04 00 22 00 00 00 00 00 00 00 00 00 02 00
y11: client 0: reply seq 3143 len 32
y11: client 0: request 3144 opcode 84 len 16 bytes: 54 00 04 00 22 00 00 00 00 ff 00 ff 00 ff 02 00
y11: client 0: reply seq 3144 len 32
y11: client 0: request 3145 opcode 2 len 16 bytes: 02 00 04 00 75 02 10 00 08 00 00 00 00 00 00 00
y11: client 0: request 3146 opcode 10 len 8 bytes: 0a 00 02 00 77 02 10 00
y11: client 0: request 3147 opcode 12 len 20 bytes: 0c 00 05 00 76 02 10 00 03 00 00 00 00 00 00 00 00 00 00 00
y11: client 0: request 3148 opcode 1 len 48 bytes: 01 18 0c 00 78 02 10 00 75 02 10 00 00 00 19 00 01 00 0a 00
y11: client 0: request 3149 opcode 8 len 8 bytes: 08 00 02 00 78 02 10 00
y11: client 0: request 3150 opcode 1 len 52 bytes: 01 18 0d 00 79 02 10 00 21 00 00 00 08 00 02 00 01 00 01 00
y11: client 0: event type 16
y11: client 0: request 3151 opcode 61 len 16 bytes: 3d 00 04 00 79 02 10 00 00 00 00 00 00 00 00 00
y11: client 0: request 3152 opcode 12 len 20 bytes: 0c 00 05 00 75 02 10 00 60 00 e2 97 79 02 10 00 01 00 00 00
y11: client 0: event type 22
y11: client 0: request 3153 opcode 12 len 20 bytes: 0c 00 05 00 71 02 10 00 60 00 10 00 75 02 10 00 01 00 00 00
y11: client 0: event type 22
y11: client 0: request 3154 opcode 12 len 20 bytes: 0c 00 05 00 6d 02 10 00 60 00 28 00 71 02 10 00 01 00 00 00
y11: client 0: event type 22
y11: client 0: request 3155 opcode 12 len 20 bytes: 0c 00 05 00 69 02 10 00 60 00 00 00 6d 02 10 00 01 00 00 00
y11: client 0: event type 22
y11: client 0: request 3156 opcode 12 len 20 bytes: 0c 00 05 00 65 02 10 00 60 00 00 00 69 02 10 00 01 00 00 00
y11: client 0: event type 22
y11: client 0: request 3157 opcode 12 len 20 bytes: 0c 00 05 00 e3 01 10 00 60 00 00 00 65 02 10 00 01 00 00 00
y11: client 0: event type 22
y11: client 0: request 3158 opcode 12 len 20 bytes: 0c 00 05 00 e1 01 10 00 60 00 00 00 e3 01 10 00 01 00 00 00
y11: client 0: event type 22
y11: client 0: request 3159 opcode 12 len 20 bytes: 0c 00 05 00 de 01 10 00 60 00 10 00 e1 01 10 00 01 00 00 00
y11: client 0: event type 22
y11: client 0: request 3160 opcode 12 len 20 bytes: 0c 00 05 00 dc 01 10 00 60 00 10 00 de 01 10 00 01 00 00 00
y11: client 0: event type 22
y11: client 0: request 3161 opcode 12 len 20 bytes: 0c 00 05 00 da 01 10 00 60 00 10 00 dc 01 10 00 01 00 00 00
y11: client 0: event type 22
y11: client 0: request 3162 opcode 12 len 20 bytes: 0c 00 05 00 d8 01 10 00 60 00 10 00 da 01 10 00 01 00 00 00
y11: client 0: event type 22
y11: client 0: request 3163 opcode 12 len 20 bytes: 0c 00 05 00 d4 01 10 00 60 00 10 00 d8 01 10 00 01 00 00 00
y11: client 0: event type 22
y11: client 0: request 3164 opcode 1 len 48 bytes: 01 18 0c 00 7a 02 10 00 79 02 10 00 00 00 00 00 02 00 19 00
y11: client 0: request 3165 opcode 1 len 48 bytes: 01 18 0c 00 7b 02 10 00 79 02 10 00 e9 ff 00 00 19 00 19 00
y11: client 0: request 3166 opcode 12 len 20 bytes: 0c 00 05 00 7a 02 10 00 03 00 10 00 00 00 00 00 00 00 00 00
y11: client 0: request 3167 opcode 12 len 16 bytes: 0c 00 04 00 7a 02 10 00 40 00 10 00 00 00 00 00
y11: client 0: request 3168 opcode 8 len 8 bytes: 08 00 02 00 7a 02 10 00
y11: client 0: request 3169 opcode 12 len 20 bytes: 0c 00 05 00 79 02 10 00 0c 00 10 00 01 00 00 00 1a 00 00 00
y11: client 0: event type 22
y11: client 0: request 3170 opcode 12 len 16 bytes: 0c 00 04 00 79 02 10 00 10 00 3a 00 01 00 00 00
y11: client 0: event type 22
y11: client 0: request 3171 opcode 84 len 16 bytes: 54 00 04 00 22 00 00 00 00 00 00 00 00 00 10 00
y11: client 0: reply seq 3171 len 32
y11: client 0: request 3172 opcode 84 len 16 bytes: 54 00 04 00 22 00 00 00 00 00 00 00 00 00 02 00
y11: client 0: reply seq 3172 len 32
y11: client 0: request 3173 opcode 84 len 16 bytes: 54 00 04 00 22 00 00 00 00 ff 00 ff 00 ff 02 00
y11: client 0: reply seq 3173 len 32
y11: client 0: request 3174 opcode 2 len 16 bytes: 02 00 04 00 79 02 10 00 08 00 00 00 00 00 00 00
y11: client 0: request 3175 opcode 10 len 8 bytes: 0a 00 02 00 7b 02 10 00
y11: client 0: request 3176 opcode 12 len 20 bytes: 0c 00 05 00 7a 02 10 00 03 00 00 00 00 00 00 00 00 00 00 00
y11: client 0: request 3177 opcode 1 len 48 bytes: 01 18 0c 00 7c 02 10 00 79 02 10 00 00 00 19 00 01 00 0a 00
y11: client 0: request 3178 opcode 8 len 8 bytes: 08 00 02 00 7c 02 10 00
y11: client 0: request 3179 opcode 12 len 20 bytes: 0c 00 05 00 73 02 10 00 03 00 00 00 e9 ff ff ff 00 00 00 00
y11: client 0: request 3180 opcode 12 len 20 bytes: 0c 00 05 00 72 02 10 00 03 00 10 00 00 00 00 00 00 00 00 00
y11: client 0: request 3181 opcode 139 len 12 bytes: 8b 11 03 00 7d 02 10 00 03 01 00 00
y11: client 0: request 3182 opcode 139 len 136 bytes: 8b 14 22 00 7d 02 10 00 01 00 00 00 24 00 00 00 09 00 09 00
y11: client 0: request 3183 opcode 139 len 108 bytes: 8b 14 1b 00 7d 02 10 00 01 00 00 00 53 00 00 00 08 00 0a 00
y11: client 0: request 3184 opcode 139 len 68 bytes: 8b 14 11 00 7d 02 10 00 01 00 00 00 4f 00 00 00 03 00 0a 00
y11: client 0: request 3185 opcode 139 len 68 bytes: 8b 14 11 00 7d 02 10 00 01 00 00 00 4c 00 00 00 03 00 0a 00
y11: client 0: request 3186 opcode 139 len 84 bytes: 8b 14 15 00 7d 02 10 00 01 00 00 00 46 00 00 00 06 00 07 00
y11: client 0: request 3187 opcode 139 len 84 bytes: 8b 14 15 00 7d 02 10 00 01 00 00 00 44 00 00 00 07 00 07 00
y11: client 0: request 3188 opcode 139 len 100 bytes: 8b 14 19 00 7d 02 10 00 01 00 00 00 57 00 00 00 05 00 09 00
y11: client 0: request 3189 opcode 139 len 84 bytes: 8b 14 15 00 7d 02 10 00 01 00 00 00 52 00 00 00 07 00 07 00
y11: client 0: request 3190 opcode 139 len 84 bytes: 8b 14 15 00 7d 02 10 00 01 00 00 00 51 00 00 00 07 00 07 00
y11: client 0: request 3191 opcode 139 len 84 bytes: 8b 14 15 00 7d 02 10 00 01 00 00 00 56 00 00 00 06 00 07 00
y11: client 0: request 3192 opcode 139 len 100 bytes: 8b 14 19 00 7d 02 10 00 01 00 00 00 37 00 00 00 07 00 09 00
y11: client 0: request 3193 opcode 139 len 108 bytes: 8b 14 1b 00 7d 02 10 00 01 00 00 00 4b 00 00 00 07 00 0a 00
y11: client 0: request 3194 opcode 139 len 84 bytes: 8b 14 15 00 7d 02 10 00 01 00 00 00 48 00 00 00 07 00 07 00
y11: client 0: request 3195 opcode 139 len 28 bytes: 8b 14 07 00 7d 02 10 00 01 00 00 00 03 00 00 00 00 00 00 00
y11: client 0: request 3196 opcode 139 len 112 bytes: 8b 14 1c 00 7d 02 10 00 01 00 00 00 5a 00 00 00 0b 00 07 00
y11: client 0: request 3197 opcode 139 len 84 bytes: 8b 14 15 00 7d 02 10 00 01 00 00 00 5d 00 00 00 06 00 07 00
y11: client 0: request 3198 opcode 139 len 84 bytes: 8b 14 15 00 7d 02 10 00 01 00 00 00 55 00 00 00 06 00 07 00
y11: client 0: request 3199 opcode 139 len 108 bytes: 8b 14 1b 00 7d 02 10 00 01 00 00 00 47 00 00 00 07 00 0a 00
y11: client 0: request 3200 opcode 139 len 108 bytes: 8b 14 1b 00 7d 02 10 00 01 00 00 00 54 00 00 00 07 00 0a 00
y11: client 0: request 3201 opcode 139 len 84 bytes: 8b 14 15 00 7d 02 10 00 01 00 00 00 58 00 00 00 07 00 07 00
y11: client 0: request 3202 opcode 139 len 108 bytes: 8b 14 1b 00 7d 02 10 00 01 00 00 00 4e 00 00 00 08 00 0a 00
y11: client 0: request 3203 opcode 139 len 108 bytes: 8b 14 1b 00 7d 02 10 00 01 00 00 00 5c 00 00 00 07 00 0a 00
y11: client 0: request 3204 opcode 139 len 80 bytes: 8b 14 14 00 7d 02 10 00 01 00 00 00 4d 00 00 00 04 00 0d 00
y11: client 0: request 3205 opcode 139 len 84 bytes: 8b 14 15 00 7d 02 10 00 01 00 00 00 5b 00 00 00 07 00 07 00
y11: client 0: request 3206 opcode 139 len 108 bytes: 8b 14 1b 00 7d 02 10 00 01 00 00 00 4a 00 00 00 07 00 0a 00
y11: client 0: request 3207 opcode 139 len 112 bytes: 8b 14 1c 00 7d 02 10 00 01 00 00 00 50 00 00 00 0b 00 07 00
y11: client 0: request 3208 opcode 139 len 108 bytes: 8b 14 1b 00 7d 02 10 00 01 00 00 00 45 00 00 00 08 00 0a 00
y11: client 0: request 3209 opcode 139 len 108 bytes: 8b 14 1b 00 7d 02 10 00 01 00 00 00 49 00 00 00 06 00 0a 00
y11: client 0: request 3210 opcode 139 len 84 bytes: 8b 14 15 00 7d 02 10 00 01 00 00 00 59 00 00 00 07 00 07 00
y11: client 0: request 3211 opcode 139 len 40 bytes: 8b 14 0a 00 7d 02 10 00 01 00 00 00 11 00 00 00 03 00 03 00
y11: client 0: request 3212 opcode 139 len 100 bytes: 8b 14 19 00 7d 02 10 00 01 00 00 00 13 00 00 00 07 00 09 00
y11: client 0: request 3213 opcode 139 len 100 bytes: 8b 14 19 00 7d 02 10 00 01 00 00 00 14 00 00 00 05 00 09 00
y11: client 0: request 3214 opcode 139 len 100 bytes: 8b 14 19 00 7d 02 10 00 01 00 00 00 15 00 00 00 07 00 09 00
y11: client 0: request 3215 opcode 139 len 100 bytes: 8b 14 19 00 7d 02 10 00 01 00 00 00 16 00 00 00 07 00 09 00
y11: client 0: request 3216 opcode 139 len 100 bytes: 8b 14 19 00 7d 02 10 00 01 00 00 00 17 00 00 00 07 00 09 00
y11: client 0: request 3217 opcode 139 len 100 bytes: 8b 14 19 00 7d 02 10 00 01 00 00 00 18 00 00 00 07 00 09 00
y11: client 0: request 3218 opcode 139 len 100 bytes: 8b 14 19 00 7d 02 10 00 01 00 00 00 19 00 00 00 07 00 09 00
y11: client 0: request 3219 opcode 139 len 100 bytes: 8b 14 19 00 7d 02 10 00 01 00 00 00 1a 00 00 00 07 00 09 00
y11: client 0: request 3220 opcode 139 len 100 bytes: 8b 14 19 00 7d 02 10 00 01 00 00 00 1b 00 00 00 07 00 09 00
y11: client 0: request 3221 opcode 139 len 100 bytes: 8b 14 19 00 7d 02 10 00 01 00 00 00 1c 00 00 00 07 00 09 00
y11: client 0: request 3222 opcode 12 len 16 bytes: 0c 00 04 00 71 02 10 00 10 00 37 cd 01 00 00 00
y11: client 0: event type 22
y11: client 0: request 3223 opcode 84 len 16 bytes: 54 00 04 00 22 00 00 00 00 00 00 00 00 00 00 00
y11: client 0: reply seq 3223 len 32
y11: client 0: request 3224 opcode 84 len 16 bytes: 54 00 04 00 22 00 00 00 00 00 00 00 00 00 ff ff
y11: client 0: reply seq 3224 len 32
y11: client 0: request 3225 opcode 84 len 16 bytes: 54 00 04 00 22 00 00 00 00 ff 00 ff 00 ff ff ff
y11: client 0: reply seq 3225 len 32
y11: client 0: request 3226 opcode 2 len 16 bytes: 02 00 04 00 71 02 10 00 08 00 00 00 00 00 00 00
y11: client 0: request 3227 opcode 12 len 28 bytes: 0c 00 07 00 74 02 10 00 0f 00 10 00 00 00 00 00 19 00 00 00
y11: client 0: request 3228 opcode 12 len 20 bytes: 0c 00 05 00 71 02 10 00 0c 00 22 00 75 00 00 00 2f 00 00 00
y11: client 0: event type 22
y11: client 0: request 3229 opcode 12 len 20 bytes: 0c 00 05 00 73 02 10 00 03 00 09 00 5d 00 00 00 00 00 00 00
y11: client 0: request 3230 opcode 12 len 28 bytes: 0c 00 07 00 72 02 10 00 0f 00 7d ff 00 00 00 00 00 00 00 00
y11: client 0: request 3231 opcode 2 len 16 bytes: 02 00 04 00 74 02 10 00 02 00 00 00 aa aa aa 00
y11: client 0: request 3232 opcode 61 len 16 bytes: 3d 00 04 00 74 02 10 00 00 00 00 00 00 00 00 00
y11: client 0: request 3233 opcode 12 len 20 bytes: 0c 00 05 00 6f 02 10 00 03 00 ff ff e9 ff ff ff 00 00 00 00
y11: client 0: request 3234 opcode 12 len 20 bytes: 0c 00 05 00 6e 02 10 00 03 00 00 00 00 00 00 00 00 00 00 00
y11: client 0: request 3235 opcode 12 len 16 bytes: 0c 00 04 00 6d 02 10 00 10 00 10 00 01 00 00 00
y11: client 0: event type 22
y11: client 0: request 3236 opcode 84 len 16 bytes: 54 00 04 00 22 00 00 00 00 00 00 00 00 00 00 00
y11: client 0: reply seq 3236 len 32
y11: client 0: request 3237 opcode 84 len 16 bytes: 54 00 04 00 22 00 00 00 00 00 00 00 00 00 00 00
y11: client 0: reply seq 3237 len 32
y11: client 0: request 3238 opcode 84 len 16 bytes: 54 00 04 00 22 00 00 00 00 ff 00 ff 00 ff 00 00
y11: client 0: reply seq 3238 len 32
y11: client 0: request 3239 opcode 2 len 16 bytes: 02 00 04 00 6d 02 10 00 08 00 00 00 00 00 00 00
y11: client 0: request 3240 opcode 12 len 28 bytes: 0c 00 07 00 70 02 10 00 0f 00 10 00 00 00 00 00 19 00 00 00
y11: client 0: request 3241 opcode 12 len 20 bytes: 0c 00 05 00 6d 02 10 00 0c 00 22 00 75 00 00 00 2f 00 00 00
y11: client 0: event type 22
y11: client 0: request 3242 opcode 12 len 20 bytes: 0c 00 05 00 6f 02 10 00 03 00 09 00 5d 00 00 00 00 00 00 00
y11: client 0: request 3243 opcode 12 len 28 bytes: 0c 00 07 00 6e 02 10 00 0f 00 7d ff 00 00 00 00 00 00 00 00
y11: client 0: request 3244 opcode 2 len 16 bytes: 02 00 04 00 70 02 10 00 02 00 00 00 aa aa aa 00
y11: client 0: request 3245 opcode 61 len 16 bytes: 3d 00 04 00 70 02 10 00 00 00 00 00 00 00 00 00
y11: client 0: request 3246 opcode 1 len 52 bytes: 01 18 0d 00 7e 02 10 00 21 00 00 00 08 00 02 00 01 00 01 00
y11: client 0: event type 16
y11: client 0: request 3247 opcode 61 len 16 bytes: 3d 00 04 00 7e 02 10 00 00 00 00 00 00 00 00 00
y11: client 0: request 3248 opcode 12 len 20 bytes: 0c 00 05 00 79 02 10 00 60 00 17 00 7e 02 10 00 01 00 00 00
y11: client 0: event type 22
y11: client 0: request 3249 opcode 12 len 20 bytes: 0c 00 05 00 75 02 10 00 60 00 b4 00 79 02 10 00 01 00 00 00
y11: client 0: event type 22
y11: client 0: request 3250 opcode 12 len 20 bytes: 0c 00 05 00 71 02 10 00 60 00 9e 00 75 02 10 00 01 00 00 00
y11: client 0: event type 22
y11: client 0: request 3251 opcode 12 len 20 bytes: 0c 00 05 00 6d 02 10 00 60 00 b0 00 71 02 10 00 01 00 00 00
y11: client 0: event type 22
y11: client 0: request 3252 opcode 12 len 20 bytes: 0c 00 05 00 69 02 10 00 60 00 10 00 6d 02 10 00 01 00 00 00
y11: client 0: event type 22
y11: client 0: request 3253 opcode 12 len 20 bytes: 0c 00 05 00 65 02 10 00 60 00 00 00 69 02 10 00 01 00 00 00
y11: client 0: event type 22
y11: client 0: request 3254 opcode 12 len 20 bytes: 0c 00 05 00 e3 01 10 00 60 00 b0 00 65 02 10 00 01 00 00 00
y11: client 0: event type 22
y11: client 0: request 3255 opcode 12 len 20 bytes: 0c 00 05 00 e1 01 10 00 60 00 b0 00 e3 01 10 00 01 00 00 00
y11: client 0: event type 22
y11: client 0: request 3256 opcode 12 len 20 bytes: 0c 00 05 00 de 01 10 00 60 00 0a 00 e1 01 10 00 01 00 00 00
y11: client 0: event type 22
y11: client 0: request 3257 opcode 12 len 20 bytes: 0c 00 05 00 dc 01 10 00 60 00 00 00 de 01 10 00 01 00 00 00
y11: client 0: event type 22
y11: client 0: request 3258 opcode 12 len 20 bytes: 0c 00 05 00 da 01 10 00 60 00 b4 00 dc 01 10 00 01 00 00 00
y11: client 0: event type 22
y11: client 0: request 3259 opcode 12 len 20 bytes: 0c 00 05 00 d8 01 10 00 60 00 00 00 da 01 10 00 01 00 00 00
y11: client 0: event type 22
y11: client 0: request 3260 opcode 12 len 20 bytes: 0c 00 05 00 d4 01 10 00 60 00 bc f5 d8 01 10 00 01 00 00 00
y11: client 0: event type 22
y11: client 0: request 3261 opcode 1 len 48 bytes: 01 18 0c 00 7f 02 10 00 7e 02 10 00 00 00 00 00 02 00 19 00
y11: client 0: request 3262 opcode 1 len 48 bytes: 01 18 0c 00 80 02 10 00 7e 02 10 00 e9 ff 00 00 19 00 19 00
y11: client 0: request 3263 opcode 12 len 20 bytes: 0c 00 05 00 7f 02 10 00 03 00 a0 2c 00 00 00 00 00 00 00 00
y11: client 0: request 3264 opcode 12 len 16 bytes: 0c 00 04 00 7f 02 10 00 40 00 58 00 00 00 00 00
y11: client 0: request 3265 opcode 8 len 8 bytes: 08 00 02 00 7f 02 10 00
y11: client 0: request 3266 opcode 12 len 20 bytes: 0c 00 05 00 7e 02 10 00 0c 00 09 00 01 00 00 00 1a 00 00 00
y11: client 0: event type 22
y11: client 0: request 3267 opcode 12 len 16 bytes: 0c 00 04 00 7e 02 10 00 10 00 00 00 01 00 00 00
y11: client 0: event type 22
y11: client 0: request 3268 opcode 84 len 16 bytes: 54 00 04 00 22 00 00 00 00 00 00 00 00 00 ec 00
y11: client 0: reply seq 3268 len 32
y11: client 0: request 3269 opcode 84 len 16 bytes: 54 00 04 00 22 00 00 00 00 00 00 00 00 00 00 00
y11: client 0: reply seq 3269 len 32
y11: client 0: request 3270 opcode 84 len 16 bytes: 54 00 04 00 22 00 00 00 00 ff 00 ff 00 ff 00 00
y11: client 0: reply seq 3270 len 32
y11: client 0: request 3271 opcode 2 len 16 bytes: 02 00 04 00 7e 02 10 00 08 00 00 00 00 00 00 00
y11: client 0: request 3272 opcode 10 len 8 bytes: 0a 00 02 00 80 02 10 00
y11: client 0: request 3273 opcode 12 len 20 bytes: 0c 00 05 00 7f 02 10 00 03 00 00 00 00 00 00 00 00 00 00 00
y11: client 0: request 3274 opcode 1 len 48 bytes: 01 18 0c 00 81 02 10 00 7e 02 10 00 00 00 19 00 01 00 0a 00
y11: client 0: request 3275 opcode 8 len 8 bytes: 08 00 02 00 81 02 10 00
y11: client 0: request 3276 opcode 1 len 52 bytes: 01 18 0d 00 82 02 10 00 21 00 00 00 08 00 02 00 01 00 01 00
y11: client 0: event type 16
y11: client 0: request 3277 opcode 61 len 16 bytes: 3d 00 04 00 82 02 10 00 00 00 00 00 00 00 00 00
y11: client 0: request 3278 opcode 12 len 20 bytes: 0c 00 05 00 7e 02 10 00 60 00 e2 97 82 02 10 00 01 00 00 00
y11: client 0: event type 22
y11: client 0: request 3279 opcode 12 len 20 bytes: 0c 00 05 00 79 02 10 00 60 00 10 00 7e 02 10 00 01 00 00 00
y11: client 0: event type 22
y11: client 0: request 3280 opcode 12 len 20 bytes: 0c 00 05 00 75 02 10 00 60 00 10 00 79 02 10 00 01 00 00 00
y11: client 0: event type 22
y11: client 0: request 3281 opcode 12 len 20 bytes: 0c 00 05 00 71 02 10 00 60 00 00 00 75 02 10 00 01 00 00 00
y11: client 0: event type 22
y11: client 0: request 3282 opcode 12 len 20 bytes: 0c 00 05 00 6d 02 10 00 60 00 02 00 71 02 10 00 01 00 00 00
y11: client 0: event type 22
y11: client 0: request 3283 opcode 12 len 20 bytes: 0c 00 05 00 69 02 10 00 60 00 00 00 6d 02 10 00 01 00 00 00
y11: client 0: event type 22
y11: client 0: request 3284 opcode 12 len 20 bytes: 0c 00 05 00 65 02 10 00 60 00 04 00 69 02 10 00 01 00 00 00
y11: client 0: event type 22
y11: client 0: request 3285 opcode 12 len 20 bytes: 0c 00 05 00 e3 01 10 00 60 00 10 00 65 02 10 00 01 00 00 00
y11: client 0: event type 22
y11: client 0: request 3286 opcode 12 len 20 bytes: 0c 00 05 00 e1 01 10 00 60 00 10 00 e3 01 10 00 01 00 00 00
y11: client 0: event type 22
y11: client 0: request 3287 opcode 12 len 20 bytes: 0c 00 05 00 de 01 10 00 60 00 10 00 e1 01 10 00 01 00 00 00
y11: client 0: event type 22
y11: client 0: request 3288 opcode 12 len 20 bytes: 0c 00 05 00 dc 01 10 00 60 00 10 00 de 01 10 00 01 00 00 00
y11: client 0: event type 22
y11: client 0: request 3289 opcode 12 len 20 bytes: 0c 00 05 00 da 01 10 00 60 00 10 00 dc 01 10 00 01 00 00 00
y11: client 0: event type 22
y11: client 0: request 3290 opcode 12 len 20 bytes: 0c 00 05 00 d8 01 10 00 60 00 10 00 da 01 10 00 01 00 00 00
y11: client 0: event type 22
y11: client 0: request 3291 opcode 12 len 20 bytes: 0c 00 05 00 d4 01 10 00 60 00 10 00 d8 01 10 00 01 00 00 00
y11: client 0: event type 22
y11: client 0: request 3292 opcode 1 len 48 bytes: 01 18 0c 00 83 02 10 00 82 02 10 00 00 00 00 00 02 00 19 00
y11: client 0: request 3293 opcode 1 len 48 bytes: 01 18 0c 00 84 02 10 00 82 02 10 00 e9 ff 00 00 19 00 19 00
y11: client 0: request 3294 opcode 12 len 20 bytes: 0c 00 05 00 83 02 10 00 03 00 05 00 00 00 00 00 00 00 00 00
y11: client 0: request 3295 opcode 12 len 16 bytes: 0c 00 04 00 83 02 10 00 40 00 0c 00 00 00 00 00
y11: client 0: request 3296 opcode 8 len 8 bytes: 08 00 02 00 83 02 10 00
y11: client 0: request 3297 opcode 12 len 20 bytes: 0c 00 05 00 82 02 10 00 0c 00 00 00 01 00 00 00 1a 00 00 00
y11: client 0: event type 22
y11: client 0: request 3298 opcode 12 len 16 bytes: 0c 00 04 00 82 02 10 00 10 00 00 00 01 00 00 00
y11: client 0: event type 22
y11: client 0: request 3299 opcode 84 len 16 bytes: 54 00 04 00 22 00 00 00 00 00 00 00 00 00 19 00
y11: client 0: reply seq 3299 len 32
y11: client 0: request 3300 opcode 84 len 16 bytes: 54 00 04 00 22 00 00 00 00 00 00 00 00 00 02 00
y11: client 0: reply seq 3300 len 32
y11: client 0: request 3301 opcode 84 len 16 bytes: 54 00 04 00 22 00 00 00 00 ff 00 ff 00 ff 02 00
y11: client 0: reply seq 3301 len 32
y11: client 0: request 3302 opcode 2 len 16 bytes: 02 00 04 00 82 02 10 00 08 00 00 00 00 00 00 00
y11: client 0: request 3303 opcode 10 len 8 bytes: 0a 00 02 00 84 02 10 00
y11: client 0: request 3304 opcode 12 len 20 bytes: 0c 00 05 00 83 02 10 00 03 00 00 00 00 00 00 00 00 00 00 00
y11: client 0: request 3305 opcode 1 len 48 bytes: 01 18 0c 00 85 02 10 00 82 02 10 00 00 00 19 00 01 00 0a 00
y11: client 0: request 3306 opcode 8 len 8 bytes: 08 00 02 00 85 02 10 00
y11: client 0: request 3307 opcode 12 len 20 bytes: 0c 00 05 00 73 02 10 00 03 00 00 00 5d 00 00 00 00 00 00 00
y11: client 0: request 3308 opcode 12 len 20 bytes: 0c 00 05 00 72 02 10 00 03 00 10 00 00 00 00 00 00 00 00 00
y11: client 0: request 3309 opcode 12 len 16 bytes: 0c 00 04 00 71 02 10 00 10 00 10 00 01 00 00 00
y11: client 0: event type 22
y11: client 0: request 3310 opcode 84 len 16 bytes: 54 00 04 00 22 00 00 00 00 00 00 00 00 00 00 00
y11: client 0: reply seq 3310 len 32
y11: client 0: request 3311 opcode 84 len 16 bytes: 54 00 04 00 22 00 00 00 00 00 00 00 00 00 00 00
y11: client 0: reply seq 3311 len 32
y11: client 0: request 3312 opcode 84 len 16 bytes: 54 00 04 00 22 00 00 00 00 ff 00 ff 00 ff 00 00
y11: client 0: reply seq 3312 len 32
y11: client 0: request 3313 opcode 2 len 16 bytes: 02 00 04 00 71 02 10 00 08 00 00 00 00 00 00 00
y11: client 0: request 3314 opcode 12 len 28 bytes: 0c 00 07 00 74 02 10 00 0f 00 10 00 00 00 00 00 19 00 00 00
y11: client 0: request 3315 opcode 12 len 20 bytes: 0c 00 05 00 71 02 10 00 0c 00 00 00 75 00 00 00 46 00 00 00
y11: client 0: event type 22
y11: client 0: request 3316 opcode 2 len 16 bytes: 02 00 04 00 74 02 10 00 02 00 00 00 aa aa aa 00
y11: client 0: request 3317 opcode 61 len 16 bytes: 3d 00 04 00 74 02 10 00 00 00 00 00 00 00 00 00
y11: client 0: request 3318 opcode 12 len 20 bytes: 0c 00 05 00 6f 02 10 00 03 00 00 00 5d 00 00 00 00 00 00 00
y11: client 0: request 3319 opcode 12 len 20 bytes: 0c 00 05 00 6e 02 10 00 03 00 00 00 00 00 00 00 00 00 00 00
y11: client 0: request 3320 opcode 12 len 16 bytes: 0c 00 04 00 6d 02 10 00 10 00 00 00 01 00 00 00
y11: client 0: event type 22
y11: client 0: request 3321 opcode 84 len 16 bytes: 54 00 04 00 22 00 00 00 00 00 00 00 00 00 00 00
y11: client 0: reply seq 3321 len 32
y11: client 0: request 3322 opcode 84 len 16 bytes: 54 00 04 00 22 00 00 00 00 00 00 00 00 00 00 00
y11: client 0: reply seq 3322 len 32
y11: client 0: request 3323 opcode 84 len 16 bytes: 54 00 04 00 22 00 00 00 00 ff 00 ff 00 ff 00 00
y11: client 0: reply seq 3323 len 32
y11: client 0: request 3324 opcode 2 len 16 bytes: 02 00 04 00 6d 02 10 00 08 00 00 00 00 00 00 00
y11: client 0: request 3325 opcode 12 len 28 bytes: 0c 00 07 00 70 02 10 00 0f 00 10 00 00 00 00 00 19 00 00 00
y11: client 0: request 3326 opcode 12 len 20 bytes: 0c 00 05 00 6d 02 10 00 0c 00 00 00 75 00 00 00 46 00 00 00
y11: client 0: event type 22
y11: client 0: request 3327 opcode 2 len 16 bytes: 02 00 04 00 70 02 10 00 02 00 00 00 aa aa aa 00
y11: client 0: request 3328 opcode 61 len 16 bytes: 3d 00 04 00 70 02 10 00 00 00 00 00 00 00 00 00
y11: client 0: request 3329 opcode 1 len 52 bytes: 01 18 0d 00 86 02 10 00 21 00 00 00 08 00 02 00 01 00 01 00
y11: client 0: event type 16
y11: client 0: request 3330 opcode 61 len 16 bytes: 3d 00 04 00 86 02 10 00 00 00 00 00 00 00 00 00
y11: client 0: request 3331 opcode 12 len 20 bytes: 0c 00 05 00 82 02 10 00 60 00 10 00 86 02 10 00 01 00 00 00
y11: client 0: event type 22
y11: client 0: request 3332 opcode 12 len 20 bytes: 0c 00 05 00 7e 02 10 00 60 00 10 00 82 02 10 00 01 00 00 00
y11: client 0: event type 22
y11: client 0: request 3333 opcode 12 len 20 bytes: 0c 00 05 00 79 02 10 00 60 00 10 00 7e 02 10 00 01 00 00 00
y11: client 0: event type 22
y11: client 0: request 3334 opcode 12 len 20 bytes: 0c 00 05 00 75 02 10 00 60 00 10 00 79 02 10 00 01 00 00 00
y11: client 0: event type 22
y11: client 0: request 3335 opcode 12 len 20 bytes: 0c 00 05 00 71 02 10 00 60 00 10 00 75 02 10 00 01 00 00 00
y11: client 0: event type 22
y11: client 0: request 3336 opcode 12 len 20 bytes: 0c 00 05 00 6d 02 10 00 60 00 10 00 71 02 10 00 01 00 00 00
y11: client 0: event type 22
y11: client 0: request 3337 opcode 12 len 20 bytes: 0c 00 05 00 69 02 10 00 60 00 10 00 6d 02 10 00 01 00 00 00
y11: client 0: event type 22
y11: client 0: request 3338 opcode 12 len 20 bytes: 0c 00 05 00 65 02 10 00 60 00 10 00 69 02 10 00 01 00 00 00
y11: client 0: event type 22
y11: client 0: request 3339 opcode 12 len 20 bytes: 0c 00 05 00 e3 01 10 00 60 00 10 00 65 02 10 00 01 00 00 00
y11: client 0: event type 22
y11: client 0: request 3340 opcode 12 len 20 bytes: 0c 00 05 00 e1 01 10 00 60 00 10 00 e3 01 10 00 01 00 00 00
y11: client 0: event type 22
y11: client 0: request 3341 opcode 12 len 20 bytes: 0c 00 05 00 de 01 10 00 60 00 00 00 e1 01 10 00 01 00 00 00
y11: client 0: event type 22
y11: client 0: request 3342 opcode 12 len 20 bytes: 0c 00 05 00 dc 01 10 00 60 00 00 00 de 01 10 00 01 00 00 00
y11: client 0: event type 22
y11: client 0: request 3343 opcode 12 len 20 bytes: 0c 00 05 00 da 01 10 00 60 00 19 00 dc 01 10 00 01 00 00 00
y11: client 0: event type 22
y11: client 0: request 3344 opcode 12 len 20 bytes: 0c 00 05 00 d8 01 10 00 60 00 00 00 da 01 10 00 01 00 00 00
y11: client 0: event type 22
y11: client 0: request 3345 opcode 12 len 20 bytes: 0c 00 05 00 d4 01 10 00 60 00 05 00 d8 01 10 00 01 00 00 00
y11: client 0: event type 22
y11: client 0: request 3346 opcode 1 len 48 bytes: 01 18 0c 00 87 02 10 00 86 02 10 00 00 00 00 00 02 00 19 00
y11: client 0: request 3347 opcode 1 len 48 bytes: 01 18 0c 00 88 02 10 00 86 02 10 00 e9 ff 00 00 19 00 19 00
y11: client 0: request 3348 opcode 12 len 20 bytes: 0c 00 05 00 87 02 10 00 03 00 05 00 00 00 00 00 00 00 00 00
y11: client 0: request 3349 opcode 12 len 16 bytes: 0c 00 04 00 87 02 10 00 40 00 04 00 00 00 00 00
y11: client 0: request 3350 opcode 8 len 8 bytes: 08 00 02 00 87 02 10 00
y11: client 0: request 3351 opcode 12 len 20 bytes: 0c 00 05 00 86 02 10 00 0c 00 05 00 01 00 00 00 1a 00 00 00
y11: client 0: event type 22
y11: client 0: request 3352 opcode 12 len 16 bytes: 0c 00 04 00 86 02 10 00 10 00 04 00 01 00 00 00
y11: client 0: event type 22
y11: client 0: request 3353 opcode 84 len 16 bytes: 54 00 04 00 22 00 00 00 00 00 00 00 00 00 00 00
y11: client 0: reply seq 3353 len 32
y11: client 0: request 3354 opcode 84 len 16 bytes: 54 00 04 00 22 00 00 00 00 00 00 00 00 00 00 00
y11: client 0: reply seq 3354 len 32
y11: client 0: request 3355 opcode 84 len 16 bytes: 54 00 04 00 22 00 00 00 00 ff 00 ff 00 ff 00 00
y11: client 0: reply seq 3355 len 32
y11: client 0: request 3356 opcode 2 len 16 bytes: 02 00 04 00 86 02 10 00 08 00 00 00 00 00 00 00
y11: client 0: request 3357 opcode 10 len 8 bytes: 0a 00 02 00 88 02 10 00
y11: client 0: request 3358 opcode 12 len 20 bytes: 0c 00 05 00 87 02 10 00 03 00 00 00 00 00 00 00 00 00 00 00
y11: client 0: request 3359 opcode 1 len 48 bytes: 01 18 0c 00 89 02 10 00 86 02 10 00 00 00 19 00 01 00 0a 00
y11: client 0: request 3360 opcode 8 len 8 bytes: 08 00 02 00 89 02 10 00
y11: client 0: request 3361 opcode 1 len 52 bytes: 01 18 0d 00 8a 02 10 00 21 00 00 00 08 00 02 00 01 00 01 00
y11: client 0: event type 16
y11: client 0: request 3362 opcode 61 len 16 bytes: 3d 00 04 00 8a 02 10 00 00 00 00 00 00 00 00 00
y11: client 0: request 3363 opcode 12 len 20 bytes: 0c 00 05 00 86 02 10 00 60 00 e2 97 8a 02 10 00 01 00 00 00
y11: client 0: event type 22
y11: client 0: request 3364 opcode 12 len 20 bytes: 0c 00 05 00 82 02 10 00 60 00 10 00 86 02 10 00 01 00 00 00
y11: client 0: event type 22
y11: client 0: request 3365 opcode 12 len 20 bytes: 0c 00 05 00 7e 02 10 00 60 00 00 00 82 02 10 00 01 00 00 00
y11: client 0: event type 22
y11: client 0: request 3366 opcode 12 len 20 bytes: 0c 00 05 00 79 02 10 00 60 00 10 00 7e 02 10 00 01 00 00 00
y11: client 0: event type 22
y11: client 0: request 3367 opcode 12 len 20 bytes: 0c 00 05 00 75 02 10 00 60 00 00 00 79 02 10 00 01 00 00 00
y11: client 0: event type 22
y11: client 0: request 3368 opcode 12 len 20 bytes: 0c 00 05 00 71 02 10 00 60 00 10 00 75 02 10 00 01 00 00 00
y11: client 0: event type 22
y11: client 0: request 3369 opcode 12 len 20 bytes: 0c 00 05 00 6d 02 10 00 60 00 10 00 71 02 10 00 01 00 00 00
y11: client 0: event type 22
y11: client 0: request 3370 opcode 12 len 20 bytes: 0c 00 05 00 69 02 10 00 60 00 10 00 6d 02 10 00 01 00 00 00
y11: client 0: event type 22
y11: client 0: request 3371 opcode 12 len 20 bytes: 0c 00 05 00 65 02 10 00 60 00 10 00 69 02 10 00 01 00 00 00
y11: client 0: event type 22
y11: client 0: request 3372 opcode 12 len 20 bytes: 0c 00 05 00 e3 01 10 00 60 00 10 00 65 02 10 00 01 00 00 00
y11: client 0: event type 22
y11: client 0: request 3373 opcode 12 len 20 bytes: 0c 00 05 00 e1 01 10 00 60 00 10 00 e3 01 10 00 01 00 00 00
y11: client 0: event type 22
y11: client 0: request 3374 opcode 12 len 20 bytes: 0c 00 05 00 de 01 10 00 60 00 10 00 e1 01 10 00 01 00 00 00
y11: client 0: event type 22
y11: client 0: request 3375 opcode 12 len 20 bytes: 0c 00 05 00 dc 01 10 00 60 00 10 00 de 01 10 00 01 00 00 00
y11: client 0: event type 22
y11: client 0: request 3376 opcode 12 len 20 bytes: 0c 00 05 00 da 01 10 00 60 00 10 00 dc 01 10 00 01 00 00 00
y11: client 0: event type 22
y11: client 0: request 3377 opcode 12 len 20 bytes: 0c 00 05 00 d8 01 10 00 60 00 10 00 da 01 10 00 01 00 00 00
y11: client 0: event type 22
y11: client 0: request 3378 opcode 12 len 20 bytes: 0c 00 05 00 d4 01 10 00 60 00 10 00 d8 01 10 00 01 00 00 00
y11: client 0: event type 22
y11: client 0: request 3379 opcode 1 len 48 bytes: 01 18 0c 00 8b 02 10 00 8a 02 10 00 00 00 00 00 02 00 19 00
y11: client 0: request 3380 opcode 1 len 48 bytes: 01 18 0c 00 8c 02 10 00 8a 02 10 00 e9 ff 00 00 19 00 19 00
y11: client 0: request 3381 opcode 12 len 20 bytes: 0c 00 05 00 8b 02 10 00 03 00 00 00 00 00 00 00 00 00 00 00
y11: client 0: request 3382 opcode 12 len 16 bytes: 0c 00 04 00 8b 02 10 00 40 00 0c 00 00 00 00 00
y11: client 0: request 3383 opcode 8 len 8 bytes: 08 00 02 00 8b 02 10 00
y11: client 0: request 3384 opcode 12 len 20 bytes: 0c 00 05 00 8a 02 10 00 0c 00 00 00 01 00 00 00 1a 00 00 00
y11: client 0: event type 22
y11: client 0: request 3385 opcode 12 len 16 bytes: 0c 00 04 00 8a 02 10 00 10 00 00 00 01 00 00 00
y11: client 0: event type 22
y11: client 0: request 3386 opcode 84 len 16 bytes: 54 00 04 00 22 00 00 00 00 00 00 00 00 00 00 00
y11: client 0: reply seq 3386 len 32
y11: client 0: request 3387 opcode 84 len 16 bytes: 54 00 04 00 22 00 00 00 00 00 00 00 00 00 02 00
y11: client 0: reply seq 3387 len 32
y11: client 0: request 3388 opcode 84 len 16 bytes: 54 00 04 00 22 00 00 00 00 ff 00 ff 00 ff 02 00
y11: client 0: reply seq 3388 len 32
y11: client 0: request 3389 opcode 2 len 16 bytes: 02 00 04 00 8a 02 10 00 08 00 00 00 00 00 00 00
y11: client 0: request 3390 opcode 10 len 8 bytes: 0a 00 02 00 8c 02 10 00
y11: client 0: request 3391 opcode 12 len 20 bytes: 0c 00 05 00 8b 02 10 00 03 00 00 00 00 00 00 00 00 00 00 00
y11: client 0: request 3392 opcode 1 len 48 bytes: 01 18 0c 00 8d 02 10 00 8a 02 10 00 00 00 19 00 01 00 0a 00
y11: client 0: request 3393 opcode 8 len 8 bytes: 08 00 02 00 8d 02 10 00
y11: client 0: request 3394 opcode 12 len 20 bytes: 0c 00 05 00 73 02 10 00 03 00 00 00 5d 00 00 00 00 00 00 00
y11: client 0: request 3395 opcode 12 len 20 bytes: 0c 00 05 00 72 02 10 00 03 00 10 00 00 00 00 00 00 00 00 00
y11: client 0: request 3396 opcode 12 len 16 bytes: 0c 00 04 00 71 02 10 00 10 00 10 00 01 00 00 00
y11: client 0: event type 22
y11: client 0: request 3397 opcode 84 len 16 bytes: 54 00 04 00 22 00 00 00 00 00 00 00 00 00 00 00
y11: client 0: reply seq 3397 len 32
y11: client 0: request 3398 opcode 84 len 16 bytes: 54 00 04 00 22 00 00 00 00 00 00 00 00 00 00 00
y11: client 0: reply seq 3398 len 32
y11: client 0: request 3399 opcode 84 len 16 bytes: 54 00 04 00 22 00 00 00 00 ff 00 ff 00 ff 00 00
y11: client 0: reply seq 3399 len 32
y11: client 0: request 3400 opcode 2 len 16 bytes: 02 00 04 00 71 02 10 00 08 00 00 00 00 00 00 00
y11: client 0: request 3401 opcode 139 len 100 bytes: 8b 14 19 00 e0 01 10 00 01 00 00 00 29 00 00 00 05 00 09 00
y11: client 0: request 3402 opcode 12 len 28 bytes: 0c 00 07 00 74 02 10 00 0f 00 00 00 00 00 00 00 19 00 00 00
y11: client 0: request 3403 opcode 12 len 20 bytes: 0c 00 05 00 71 02 10 00 0c 00 10 00 75 00 00 00 5d 00 00 00
y11: client 0: event type 22
y11: client 0: request 3404 opcode 2 len 16 bytes: 02 00 04 00 74 02 10 00 02 00 00 00 aa aa aa 00
y11: client 0: request 3405 opcode 61 len 16 bytes: 3d 00 04 00 74 02 10 00 00 00 00 00 00 00 00 00
y11: client 0: request 3406 opcode 12 len 20 bytes: 0c 00 05 00 6f 02 10 00 03 00 00 00 5d 00 00 00 00 00 00 00
y11: client 0: request 3407 opcode 12 len 20 bytes: 0c 00 05 00 6e 02 10 00 03 00 00 00 00 00 00 00 00 00 00 00
y11: client 0: request 3408 opcode 12 len 16 bytes: 0c 00 04 00 6d 02 10 00 10 00 00 00 01 00 00 00
y11: client 0: event type 22
y11: client 0: request 3409 opcode 84 len 16 bytes: 54 00 04 00 22 00 00 00 00 00 00 00 00 00 00 00
y11: client 0: reply seq 3409 len 32
y11: client 0: request 3410 opcode 84 len 16 bytes: 54 00 04 00 22 00 00 00 00 00 00 00 00 00 00 00
y11: client 0: reply seq 3410 len 32
y11: client 0: request 3411 opcode 84 len 16 bytes: 54 00 04 00 22 00 00 00 00 ff 00 ff 00 ff 00 00
y11: client 0: reply seq 3411 len 32
y11: client 0: request 3412 opcode 2 len 16 bytes: 02 00 04 00 6d 02 10 00 08 00 00 00 00 00 00 00
y11: client 0: request 3413 opcode 12 len 28 bytes: 0c 00 07 00 70 02 10 00 0f 00 00 00 00 00 00 00 19 00 00 00
y11: client 0: request 3414 opcode 12 len 20 bytes: 0c 00 05 00 6d 02 10 00 0c 00 04 04 75 00 00 00 5d 00 00 00
y11: client 0: event type 22
y11: client 0: request 3415 opcode 2 len 16 bytes: 02 00 04 00 70 02 10 00 02 00 00 00 aa aa aa 00
y11: client 0: request 3416 opcode 61 len 16 bytes: 3d 00 04 00 70 02 10 00 00 00 00 00 00 00 00 00
y11: client 0: request 3417 opcode 1 len 52 bytes: 01 18 0d 00 8e 02 10 00 21 00 00 00 08 00 02 00 01 00 01 00
y11: client 0: event type 16
y11: client 0: request 3418 opcode 61 len 16 bytes: 3d 00 04 00 8e 02 10 00 00 00 00 00 00 00 00 00
y11: client 0: request 3419 opcode 12 len 20 bytes: 0c 00 05 00 8a 02 10 00 60 00 00 00 8e 02 10 00 01 00 00 00
y11: client 0: event type 22
y11: client 0: request 3420 opcode 12 len 20 bytes: 0c 00 05 00 86 02 10 00 60 00 00 00 8a 02 10 00 01 00 00 00
y11: client 0: event type 22
y11: client 0: request 3421 opcode 12 len 20 bytes: 0c 00 05 00 82 02 10 00 60 00 00 00 86 02 10 00 01 00 00 00
y11: client 0: event type 22
y11: client 0: request 3422 opcode 12 len 20 bytes: 0c 00 05 00 7e 02 10 00 60 00 00 00 82 02 10 00 01 00 00 00
y11: client 0: event type 22
y11: client 0: request 3423 opcode 12 len 20 bytes: 0c 00 05 00 79 02 10 00 60 00 04 00 7e 02 10 00 01 00 00 00
y11: client 0: event type 22
y11: client 0: request 3424 opcode 12 len 20 bytes: 0c 00 05 00 75 02 10 00 60 00 10 00 79 02 10 00 01 00 00 00
y11: client 0: event type 22
y11: client 0: request 3425 opcode 12 len 20 bytes: 0c 00 05 00 71 02 10 00 60 00 10 00 75 02 10 00 01 00 00 00
y11: client 0: event type 22
y11: client 0: request 3426 opcode 12 len 20 bytes: 0c 00 05 00 6d 02 10 00 60 00 10 00 71 02 10 00 01 00 00 00
y11: client 0: event type 22
y11: client 0: request 3427 opcode 12 len 20 bytes: 0c 00 05 00 69 02 10 00 60 00 10 00 6d 02 10 00 01 00 00 00
y11: client 0: event type 22
y11: client 0: request 3428 opcode 12 len 20 bytes: 0c 00 05 00 65 02 10 00 60 00 10 00 69 02 10 00 01 00 00 00
y11: client 0: event type 22
y11: client 0: request 3429 opcode 12 len 20 bytes: 0c 00 05 00 e3 01 10 00 60 00 10 00 65 02 10 00 01 00 00 00
y11: client 0: event type 22
y11: client 0: request 3430 opcode 12 len 20 bytes: 0c 00 05 00 e1 01 10 00 60 00 10 00 e3 01 10 00 01 00 00 00
y11: client 0: event type 22
y11: client 0: request 3431 opcode 12 len 20 bytes: 0c 00 05 00 de 01 10 00 60 00 00 00 e1 01 10 00 01 00 00 00
y11: client 0: event type 22
y11: client 0: request 3432 opcode 12 len 20 bytes: 0c 00 05 00 dc 01 10 00 60 00 00 00 de 01 10 00 01 00 00 00
y11: client 0: event type 22
y11: client 0: request 3433 opcode 12 len 20 bytes: 0c 00 05 00 da 01 10 00 60 00 19 00 dc 01 10 00 01 00 00 00
y11: client 0: event type 22
y11: client 0: request 3434 opcode 12 len 20 bytes: 0c 00 05 00 d8 01 10 00 60 00 00 00 da 01 10 00 01 00 00 00
y11: client 0: event type 22
y11: client 0: request 3435 opcode 12 len 20 bytes: 0c 00 05 00 d4 01 10 00 60 00 00 00 d8 01 10 00 01 00 00 00
y11: client 0: event type 22
y11: client 0: request 3436 opcode 1 len 48 bytes: 01 18 0c 00 8f 02 10 00 8e 02 10 00 00 00 00 00 02 00 19 00
y11: client 0: request 3437 opcode 1 len 48 bytes: 01 18 0c 00 90 02 10 00 8e 02 10 00 e9 ff 00 00 19 00 19 00
y11: client 0: request 3438 opcode 12 len 20 bytes: 0c 00 05 00 8f 02 10 00 03 00 10 00 00 00 00 00 00 00 00 00
y11: client 0: request 3439 opcode 12 len 16 bytes: 0c 00 04 00 8f 02 10 00 40 00 10 00 00 00 00 00
y11: client 0: request 3440 opcode 8 len 8 bytes: 08 00 02 00 8f 02 10 00
y11: client 0: request 3441 opcode 12 len 20 bytes: 0c 00 05 00 8e 02 10 00 0c 00 00 00 01 00 00 00 1a 00 00 00
y11: client 0: event type 22
y11: client 0: request 3442 opcode 12 len 16 bytes: 0c 00 04 00 8e 02 10 00 10 00 00 00 01 00 00 00
y11: client 0: event type 22
y11: client 0: request 3443 opcode 84 len 16 bytes: 54 00 04 00 22 00 00 00 00 00 00 00 00 00 dd f6
y11: client 0: reply seq 3443 len 32
y11: client 0: request 3444 opcode 84 len 16 bytes: 54 00 04 00 22 00 00 00 00 00 00 00 00 00 00 00
y11: client 0: reply seq 3444 len 32
y11: client 0: request 3445 opcode 84 len 16 bytes: 54 00 04 00 22 00 00 00 00 ff 00 ff 00 ff 00 00
y11: client 0: reply seq 3445 len 32
y11: client 0: request 3446 opcode 2 len 16 bytes: 02 00 04 00 8e 02 10 00 08 00 00 00 00 00 00 00
y11: client 0: request 3447 opcode 10 len 8 bytes: 0a 00 02 00 90 02 10 00
y11: client 0: request 3448 opcode 12 len 20 bytes: 0c 00 05 00 8f 02 10 00 03 00 00 00 00 00 00 00 00 00 00 00
y11: client 0: request 3449 opcode 1 len 48 bytes: 01 18 0c 00 91 02 10 00 8e 02 10 00 00 00 19 00 01 00 0a 00
y11: client 0: request 3450 opcode 8 len 8 bytes: 08 00 02 00 91 02 10 00
y11: client 0: request 3451 opcode 1 len 52 bytes: 01 18 0d 00 92 02 10 00 21 00 00 00 08 00 02 00 01 00 01 00
y11: client 0: event type 16
y11: client 0: request 3452 opcode 61 len 16 bytes: 3d 00 04 00 92 02 10 00 00 00 00 00 00 00 00 00
y11: client 0: request 3453 opcode 12 len 20 bytes: 0c 00 05 00 8e 02 10 00 60 00 e2 97 92 02 10 00 01 00 00 00
y11: client 0: event type 22
y11: client 0: request 3454 opcode 12 len 20 bytes: 0c 00 05 00 8a 02 10 00 60 00 10 00 8e 02 10 00 01 00 00 00
y11: client 0: event type 22
y11: client 0: request 3455 opcode 12 len 20 bytes: 0c 00 05 00 86 02 10 00 60 00 00 00 8a 02 10 00 01 00 00 00
y11: client 0: event type 22
y11: client 0: request 3456 opcode 12 len 20 bytes: 0c 00 05 00 82 02 10 00 60 00 10 00 86 02 10 00 01 00 00 00
y11: client 0: event type 22
y11: client 0: request 3457 opcode 12 len 20 bytes: 0c 00 05 00 7e 02 10 00 60 00 00 00 82 02 10 00 01 00 00 00
y11: client 0: event type 22
y11: client 0: request 3458 opcode 12 len 20 bytes: 0c 00 05 00 79 02 10 00 60 00 10 00 7e 02 10 00 01 00 00 00
y11: client 0: event type 22
y11: client 0: request 3459 opcode 12 len 20 bytes: 0c 00 05 00 75 02 10 00 60 00 10 00 79 02 10 00 01 00 00 00
y11: client 0: event type 22
y11: client 0: request 3460 opcode 12 len 20 bytes: 0c 00 05 00 71 02 10 00 60 00 10 00 75 02 10 00 01 00 00 00
y11: client 0: event type 22
y11: client 0: request 3461 opcode 12 len 20 bytes: 0c 00 05 00 6d 02 10 00 60 00 10 00 71 02 10 00 01 00 00 00
y11: client 0: event type 22
y11: client 0: request 3462 opcode 12 len 20 bytes: 0c 00 05 00 69 02 10 00 60 00 10 00 6d 02 10 00 01 00 00 00
y11: client 0: event type 22
y11: client 0: request 3463 opcode 12 len 20 bytes: 0c 00 05 00 65 02 10 00 60 00 10 00 69 02 10 00 01 00 00 00
y11: client 0: event type 22
y11: client 0: request 3464 opcode 12 len 20 bytes: 0c 00 05 00 e3 01 10 00 60 00 10 00 65 02 10 00 01 00 00 00
y11: client 0: event type 22
y11: client 0: request 3465 opcode 12 len 20 bytes: 0c 00 05 00 e1 01 10 00 60 00 10 00 e3 01 10 00 01 00 00 00
y11: client 0: event type 22
y11: client 0: request 3466 opcode 12 len 20 bytes: 0c 00 05 00 de 01 10 00 60 00 10 00 e1 01 10 00 01 00 00 00
y11: client 0: event type 22
y11: client 0: request 3467 opcode 12 len 20 bytes: 0c 00 05 00 dc 01 10 00 60 00 10 00 de 01 10 00 01 00 00 00
y11: client 0: event type 22
y11: client 0: request 3468 opcode 12 len 20 bytes: 0c 00 05 00 da 01 10 00 60 00 10 00 dc 01 10 00 01 00 00 00
y11: client 0: event type 22
y11: client 0: request 3469 opcode 12 len 20 bytes: 0c 00 05 00 d8 01 10 00 60 00 10 00 da 01 10 00 01 00 00 00
y11: client 0: event type 22
y11: client 0: request 3470 opcode 12 len 20 bytes: 0c 00 05 00 d4 01 10 00 60 00 10 00 d8 01 10 00 01 00 00 00
y11: client 0: event type 22
y11: client 0: request 3471 opcode 1 len 48 bytes: 01 18 0c 00 93 02 10 00 92 02 10 00 00 00 00 00 02 00 19 00
y11: client 0: request 3472 opcode 1 len 48 bytes: 01 18 0c 00 94 02 10 00 92 02 10 00 e9 ff 00 00 19 00 19 00
y11: client 0: request 3473 opcode 12 len 20 bytes: 0c 00 05 00 93 02 10 00 03 00 00 00 00 00 00 00 00 00 00 00
y11: client 0: request 3474 opcode 12 len 16 bytes: 0c 00 04 00 93 02 10 00 40 00 0c 00 00 00 00 00
y11: client 0: request 3475 opcode 8 len 8 bytes: 08 00 02 00 93 02 10 00
y11: client 0: request 3476 opcode 12 len 20 bytes: 0c 00 05 00 92 02 10 00 0c 00 00 00 01 00 00 00 1a 00 00 00
y11: client 0: event type 22
y11: client 0: request 3477 opcode 12 len 16 bytes: 0c 00 04 00 92 02 10 00 10 00 00 00 01 00 00 00
y11: client 0: event type 22
y11: client 0: request 3478 opcode 84 len 16 bytes: 54 00 04 00 22 00 00 00 00 00 00 00 00 00 00 00
y11: client 0: reply seq 3478 len 32
y11: client 0: request 3479 opcode 84 len 16 bytes: 54 00 04 00 22 00 00 00 00 00 00 00 00 00 02 00
y11: client 0: reply seq 3479 len 32
y11: client 0: request 3480 opcode 84 len 16 bytes: 54 00 04 00 22 00 00 00 00 ff 00 ff 00 ff 02 00
y11: client 0: reply seq 3480 len 32
y11: client 0: request 3481 opcode 2 len 16 bytes: 02 00 04 00 92 02 10 00 08 00 00 00 00 00 00 00
y11: client 0: request 3482 opcode 10 len 8 bytes: 0a 00 02 00 94 02 10 00
y11: client 0: request 3483 opcode 12 len 20 bytes: 0c 00 05 00 93 02 10 00 03 00 00 00 00 00 00 00 00 00 00 00
y11: client 0: request 3484 opcode 1 len 48 bytes: 01 18 0c 00 95 02 10 00 92 02 10 00 00 00 19 00 01 00 0a 00
y11: client 0: request 3485 opcode 8 len 8 bytes: 08 00 02 00 95 02 10 00
y11: client 0: request 3486 opcode 12 len 20 bytes: 0c 00 05 00 73 02 10 00 03 00 00 00 5d 00 00 00 00 00 00 00
y11: client 0: request 3487 opcode 12 len 20 bytes: 0c 00 05 00 72 02 10 00 03 00 10 00 00 00 00 00 00 00 00 00
y11: client 0: request 3488 opcode 12 len 16 bytes: 0c 00 04 00 71 02 10 00 10 00 10 00 01 00 00 00
y11: client 0: event type 22
y11: client 0: request 3489 opcode 84 len 16 bytes: 54 00 04 00 22 00 00 00 00 00 00 00 00 00 00 00
y11: client 0: reply seq 3489 len 32
y11: client 0: request 3490 opcode 84 len 16 bytes: 54 00 04 00 22 00 00 00 00 00 00 00 00 00 00 00
y11: client 0: reply seq 3490 len 32
y11: client 0: request 3491 opcode 84 len 16 bytes: 54 00 04 00 22 00 00 00 00 ff 00 ff 00 ff 00 00
y11: client 0: reply seq 3491 len 32
y11: client 0: request 3492 opcode 2 len 16 bytes: 02 00 04 00 71 02 10 00 08 00 00 00 00 00 00 00
y11: client 0: request 3493 opcode 139 len 100 bytes: 8b 14 19 00 e0 01 10 00 01 00 00 00 2a 00 00 00 08 00 09 00
y11: client 0: request 3494 opcode 12 len 28 bytes: 0c 00 07 00 74 02 10 00 0f 00 00 00 00 00 00 00 19 00 00 00
y11: client 0: request 3495 opcode 12 len 20 bytes: 0c 00 05 00 71 02 10 00 0c 00 10 00 75 00 00 00 74 00 00 00
y11: client 0: event type 22
y11: client 0: request 3496 opcode 2 len 16 bytes: 02 00 04 00 74 02 10 00 02 00 00 00 aa aa aa 00
y11: client 0: request 3497 opcode 61 len 16 bytes: 3d 00 04 00 74 02 10 00 00 00 00 00 00 00 00 00
y11: client 0: request 3498 opcode 12 len 20 bytes: 0c 00 05 00 6f 02 10 00 03 00 00 00 5d 00 00 00 00 00 00 00
y11: client 0: request 3499 opcode 12 len 20 bytes: 0c 00 05 00 6e 02 10 00 03 00 00 00 00 00 00 00 00 00 00 00
y11: client 0: request 3500 opcode 12 len 16 bytes: 0c 00 04 00 6d 02 10 00 10 00 00 00 01 00 00 00
y11: client 0: event type 22
y11: client 0: request 3501 opcode 84 len 16 bytes: 54 00 04 00 22 00 00 00 00 00 00 00 00 00 00 00
y11: client 0: reply seq 3501 len 32
y11: client 0: request 3502 opcode 84 len 16 bytes: 54 00 04 00 22 00 00 00 00 00 00 00 00 00 00 00
y11: client 0: reply seq 3502 len 32
y11: client 0: request 3503 opcode 84 len 16 bytes: 54 00 04 00 22 00 00 00 00 ff 00 ff 00 ff 00 00
y11: client 0: reply seq 3503 len 32
y11: client 0: request 3504 opcode 2 len 16 bytes: 02 00 04 00 6d 02 10 00 08 00 00 00 00 00 00 00
y11: client 0: request 3505 opcode 12 len 28 bytes: 0c 00 07 00 70 02 10 00 0f 00 00 00 00 00 00 00 19 00 00 00
y11: client 0: request 3506 opcode 12 len 20 bytes: 0c 00 05 00 6d 02 10 00 0c 00 f0 6b 75 00 00 00 74 00 00 00
y11: client 0: event type 22
y11: client 0: request 3507 opcode 2 len 16 bytes: 02 00 04 00 70 02 10 00 02 00 00 00 aa aa aa 00
y11: client 0: request 3508 opcode 61 len 16 bytes: 3d 00 04 00 70 02 10 00 00 00 00 00 00 00 00 00
y11: client 0: request 3509 opcode 1 len 52 bytes: 01 18 0d 00 96 02 10 00 21 00 00 00 08 00 02 00 01 00 01 00
y11: client 0: event type 16
y11: client 0: request 3510 opcode 61 len 16 bytes: 3d 00 04 00 96 02 10 00 00 00 00 00 00 00 00 00
y11: client 0: request 3511 opcode 12 len 20 bytes: 0c 00 05 00 92 02 10 00 60 00 00 00 96 02 10 00 01 00 00 00
y11: client 0: event type 22
y11: client 0: request 3512 opcode 12 len 20 bytes: 0c 00 05 00 8e 02 10 00 60 00 00 00 92 02 10 00 01 00 00 00
y11: client 0: event type 22
y11: client 0: request 3513 opcode 12 len 20 bytes: 0c 00 05 00 8a 02 10 00 60 00 00 00 8e 02 10 00 01 00 00 00
y11: client 0: event type 22
y11: client 0: request 3514 opcode 12 len 20 bytes: 0c 00 05 00 86 02 10 00 60 00 00 00 8a 02 10 00 01 00 00 00
y11: client 0: event type 22
y11: client 0: request 3515 opcode 12 len 20 bytes: 0c 00 05 00 82 02 10 00 60 00 04 00 86 02 10 00 01 00 00 00
y11: client 0: event type 22
y11: client 0: request 3516 opcode 12 len 20 bytes: 0c 00 05 00 7e 02 10 00 60 00 10 00 82 02 10 00 01 00 00 00
y11: client 0: event type 22
y11: client 0: request 3517 opcode 12 len 20 bytes: 0c 00 05 00 79 02 10 00 60 00 10 00 7e 02 10 00 01 00 00 00
y11: client 0: event type 22
y11: client 0: request 3518 opcode 12 len 20 bytes: 0c 00 05 00 75 02 10 00 60 00 10 00 79 02 10 00 01 00 00 00
y11: client 0: event type 22
y11: client 0: request 3519 opcode 12 len 20 bytes: 0c 00 05 00 71 02 10 00 60 00 10 00 75 02 10 00 01 00 00 00
y11: client 0: event type 22
y11: client 0: request 3520 opcode 12 len 20 bytes: 0c 00 05 00 6d 02 10 00 60 00 10 00 71 02 10 00 01 00 00 00
y11: client 0: event type 22
y11: client 0: request 3521 opcode 12 len 20 bytes: 0c 00 05 00 69 02 10 00 60 00 10 00 6d 02 10 00 01 00 00 00
y11: client 0: event type 22
y11: client 0: request 3522 opcode 12 len 20 bytes: 0c 00 05 00 65 02 10 00 60 00 10 00 69 02 10 00 01 00 00 00
y11: client 0: event type 22
y11: client 0: request 3523 opcode 12 len 20 bytes: 0c 00 05 00 e3 01 10 00 60 00 10 00 65 02 10 00 01 00 00 00
y11: client 0: event type 22
y11: client 0: request 3524 opcode 12 len 20 bytes: 0c 00 05 00 e1 01 10 00 60 00 10 00 e3 01 10 00 01 00 00 00
y11: client 0: event type 22
y11: client 0: request 3525 opcode 12 len 20 bytes: 0c 00 05 00 de 01 10 00 60 00 00 00 e1 01 10 00 01 00 00 00
y11: client 0: event type 22
y11: client 0: request 3526 opcode 12 len 20 bytes: 0c 00 05 00 dc 01 10 00 60 00 00 00 de 01 10 00 01 00 00 00
y11: client 0: event type 22
y11: client 0: request 3527 opcode 12 len 20 bytes: 0c 00 05 00 da 01 10 00 60 00 19 00 dc 01 10 00 01 00 00 00
y11: client 0: event type 22
y11: client 0: request 3528 opcode 12 len 20 bytes: 0c 00 05 00 d8 01 10 00 60 00 00 00 da 01 10 00 01 00 00 00
y11: client 0: event type 22
y11: client 0: request 3529 opcode 12 len 20 bytes: 0c 00 05 00 d4 01 10 00 60 00 00 00 d8 01 10 00 01 00 00 00
y11: client 0: event type 22
y11: client 0: request 3530 opcode 1 len 48 bytes: 01 18 0c 00 97 02 10 00 96 02 10 00 00 00 00 00 02 00 19 00
y11: client 0: request 3531 opcode 1 len 48 bytes: 01 18 0c 00 98 02 10 00 96 02 10 00 e9 ff 00 00 19 00 19 00
y11: client 0: request 3532 opcode 12 len 20 bytes: 0c 00 05 00 97 02 10 00 03 00 10 00 00 00 00 00 00 00 00 00
y11: client 0: request 3533 opcode 12 len 16 bytes: 0c 00 04 00 97 02 10 00 40 00 10 00 00 00 00 00
y11: client 0: request 3534 opcode 8 len 8 bytes: 08 00 02 00 97 02 10 00
y11: client 0: request 3535 opcode 12 len 20 bytes: 0c 00 05 00 96 02 10 00 0c 00 dd f6 01 00 00 00 1a 00 00 00
y11: client 0: event type 22
y11: client 0: request 3536 opcode 12 len 16 bytes: 0c 00 04 00 96 02 10 00 10 00 00 00 01 00 00 00
y11: client 0: event type 22
y11: client 0: request 3537 opcode 84 len 16 bytes: 54 00 04 00 22 00 00 00 00 00 00 00 00 00 01 00
y11: client 0: reply seq 3537 len 32
y11: client 0: request 3538 opcode 84 len 16 bytes: 54 00 04 00 22 00 00 00 00 00 00 00 00 00 00 00
y11: client 0: reply seq 3538 len 32
y11: client 0: request 3539 opcode 84 len 16 bytes: 54 00 04 00 22 00 00 00 00 ff 00 ff 00 ff 00 00
y11: client 0: reply seq 3539 len 32
y11: client 0: request 3540 opcode 2 len 16 bytes: 02 00 04 00 96 02 10 00 08 00 00 00 00 00 00 00
y11: client 0: request 3541 opcode 10 len 8 bytes: 0a 00 02 00 98 02 10 00
y11: client 0: request 3542 opcode 12 len 20 bytes: 0c 00 05 00 97 02 10 00 03 00 00 00 00 00 00 00 00 00 00 00
y11: client 0: request 3543 opcode 1 len 48 bytes: 01 18 0c 00 99 02 10 00 96 02 10 00 00 00 19 00 01 00 0a 00
y11: client 0: request 3544 opcode 8 len 8 bytes: 08 00 02 00 99 02 10 00
y11: client 0: request 3545 opcode 1 len 52 bytes: 01 18 0d 00 9a 02 10 00 21 00 00 00 08 00 02 00 01 00 01 00
y11: client 0: event type 16
y11: client 0: request 3546 opcode 61 len 16 bytes: 3d 00 04 00 9a 02 10 00 00 00 00 00 00 00 00 00
y11: client 0: request 3547 opcode 12 len 20 bytes: 0c 00 05 00 96 02 10 00 60 00 e2 97 9a 02 10 00 01 00 00 00
y11: client 0: event type 22
y11: client 0: request 3548 opcode 12 len 20 bytes: 0c 00 05 00 92 02 10 00 60 00 10 00 96 02 10 00 01 00 00 00
y11: client 0: event type 22
y11: client 0: request 3549 opcode 12 len 20 bytes: 0c 00 05 00 8e 02 10 00 60 00 00 00 92 02 10 00 01 00 00 00
y11: client 0: event type 22
y11: client 0: request 3550 opcode 12 len 20 bytes: 0c 00 05 00 8a 02 10 00 60 00 10 00 8e 02 10 00 01 00 00 00
y11: client 0: event type 22
y11: client 0: request 3551 opcode 12 len 20 bytes: 0c 00 05 00 86 02 10 00 60 00 00 00 8a 02 10 00 01 00 00 00
y11: client 0: event type 22
y11: client 0: request 3552 opcode 12 len 20 bytes: 0c 00 05 00 82 02 10 00 60 00 10 00 86 02 10 00 01 00 00 00
y11: client 0: event type 22
y11: client 0: request 3553 opcode 12 len 20 bytes: 0c 00 05 00 7e 02 10 00 60 00 10 00 82 02 10 00 01 00 00 00
y11: client 0: event type 22
y11: client 0: request 3554 opcode 12 len 20 bytes: 0c 00 05 00 79 02 10 00 60 00 10 00 7e 02 10 00 01 00 00 00
y11: client 0: event type 22
y11: client 0: request 3555 opcode 12 len 20 bytes: 0c 00 05 00 75 02 10 00 60 00 10 00 79 02 10 00 01 00 00 00
y11: client 0: event type 22
y11: client 0: request 3556 opcode 12 len 20 bytes: 0c 00 05 00 71 02 10 00 60 00 10 00 75 02 10 00 01 00 00 00
y11: client 0: event type 22
y11: client 0: request 3557 opcode 12 len 20 bytes: 0c 00 05 00 6d 02 10 00 60 00 10 00 71 02 10 00 01 00 00 00
y11: client 0: event type 22
y11: client 0: request 3558 opcode 12 len 20 bytes: 0c 00 05 00 69 02 10 00 60 00 10 00 6d 02 10 00 01 00 00 00
y11: client 0: event type 22
y11: client 0: request 3559 opcode 12 len 20 bytes: 0c 00 05 00 65 02 10 00 60 00 10 00 69 02 10 00 01 00 00 00
y11: client 0: event type 22
y11: client 0: request 3560 opcode 12 len 20 bytes: 0c 00 05 00 e3 01 10 00 60 00 10 00 65 02 10 00 01 00 00 00
y11: client 0: event type 22
y11: client 0: request 3561 opcode 12 len 20 bytes: 0c 00 05 00 e1 01 10 00 60 00 10 00 e3 01 10 00 01 00 00 00
y11: client 0: event type 22
y11: client 0: request 3562 opcode 12 len 20 bytes: 0c 00 05 00 de 01 10 00 60 00 10 00 e1 01 10 00 01 00 00 00
y11: client 0: event type 22
y11: client 0: request 3563 opcode 12 len 20 bytes: 0c 00 05 00 dc 01 10 00 60 00 10 00 de 01 10 00 01 00 00 00
y11: client 0: event type 22
y11: client 0: request 3564 opcode 12 len 20 bytes: 0c 00 05 00 da 01 10 00 60 00 10 00 dc 01 10 00 01 00 00 00
y11: client 0: event type 22
y11: client 0: request 3565 opcode 12 len 20 bytes: 0c 00 05 00 d8 01 10 00 60 00 10 00 da 01 10 00 01 00 00 00
y11: client 0: event type 22
y11: client 0: request 3566 opcode 12 len 20 bytes: 0c 00 05 00 d4 01 10 00 60 00 10 00 d8 01 10 00 01 00 00 00
y11: client 0: event type 22
y11: client 0: request 3567 opcode 1 len 48 bytes: 01 18 0c 00 9b 02 10 00 9a 02 10 00 00 00 00 00 02 00 19 00
y11: client 0: request 3568 opcode 1 len 48 bytes: 01 18 0c 00 9c 02 10 00 9a 02 10 00 e9 ff 00 00 19 00 19 00
y11: client 0: request 3569 opcode 12 len 20 bytes: 0c 00 05 00 9b 02 10 00 03 00 00 00 00 00 00 00 00 00 00 00
y11: client 0: request 3570 opcode 12 len 16 bytes: 0c 00 04 00 9b 02 10 00 40 00 0c 00 00 00 00 00
y11: client 0: request 3571 opcode 8 len 8 bytes: 08 00 02 00 9b 02 10 00
y11: client 0: request 3572 opcode 12 len 20 bytes: 0c 00 05 00 9a 02 10 00 0c 00 00 00 01 00 00 00 1a 00 00 00
y11: client 0: event type 22
y11: client 0: request 3573 opcode 12 len 16 bytes: 0c 00 04 00 9a 02 10 00 10 00 00 00 01 00 00 00
y11: client 0: event type 22
y11: client 0: request 3574 opcode 84 len 16 bytes: 54 00 04 00 22 00 00 00 00 00 00 00 00 00 00 00
y11: client 0: reply seq 3574 len 32
y11: client 0: request 3575 opcode 84 len 16 bytes: 54 00 04 00 22 00 00 00 00 00 00 00 00 00 02 00
y11: client 0: reply seq 3575 len 32
y11: client 0: request 3576 opcode 84 len 16 bytes: 54 00 04 00 22 00 00 00 00 ff 00 ff 00 ff 02 00
y11: client 0: reply seq 3576 len 32
y11: client 0: request 3577 opcode 2 len 16 bytes: 02 00 04 00 9a 02 10 00 08 00 00 00 00 00 00 00
y11: client 0: request 3578 opcode 10 len 8 bytes: 0a 00 02 00 9c 02 10 00
y11: client 0: request 3579 opcode 12 len 20 bytes: 0c 00 05 00 9b 02 10 00 03 00 00 00 00 00 00 00 00 00 00 00
y11: client 0: request 3580 opcode 1 len 48 bytes: 01 18 0c 00 9d 02 10 00 9a 02 10 00 00 00 19 00 01 00 0a 00
y11: client 0: request 3581 opcode 8 len 8 bytes: 08 00 02 00 9d 02 10 00
y11: client 0: request 3582 opcode 12 len 20 bytes: 0c 00 05 00 73 02 10 00 03 00 00 00 5d 00 00 00 00 00 00 00
y11: client 0: request 3583 opcode 12 len 20 bytes: 0c 00 05 00 72 02 10 00 03 00 10 00 00 00 00 00 00 00 00 00
y11: client 0: request 3584 opcode 12 len 16 bytes: 0c 00 04 00 71 02 10 00 10 00 10 00 01 00 00 00
y11: client 0: event type 22
y11: client 0: request 3585 opcode 84 len 16 bytes: 54 00 04 00 22 00 00 00 00 00 00 00 00 00 00 00
y11: client 0: reply seq 3585 len 32
y11: client 0: request 3586 opcode 84 len 16 bytes: 54 00 04 00 22 00 00 00 00 00 00 00 00 00 00 00
y11: client 0: reply seq 3586 len 32
y11: client 0: request 3587 opcode 84 len 16 bytes: 54 00 04 00 22 00 00 00 00 ff 00 ff 00 ff 00 00
y11: client 0: reply seq 3587 len 32
y11: client 0: request 3588 opcode 2 len 16 bytes: 02 00 04 00 71 02 10 00 08 00 00 00 00 00 00 00
y11: client 0: request 3589 opcode 139 len 100 bytes: 8b 14 19 00 e0 01 10 00 01 00 00 00 28 00 00 00 05 00 09 00
y11: client 0: request 3590 opcode 12 len 28 bytes: 0c 00 07 00 74 02 10 00 0f 00 00 00 00 00 00 00 19 00 00 00
y11: client 0: request 3591 opcode 12 len 20 bytes: 0c 00 05 00 71 02 10 00 0c 00 10 00 75 00 00 00 8b 00 00 00
y11: client 0: event type 22
y11: client 0: request 3592 opcode 2 len 16 bytes: 02 00 04 00 74 02 10 00 02 00 00 00 aa aa aa 00
y11: client 0: request 3593 opcode 61 len 16 bytes: 3d 00 04 00 74 02 10 00 00 00 00 00 00 00 00 00
y11: client 0: request 3594 opcode 12 len 20 bytes: 0c 00 05 00 6f 02 10 00 03 00 00 00 5d 00 00 00 00 00 00 00
y11: client 0: request 3595 opcode 12 len 20 bytes: 0c 00 05 00 6e 02 10 00 03 00 00 00 00 00 00 00 00 00 00 00
y11: client 0: request 3596 opcode 12 len 16 bytes: 0c 00 04 00 6d 02 10 00 10 00 00 00 01 00 00 00
y11: client 0: event type 22
y11: client 0: request 3597 opcode 84 len 16 bytes: 54 00 04 00 22 00 00 00 00 00 00 00 00 00 00 00
y11: client 0: reply seq 3597 len 32
y11: client 0: request 3598 opcode 84 len 16 bytes: 54 00 04 00 22 00 00 00 00 00 00 00 00 00 00 00
y11: client 0: reply seq 3598 len 32
y11: client 0: request 3599 opcode 84 len 16 bytes: 54 00 04 00 22 00 00 00 00 ff 00 ff 00 ff 00 00
y11: client 0: reply seq 3599 len 32
y11: client 0: request 3600 opcode 2 len 16 bytes: 02 00 04 00 6d 02 10 00 08 00 00 00 00 00 00 00
y11: client 0: request 3601 opcode 12 len 28 bytes: 0c 00 07 00 70 02 10 00 0f 00 00 00 00 00 00 00 19 00 00 00
y11: client 0: request 3602 opcode 12 len 20 bytes: 0c 00 05 00 6d 02 10 00 0c 00 04 04 75 00 00 00 8b 00 00 00
y11: client 0: event type 22
y11: client 0: request 3603 opcode 2 len 16 bytes: 02 00 04 00 70 02 10 00 02 00 00 00 aa aa aa 00
y11: client 0: request 3604 opcode 61 len 16 bytes: 3d 00 04 00 70 02 10 00 00 00 00 00 00 00 00 00
y11: client 0: request 3605 opcode 1 len 52 bytes: 01 18 0d 00 9e 02 10 00 21 00 00 00 08 00 02 00 01 00 01 00
y11: client 0: event type 16
y11: client 0: request 3606 opcode 61 len 16 bytes: 3d 00 04 00 9e 02 10 00 00 00 00 00 00 00 00 00
y11: client 0: request 3607 opcode 12 len 20 bytes: 0c 00 05 00 9a 02 10 00 60 00 00 00 9e 02 10 00 01 00 00 00
y11: client 0: event type 22
y11: client 0: request 3608 opcode 12 len 20 bytes: 0c 00 05 00 96 02 10 00 60 00 00 00 9a 02 10 00 01 00 00 00
y11: client 0: event type 22
y11: client 0: request 3609 opcode 12 len 20 bytes: 0c 00 05 00 92 02 10 00 60 00 00 00 96 02 10 00 01 00 00 00
y11: client 0: event type 22
y11: client 0: request 3610 opcode 12 len 20 bytes: 0c 00 05 00 8e 02 10 00 60 00 00 00 92 02 10 00 01 00 00 00
y11: client 0: event type 22
y11: client 0: request 3611 opcode 12 len 20 bytes: 0c 00 05 00 8a 02 10 00 60 00 04 00 8e 02 10 00 01 00 00 00
y11: client 0: event type 22
y11: client 0: request 3612 opcode 12 len 20 bytes: 0c 00 05 00 86 02 10 00 60 00 10 00 8a 02 10 00 01 00 00 00
y11: client 0: event type 22
y11: client 0: request 3613 opcode 12 len 20 bytes: 0c 00 05 00 82 02 10 00 60 00 10 00 86 02 10 00 01 00 00 00
y11: client 0: event type 22
y11: client 0: request 3614 opcode 12 len 20 bytes: 0c 00 05 00 7e 02 10 00 60 00 10 00 82 02 10 00 01 00 00 00
y11: client 0: event type 22
y11: client 0: request 3615 opcode 12 len 20 bytes: 0c 00 05 00 79 02 10 00 60 00 10 00 7e 02 10 00 01 00 00 00
y11: client 0: event type 22
y11: client 0: request 3616 opcode 12 len 20 bytes: 0c 00 05 00 75 02 10 00 60 00 10 00 79 02 10 00 01 00 00 00
y11: client 0: event type 22
y11: client 0: request 3617 opcode 12 len 20 bytes: 0c 00 05 00 71 02 10 00 60 00 10 00 75 02 10 00 01 00 00 00
y11: client 0: event type 22
y11: client 0: request 3618 opcode 12 len 20 bytes: 0c 00 05 00 6d 02 10 00 60 00 10 00 71 02 10 00 01 00 00 00
y11: client 0: event type 22
y11: client 0: request 3619 opcode 12 len 20 bytes: 0c 00 05 00 69 02 10 00 60 00 10 00 6d 02 10 00 01 00 00 00
y11: client 0: event type 22
y11: client 0: request 3620 opcode 12 len 20 bytes: 0c 00 05 00 65 02 10 00 60 00 10 00 69 02 10 00 01 00 00 00
y11: client 0: event type 22
y11: client 0: request 3621 opcode 12 len 20 bytes: 0c 00 05 00 e3 01 10 00 60 00 10 00 65 02 10 00 01 00 00 00
y11: client 0: event type 22
y11: client 0: request 3622 opcode 12 len 20 bytes: 0c 00 05 00 e1 01 10 00 60 00 10 00 e3 01 10 00 01 00 00 00
y11: client 0: event type 22
y11: client 0: request 3623 opcode 12 len 20 bytes: 0c 00 05 00 de 01 10 00 60 00 00 00 e1 01 10 00 01 00 00 00
y11: client 0: event type 22
y11: client 0: request 3624 opcode 12 len 20 bytes: 0c 00 05 00 dc 01 10 00 60 00 00 00 de 01 10 00 01 00 00 00
y11: client 0: event type 22
y11: client 0: request 3625 opcode 12 len 20 bytes: 0c 00 05 00 da 01 10 00 60 00 19 00 dc 01 10 00 01 00 00 00
y11: client 0: event type 22
y11: client 0: request 3626 opcode 12 len 20 bytes: 0c 00 05 00 d8 01 10 00 60 00 00 00 da 01 10 00 01 00 00 00
y11: client 0: event type 22
y11: client 0: request 3627 opcode 12 len 20 bytes: 0c 00 05 00 d4 01 10 00 60 00 00 00 d8 01 10 00 01 00 00 00
y11: client 0: event type 22
y11: client 0: request 3628 opcode 1 len 48 bytes: 01 18 0c 00 9f 02 10 00 9e 02 10 00 00 00 00 00 02 00 19 00
y11: client 0: request 3629 opcode 1 len 48 bytes: 01 18 0c 00 a0 02 10 00 9e 02 10 00 e9 ff 00 00 19 00 19 00
y11: client 0: request 3630 opcode 12 len 20 bytes: 0c 00 05 00 9f 02 10 00 03 00 10 00 00 00 00 00 00 00 00 00
y11: client 0: request 3631 opcode 12 len 16 bytes: 0c 00 04 00 9f 02 10 00 40 00 10 00 00 00 00 00
y11: client 0: request 3632 opcode 8 len 8 bytes: 08 00 02 00 9f 02 10 00
y11: client 0: request 3633 opcode 12 len 20 bytes: 0c 00 05 00 9e 02 10 00 0c 00 01 00 01 00 00 00 1a 00 00 00
y11: client 0: event type 22
y11: client 0: request 3634 opcode 12 len 16 bytes: 0c 00 04 00 9e 02 10 00 10 00 6e 00 01 00 00 00
y11: client 0: event type 22
y11: client 0: request 3635 opcode 84 len 16 bytes: 54 00 04 00 22 00 00 00 00 00 00 00 00 00 67 00
y11: client 0: reply seq 3635 len 32
y11: client 0: request 3636 opcode 84 len 16 bytes: 54 00 04 00 22 00 00 00 00 00 00 00 00 00 00 00
y11: client 0: reply seq 3636 len 32
y11: client 0: request 3637 opcode 84 len 16 bytes: 54 00 04 00 22 00 00 00 00 ff 00 ff 00 ff 00 00
y11: client 0: reply seq 3637 len 32
y11: client 0: request 3638 opcode 2 len 16 bytes: 02 00 04 00 9e 02 10 00 08 00 00 00 00 00 00 00
y11: client 0: request 3639 opcode 10 len 8 bytes: 0a 00 02 00 a0 02 10 00
y11: client 0: request 3640 opcode 12 len 20 bytes: 0c 00 05 00 9f 02 10 00 03 00 00 00 00 00 00 00 00 00 00 00
y11: client 0: request 3641 opcode 1 len 48 bytes: 01 18 0c 00 a1 02 10 00 9e 02 10 00 00 00 19 00 01 00 0a 00
y11: client 0: request 3642 opcode 8 len 8 bytes: 08 00 02 00 a1 02 10 00
y11: client 0: request 3643 opcode 1 len 52 bytes: 01 18 0d 00 a2 02 10 00 21 00 00 00 08 00 02 00 01 00 01 00
y11: client 0: event type 16
y11: client 0: request 3644 opcode 61 len 16 bytes: 3d 00 04 00 a2 02 10 00 00 00 00 00 00 00 00 00
y11: client 0: request 3645 opcode 12 len 20 bytes: 0c 00 05 00 9e 02 10 00 60 00 e2 97 a2 02 10 00 01 00 00 00
y11: client 0: event type 22
y11: client 0: request 3646 opcode 12 len 20 bytes: 0c 00 05 00 9a 02 10 00 60 00 10 00 9e 02 10 00 01 00 00 00
y11: client 0: event type 22
y11: client 0: request 3647 opcode 12 len 20 bytes: 0c 00 05 00 96 02 10 00 60 00 00 00 9a 02 10 00 01 00 00 00
y11: client 0: event type 22
y11: client 0: request 3648 opcode 12 len 20 bytes: 0c 00 05 00 92 02 10 00 60 00 10 00 96 02 10 00 01 00 00 00
y11: client 0: event type 22
y11: client 0: request 3649 opcode 12 len 20 bytes: 0c 00 05 00 8e 02 10 00 60 00 00 00 92 02 10 00 01 00 00 00
y11: client 0: event type 22
y11: client 0: request 3650 opcode 12 len 20 bytes: 0c 00 05 00 8a 02 10 00 60 00 10 00 8e 02 10 00 01 00 00 00
y11: client 0: event type 22
y11: client 0: request 3651 opcode 12 len 20 bytes: 0c 00 05 00 86 02 10 00 60 00 10 00 8a 02 10 00 01 00 00 00
y11: client 0: event type 22
y11: client 0: request 3652 opcode 12 len 20 bytes: 0c 00 05 00 82 02 10 00 60 00 10 00 86 02 10 00 01 00 00 00
y11: client 0: event type 22
y11: client 0: request 3653 opcode 12 len 20 bytes: 0c 00 05 00 7e 02 10 00 60 00 10 00 82 02 10 00 01 00 00 00
y11: client 0: event type 22
y11: client 0: request 3654 opcode 12 len 20 bytes: 0c 00 05 00 79 02 10 00 60 00 10 00 7e 02 10 00 01 00 00 00
y11: client 0: event type 22
y11: client 0: request 3655 opcode 12 len 20 bytes: 0c 00 05 00 75 02 10 00 60 00 10 00 79 02 10 00 01 00 00 00
y11: client 0: event type 22
y11: client 0: request 3656 opcode 12 len 20 bytes: 0c 00 05 00 71 02 10 00 60 00 10 00 75 02 10 00 01 00 00 00
y11: client 0: event type 22
y11: client 0: request 3657 opcode 12 len 20 bytes: 0c 00 05 00 6d 02 10 00 60 00 10 00 71 02 10 00 01 00 00 00
y11: client 0: event type 22
y11: client 0: request 3658 opcode 12 len 20 bytes: 0c 00 05 00 69 02 10 00 60 00 10 00 6d 02 10 00 01 00 00 00
y11: client 0: event type 22
y11: client 0: request 3659 opcode 12 len 20 bytes: 0c 00 05 00 65 02 10 00 60 00 10 00 69 02 10 00 01 00 00 00
y11: client 0: event type 22
y11: client 0: request 3660 opcode 12 len 20 bytes: 0c 00 05 00 e3 01 10 00 60 00 10 00 65 02 10 00 01 00 00 00
y11: client 0: event type 22
y11: client 0: request 3661 opcode 12 len 20 bytes: 0c 00 05 00 e1 01 10 00 60 00 10 00 e3 01 10 00 01 00 00 00
y11: client 0: event type 22
y11: client 0: request 3662 opcode 12 len 20 bytes: 0c 00 05 00 de 01 10 00 60 00 10 00 e1 01 10 00 01 00 00 00
y11: client 0: event type 22
y11: client 0: request 3663 opcode 12 len 20 bytes: 0c 00 05 00 dc 01 10 00 60 00 10 00 de 01 10 00 01 00 00 00
y11: client 0: event type 22
y11: client 0: request 3664 opcode 12 len 20 bytes: 0c 00 05 00 da 01 10 00 60 00 10 00 dc 01 10 00 01 00 00 00
y11: client 0: event type 22
y11: client 0: request 3665 opcode 12 len 20 bytes: 0c 00 05 00 d8 01 10 00 60 00 10 00 da 01 10 00 01 00 00 00
y11: client 0: event type 22
y11: client 0: request 3666 opcode 12 len 20 bytes: 0c 00 05 00 d4 01 10 00 60 00 10 00 d8 01 10 00 01 00 00 00
y11: client 0: event type 22
y11: client 0: request 3667 opcode 1 len 48 bytes: 01 18 0c 00 a3 02 10 00 a2 02 10 00 00 00 00 00 02 00 19 00
y11: client 0: request 3668 opcode 1 len 48 bytes: 01 18 0c 00 a4 02 10 00 a2 02 10 00 e9 ff 00 00 19 00 19 00
y11: client 0: request 3669 opcode 12 len 20 bytes: 0c 00 05 00 a3 02 10 00 03 00 00 00 00 00 00 00 00 00 00 00
y11: client 0: request 3670 opcode 12 len 16 bytes: 0c 00 04 00 a3 02 10 00 40 00 0c 00 00 00 00 00
y11: client 0: request 3671 opcode 8 len 8 bytes: 08 00 02 00 a3 02 10 00
y11: client 0: request 3672 opcode 12 len 20 bytes: 0c 00 05 00 a2 02 10 00 0c 00 00 00 01 00 00 00 1a 00 00 00
y11: client 0: event type 22
y11: client 0: request 3673 opcode 12 len 16 bytes: 0c 00 04 00 a2 02 10 00 10 00 00 00 01 00 00 00
y11: client 0: event type 22
y11: client 0: request 3674 opcode 84 len 16 bytes: 54 00 04 00 22 00 00 00 00 00 00 00 00 00 00 00
y11: client 0: reply seq 3674 len 32
y11: client 0: request 3675 opcode 84 len 16 bytes: 54 00 04 00 22 00 00 00 00 00 00 00 00 00 02 00
y11: client 0: reply seq 3675 len 32
y11: client 0: request 3676 opcode 84 len 16 bytes: 54 00 04 00 22 00 00 00 00 ff 00 ff 00 ff 02 00
y11: client 0: reply seq 3676 len 32
y11: client 0: request 3677 opcode 2 len 16 bytes: 02 00 04 00 a2 02 10 00 08 00 00 00 00 00 00 00
y11: client 0: request 3678 opcode 10 len 8 bytes: 0a 00 02 00 a4 02 10 00
y11: client 0: request 3679 opcode 12 len 20 bytes: 0c 00 05 00 a3 02 10 00 03 00 00 00 00 00 00 00 00 00 00 00
y11: client 0: request 3680 opcode 1 len 48 bytes: 01 18 0c 00 a5 02 10 00 a2 02 10 00 00 00 19 00 01 00 0a 00
y11: client 0: request 3681 opcode 8 len 8 bytes: 08 00 02 00 a5 02 10 00
y11: client 0: request 3682 opcode 12 len 20 bytes: 0c 00 05 00 73 02 10 00 03 00 00 00 5d 00 00 00 00 00 00 00
y11: client 0: request 3683 opcode 12 len 20 bytes: 0c 00 05 00 72 02 10 00 03 00 10 00 00 00 00 00 00 00 00 00
y11: client 0: request 3684 opcode 12 len 16 bytes: 0c 00 04 00 71 02 10 00 10 00 10 00 01 00 00 00
y11: client 0: event type 22
y11: client 0: request 3685 opcode 84 len 16 bytes: 54 00 04 00 22 00 00 00 00 00 00 00 00 00 00 00
y11: client 0: reply seq 3685 len 32
y11: client 0: request 3686 opcode 84 len 16 bytes: 54 00 04 00 22 00 00 00 00 00 00 00 00 00 00 00
y11: client 0: reply seq 3686 len 32
y11: client 0: request 3687 opcode 84 len 16 bytes: 54 00 04 00 22 00 00 00 00 ff 00 ff 00 ff 00 00
y11: client 0: reply seq 3687 len 32
y11: client 0: request 3688 opcode 2 len 16 bytes: 02 00 04 00 71 02 10 00 08 00 00 00 00 00 00 00
y11: client 0: request 3689 opcode 139 len 100 bytes: 8b 14 19 00 e0 01 10 00 01 00 00 00 27 00 00 00 08 00 09 00
y11: client 0: request 3690 opcode 12 len 28 bytes: 0c 00 07 00 74 02 10 00 0f 00 00 00 00 00 00 00 19 00 00 00
y11: client 0: request 3691 opcode 12 len 20 bytes: 0c 00 05 00 71 02 10 00 0c 00 10 00 75 00 00 00 a2 00 00 00
y11: client 0: event type 22
y11: client 0: request 3692 opcode 2 len 16 bytes: 02 00 04 00 74 02 10 00 02 00 00 00 aa aa aa 00
y11: client 0: request 3693 opcode 61 len 16 bytes: 3d 00 04 00 74 02 10 00 00 00 00 00 00 00 00 00
y11: client 0: request 3694 opcode 12 len 20 bytes: 0c 00 05 00 6f 02 10 00 03 00 00 00 5d 00 00 00 00 00 00 00
y11: client 0: request 3695 opcode 12 len 20 bytes: 0c 00 05 00 6e 02 10 00 03 00 00 00 00 00 00 00 00 00 00 00
y11: client 0: request 3696 opcode 12 len 16 bytes: 0c 00 04 00 6d 02 10 00 10 00 00 00 01 00 00 00
y11: client 0: event type 22
y11: client 0: request 3697 opcode 84 len 16 bytes: 54 00 04 00 22 00 00 00 00 00 00 00 00 00 00 00
y11: client 0: reply seq 3697 len 32
y11: client 0: request 3698 opcode 84 len 16 bytes: 54 00 04 00 22 00 00 00 00 00 00 00 00 00 00 00
y11: client 0: reply seq 3698 len 32
y11: client 0: request 3699 opcode 84 len 16 bytes: 54 00 04 00 22 00 00 00 00 ff 00 ff 00 ff 00 00
y11: client 0: reply seq 3699 len 32
y11: client 0: request 3700 opcode 2 len 16 bytes: 02 00 04 00 6d 02 10 00 08 00 00 00 00 00 00 00
y11: client 0: request 3701 opcode 12 len 28 bytes: 0c 00 07 00 70 02 10 00 0f 00 00 00 00 00 00 00 19 00 00 00
y11: client 0: request 3702 opcode 12 len 20 bytes: 0c 00 05 00 6d 02 10 00 0c 00 00 16 75 00 00 00 a2 00 00 00
y11: client 0: event type 22
y11: client 0: request 3703 opcode 2 len 16 bytes: 02 00 04 00 70 02 10 00 02 00 00 00 aa aa aa 00
y11: client 0: request 3704 opcode 61 len 16 bytes: 3d 00 04 00 70 02 10 00 00 00 00 00 00 00 00 00
y11: client 0: request 3705 opcode 1 len 52 bytes: 01 18 0d 00 a6 02 10 00 21 00 00 00 08 00 02 00 01 00 01 00
y11: client 0: event type 16
y11: client 0: request 3706 opcode 61 len 16 bytes: 3d 00 04 00 a6 02 10 00 00 00 00 00 00 00 00 00
y11: client 0: request 3707 opcode 12 len 20 bytes: 0c 00 05 00 a2 02 10 00 60 00 00 00 a6 02 10 00 01 00 00 00
y11: client 0: event type 22
y11: client 0: request 3708 opcode 12 len 20 bytes: 0c 00 05 00 9e 02 10 00 60 00 00 00 a2 02 10 00 01 00 00 00
y11: client 0: event type 22
y11: client 0: request 3709 opcode 12 len 20 bytes: 0c 00 05 00 9a 02 10 00 60 00 00 00 9e 02 10 00 01 00 00 00
y11: client 0: event type 22
y11: client 0: request 3710 opcode 12 len 20 bytes: 0c 00 05 00 96 02 10 00 60 00 00 00 9a 02 10 00 01 00 00 00
y11: client 0: event type 22
y11: client 0: request 3711 opcode 12 len 20 bytes: 0c 00 05 00 92 02 10 00 60 00 04 00 96 02 10 00 01 00 00 00
y11: client 0: event type 22
y11: client 0: request 3712 opcode 12 len 20 bytes: 0c 00 05 00 8e 02 10 00 60 00 10 00 92 02 10 00 01 00 00 00
y11: client 0: event type 22
y11: client 0: request 3713 opcode 12 len 20 bytes: 0c 00 05 00 8a 02 10 00 60 00 10 00 8e 02 10 00 01 00 00 00
y11: client 0: event type 22
y11: client 0: request 3714 opcode 12 len 20 bytes: 0c 00 05 00 86 02 10 00 60 00 10 00 8a 02 10 00 01 00 00 00
y11: client 0: event type 22
y11: client 0: request 3715 opcode 12 len 20 bytes: 0c 00 05 00 82 02 10 00 60 00 10 00 86 02 10 00 01 00 00 00
y11: client 0: event type 22
y11: client 0: request 3716 opcode 12 len 20 bytes: 0c 00 05 00 7e 02 10 00 60 00 10 00 82 02 10 00 01 00 00 00
y11: client 0: event type 22
y11: client 0: request 3717 opcode 12 len 20 bytes: 0c 00 05 00 79 02 10 00 60 00 10 00 7e 02 10 00 01 00 00 00
y11: client 0: event type 22
y11: client 0: request 3718 opcode 12 len 20 bytes: 0c 00 05 00 75 02 10 00 60 00 10 00 79 02 10 00 01 00 00 00
y11: client 0: event type 22
y11: client 0: request 3719 opcode 12 len 20 bytes: 0c 00 05 00 71 02 10 00 60 00 10 00 75 02 10 00 01 00 00 00
y11: client 0: event type 22
y11: client 0: request 3720 opcode 12 len 20 bytes: 0c 00 05 00 6d 02 10 00 60 00 10 00 71 02 10 00 01 00 00 00
y11: client 0: event type 22
y11: client 0: request 3721 opcode 12 len 20 bytes: 0c 00 05 00 69 02 10 00 60 00 10 00 6d 02 10 00 01 00 00 00
y11: client 0: event type 22
y11: client 0: request 3722 opcode 12 len 20 bytes: 0c 00 05 00 65 02 10 00 60 00 10 00 69 02 10 00 01 00 00 00
y11: client 0: event type 22
y11: client 0: request 3723 opcode 12 len 20 bytes: 0c 00 05 00 e3 01 10 00 60 00 10 00 65 02 10 00 01 00 00 00
y11: client 0: event type 22
y11: client 0: request 3724 opcode 12 len 20 bytes: 0c 00 05 00 e1 01 10 00 60 00 10 00 e3 01 10 00 01 00 00 00
y11: client 0: event type 22
y11: client 0: request 3725 opcode 12 len 20 bytes: 0c 00 05 00 de 01 10 00 60 00 00 00 e1 01 10 00 01 00 00 00
y11: client 0: event type 22
y11: client 0: request 3726 opcode 12 len 20 bytes: 0c 00 05 00 dc 01 10 00 60 00 00 00 de 01 10 00 01 00 00 00
y11: client 0: event type 22
y11: client 0: request 3727 opcode 12 len 20 bytes: 0c 00 05 00 da 01 10 00 60 00 19 00 dc 01 10 00 01 00 00 00
y11: client 0: event type 22
y11: client 0: request 3728 opcode 12 len 20 bytes: 0c 00 05 00 d8 01 10 00 60 00 00 00 da 01 10 00 01 00 00 00
y11: client 0: event type 22
y11: client 0: request 3729 opcode 12 len 20 bytes: 0c 00 05 00 d4 01 10 00 60 00 00 00 d8 01 10 00 01 00 00 00
y11: client 0: event type 22
y11: client 0: request 3730 opcode 1 len 48 bytes: 01 18 0c 00 a7 02 10 00 a6 02 10 00 00 00 00 00 02 00 19 00
y11: client 0: request 3731 opcode 1 len 48 bytes: 01 18 0c 00 a8 02 10 00 a6 02 10 00 e9 ff 00 00 19 00 19 00
y11: client 0: request 3732 opcode 12 len 20 bytes: 0c 00 05 00 a7 02 10 00 03 00 10 00 00 00 00 00 00 00 00 00
y11: client 0: request 3733 opcode 12 len 16 bytes: 0c 00 04 00 a7 02 10 00 40 00 10 00 00 00 00 00
y11: client 0: request 3734 opcode 8 len 8 bytes: 08 00 02 00 a7 02 10 00
y11: client 0: request 3735 opcode 12 len 20 bytes: 0c 00 05 00 a6 02 10 00 0c 00 67 00 01 00 00 00 1a 00 00 00
y11: client 0: event type 22
y11: client 0: request 3736 opcode 12 len 16 bytes: 0c 00 04 00 a6 02 10 00 10 00 00 00 01 00 00 00
y11: client 0: event type 22
y11: client 0: request 3737 opcode 84 len 16 bytes: 54 00 04 00 22 00 00 00 00 00 00 00 00 00 75 b7
y11: client 0: reply seq 3737 len 32
y11: client 0: request 3738 opcode 84 len 16 bytes: 54 00 04 00 22 00 00 00 00 00 00 00 00 00 00 00
y11: client 0: reply seq 3738 len 32
y11: client 0: request 3739 opcode 84 len 16 bytes: 54 00 04 00 22 00 00 00 00 ff 00 ff 00 ff 00 00
y11: client 0: reply seq 3739 len 32
y11: client 0: request 3740 opcode 2 len 16 bytes: 02 00 04 00 a6 02 10 00 08 00 00 00 00 00 00 00
y11: client 0: request 3741 opcode 10 len 8 bytes: 0a 00 02 00 a8 02 10 00
y11: client 0: request 3742 opcode 12 len 20 bytes: 0c 00 05 00 a7 02 10 00 03 00 00 00 00 00 00 00 00 00 00 00
y11: client 0: request 3743 opcode 1 len 48 bytes: 01 18 0c 00 a9 02 10 00 a6 02 10 00 00 00 19 00 01 00 0a 00
y11: client 0: request 3744 opcode 8 len 8 bytes: 08 00 02 00 a9 02 10 00
y11: client 0: request 3745 opcode 1 len 52 bytes: 01 18 0d 00 aa 02 10 00 21 00 00 00 08 00 02 00 01 00 01 00
y11: client 0: event type 16
y11: client 0: request 3746 opcode 61 len 16 bytes: 3d 00 04 00 aa 02 10 00 00 00 00 00 00 00 00 00
y11: client 0: request 3747 opcode 12 len 20 bytes: 0c 00 05 00 a6 02 10 00 60 00 e2 97 aa 02 10 00 01 00 00 00
y11: client 0: event type 22
y11: client 0: request 3748 opcode 12 len 20 bytes: 0c 00 05 00 a2 02 10 00 60 00 10 00 a6 02 10 00 01 00 00 00
y11: client 0: event type 22
y11: client 0: request 3749 opcode 12 len 20 bytes: 0c 00 05 00 9e 02 10 00 60 00 00 00 a2 02 10 00 01 00 00 00
y11: client 0: event type 22
y11: client 0: request 3750 opcode 12 len 20 bytes: 0c 00 05 00 9a 02 10 00 60 00 10 00 9e 02 10 00 01 00 00 00
y11: client 0: event type 22
y11: client 0: request 3751 opcode 12 len 20 bytes: 0c 00 05 00 96 02 10 00 60 00 00 00 9a 02 10 00 01 00 00 00
y11: client 0: event type 22
y11: client 0: request 3752 opcode 12 len 20 bytes: 0c 00 05 00 92 02 10 00 60 00 10 00 96 02 10 00 01 00 00 00
y11: client 0: event type 22
y11: client 0: request 3753 opcode 12 len 20 bytes: 0c 00 05 00 8e 02 10 00 60 00 10 00 92 02 10 00 01 00 00 00
y11: client 0: event type 22
y11: client 0: request 3754 opcode 12 len 20 bytes: 0c 00 05 00 8a 02 10 00 60 00 10 00 8e 02 10 00 01 00 00 00
y11: client 0: event type 22
y11: client 0: request 3755 opcode 12 len 20 bytes: 0c 00 05 00 86 02 10 00 60 00 10 00 8a 02 10 00 01 00 00 00
y11: client 0: event type 22
y11: client 0: request 3756 opcode 12 len 20 bytes: 0c 00 05 00 82 02 10 00 60 00 10 00 86 02 10 00 01 00 00 00
y11: client 0: event type 22
y11: client 0: request 3757 opcode 12 len 20 bytes: 0c 00 05 00 7e 02 10 00 60 00 10 00 82 02 10 00 01 00 00 00
y11: client 0: event type 22
y11: client 0: request 3758 opcode 12 len 20 bytes: 0c 00 05 00 79 02 10 00 60 00 10 00 7e 02 10 00 01 00 00 00
y11: client 0: event type 22
y11: client 0: request 3759 opcode 12 len 20 bytes: 0c 00 05 00 75 02 10 00 60 00 10 00 79 02 10 00 01 00 00 00
y11: client 0: event type 22
y11: client 0: request 3760 opcode 12 len 20 bytes: 0c 00 05 00 71 02 10 00 60 00 10 00 75 02 10 00 01 00 00 00
y11: client 0: event type 22
y11: client 0: request 3761 opcode 12 len 20 bytes: 0c 00 05 00 6d 02 10 00 60 00 10 00 71 02 10 00 01 00 00 00
y11: client 0: event type 22
y11: client 0: request 3762 opcode 12 len 20 bytes: 0c 00 05 00 69 02 10 00 60 00 10 00 6d 02 10 00 01 00 00 00
y11: client 0: event type 22
y11: client 0: request 3763 opcode 12 len 20 bytes: 0c 00 05 00 65 02 10 00 60 00 10 00 69 02 10 00 01 00 00 00
y11: client 0: event type 22
y11: client 0: request 3764 opcode 12 len 20 bytes: 0c 00 05 00 e3 01 10 00 60 00 10 00 65 02 10 00 01 00 00 00
y11: client 0: event type 22
y11: client 0: request 3765 opcode 12 len 20 bytes: 0c 00 05 00 e1 01 10 00 60 00 10 00 e3 01 10 00 01 00 00 00
y11: client 0: event type 22
y11: client 0: request 3766 opcode 12 len 20 bytes: 0c 00 05 00 de 01 10 00 60 00 10 00 e1 01 10 00 01 00 00 00
y11: client 0: event type 22
y11: client 0: request 3767 opcode 12 len 20 bytes: 0c 00 05 00 dc 01 10 00 60 00 10 00 de 01 10 00 01 00 00 00
y11: client 0: event type 22
y11: client 0: request 3768 opcode 12 len 20 bytes: 0c 00 05 00 da 01 10 00 60 00 10 00 dc 01 10 00 01 00 00 00
y11: client 0: event type 22
y11: client 0: request 3769 opcode 12 len 20 bytes: 0c 00 05 00 d8 01 10 00 60 00 10 00 da 01 10 00 01 00 00 00
y11: client 0: event type 22
y11: client 0: request 3770 opcode 12 len 20 bytes: 0c 00 05 00 d4 01 10 00 60 00 10 00 d8 01 10 00 01 00 00 00
y11: client 0: event type 22
y11: client 0: request 3771 opcode 1 len 48 bytes: 01 18 0c 00 ab 02 10 00 aa 02 10 00 00 00 00 00 02 00 19 00
y11: client 0: request 3772 opcode 1 len 48 bytes: 01 18 0c 00 ac 02 10 00 aa 02 10 00 e9 ff 00 00 19 00 19 00
y11: client 0: request 3773 opcode 12 len 20 bytes: 0c 00 05 00 ab 02 10 00 03 00 00 00 00 00 00 00 00 00 00 00
y11: client 0: request 3774 opcode 12 len 16 bytes: 0c 00 04 00 ab 02 10 00 40 00 0c 00 00 00 00 00
y11: client 0: request 3775 opcode 8 len 8 bytes: 08 00 02 00 ab 02 10 00
y11: client 0: request 3776 opcode 12 len 20 bytes: 0c 00 05 00 aa 02 10 00 0c 00 00 00 01 00 00 00 1a 00 00 00
y11: client 0: event type 22
y11: client 0: request 3777 opcode 12 len 16 bytes: 0c 00 04 00 aa 02 10 00 10 00 00 00 01 00 00 00
y11: client 0: event type 22
y11: client 0: request 3778 opcode 84 len 16 bytes: 54 00 04 00 22 00 00 00 00 00 00 00 00 00 00 00
y11: client 0: reply seq 3778 len 32
y11: client 0: request 3779 opcode 84 len 16 bytes: 54 00 04 00 22 00 00 00 00 00 00 00 00 00 02 00
y11: client 0: reply seq 3779 len 32
y11: client 0: request 3780 opcode 84 len 16 bytes: 54 00 04 00 22 00 00 00 00 ff 00 ff 00 ff 02 00
y11: client 0: reply seq 3780 len 32
y11: client 0: request 3781 opcode 2 len 16 bytes: 02 00 04 00 aa 02 10 00 08 00 00 00 00 00 00 00
y11: client 0: request 3782 opcode 10 len 8 bytes: 0a 00 02 00 ac 02 10 00
y11: client 0: request 3783 opcode 12 len 20 bytes: 0c 00 05 00 ab 02 10 00 03 00 00 00 00 00 00 00 00 00 00 00
y11: client 0: request 3784 opcode 1 len 48 bytes: 01 18 0c 00 ad 02 10 00 aa 02 10 00 00 00 19 00 01 00 0a 00
y11: client 0: request 3785 opcode 8 len 8 bytes: 08 00 02 00 ad 02 10 00
y11: client 0: request 3786 opcode 12 len 20 bytes: 0c 00 05 00 73 02 10 00 03 00 00 00 5d 00 00 00 00 00 00 00
y11: client 0: request 3787 opcode 12 len 20 bytes: 0c 00 05 00 72 02 10 00 03 00 10 00 00 00 00 00 00 00 00 00
y11: client 0: request 3788 opcode 12 len 16 bytes: 0c 00 04 00 71 02 10 00 10 00 10 00 01 00 00 00
y11: client 0: event type 22
y11: client 0: request 3789 opcode 84 len 16 bytes: 54 00 04 00 22 00 00 00 00 00 00 00 00 00 00 00
y11: client 0: reply seq 3789 len 32
y11: client 0: request 3790 opcode 84 len 16 bytes: 54 00 04 00 22 00 00 00 00 00 00 00 00 00 00 00
y11: client 0: reply seq 3790 len 32
y11: client 0: request 3791 opcode 84 len 16 bytes: 54 00 04 00 22 00 00 00 00 ff 00 ff 00 ff 00 00
y11: client 0: reply seq 3791 len 32
y11: client 0: request 3792 opcode 2 len 16 bytes: 02 00 04 00 71 02 10 00 08 00 00 00 00 00 00 00
y11: client 0: request 3793 opcode 12 len 28 bytes: 0c 00 07 00 74 02 10 00 0f 00 10 00 00 00 00 00 19 00 00 00
y11: client 0: request 3794 opcode 12 len 20 bytes: 0c 00 05 00 71 02 10 00 0c 00 00 00 75 00 00 00 b9 00 00 00
y11: client 0: event type 22
y11: client 0: request 3795 opcode 2 len 16 bytes: 02 00 04 00 74 02 10 00 02 00 00 00 aa aa aa 00
y11: client 0: request 3796 opcode 61 len 16 bytes: 3d 00 04 00 74 02 10 00 00 00 00 00 00 00 00 00
y11: client 0: request 3797 opcode 12 len 20 bytes: 0c 00 05 00 6f 02 10 00 03 00 00 00 5d 00 00 00 00 00 00 00
y11: client 0: request 3798 opcode 12 len 20 bytes: 0c 00 05 00 6e 02 10 00 03 00 00 00 00 00 00 00 00 00 00 00
y11: client 0: request 3799 opcode 12 len 16 bytes: 0c 00 04 00 6d 02 10 00 10 00 00 00 01 00 00 00
y11: client 0: event type 22
y11: client 0: request 3800 opcode 84 len 16 bytes: 54 00 04 00 22 00 00 00 00 00 00 00 00 00 00 00
y11: client 0: reply seq 3800 len 32
y11: client 0: request 3801 opcode 84 len 16 bytes: 54 00 04 00 22 00 00 00 00 00 00 00 00 00 00 00
y11: client 0: reply seq 3801 len 32
y11: client 0: request 3802 opcode 84 len 16 bytes: 54 00 04 00 22 00 00 00 00 ff 00 ff 00 ff 00 00
y11: client 0: reply seq 3802 len 32
y11: client 0: request 3803 opcode 2 len 16 bytes: 02 00 04 00 6d 02 10 00 08 00 00 00 00 00 00 00
y11: client 0: request 3804 opcode 12 len 28 bytes: 0c 00 07 00 70 02 10 00 0f 00 10 00 00 00 00 00 19 00 00 00
y11: client 0: request 3805 opcode 12 len 20 bytes: 0c 00 05 00 6d 02 10 00 0c 00 00 00 75 00 00 00 b9 00 00 00
y11: client 0: event type 22
y11: client 0: request 3806 opcode 2 len 16 bytes: 02 00 04 00 70 02 10 00 02 00 00 00 aa aa aa 00
y11: client 0: request 3807 opcode 61 len 16 bytes: 3d 00 04 00 70 02 10 00 00 00 00 00 00 00 00 00
y11: client 0: request 3808 opcode 1 len 52 bytes: 01 18 0d 00 ae 02 10 00 21 00 00 00 08 00 02 00 01 00 01 00
y11: client 0: event type 16
y11: client 0: request 3809 opcode 61 len 16 bytes: 3d 00 04 00 ae 02 10 00 00 00 00 00 00 00 00 00
y11: client 0: request 3810 opcode 12 len 20 bytes: 0c 00 05 00 aa 02 10 00 60 00 10 00 ae 02 10 00 01 00 00 00
y11: client 0: event type 22
y11: client 0: request 3811 opcode 12 len 20 bytes: 0c 00 05 00 a6 02 10 00 60 00 10 00 aa 02 10 00 01 00 00 00
y11: client 0: event type 22
y11: client 0: request 3812 opcode 12 len 20 bytes: 0c 00 05 00 a2 02 10 00 60 00 10 00 a6 02 10 00 01 00 00 00
y11: client 0: event type 22
y11: client 0: request 3813 opcode 12 len 20 bytes: 0c 00 05 00 9e 02 10 00 60 00 10 00 a2 02 10 00 01 00 00 00
y11: client 0: event type 22
y11: client 0: request 3814 opcode 12 len 20 bytes: 0c 00 05 00 9a 02 10 00 60 00 10 00 9e 02 10 00 01 00 00 00
y11: client 0: event type 22
y11: client 0: request 3815 opcode 12 len 20 bytes: 0c 00 05 00 96 02 10 00 60 00 10 00 9a 02 10 00 01 00 00 00
y11: client 0: event type 22
y11: client 0: request 3816 opcode 12 len 20 bytes: 0c 00 05 00 92 02 10 00 60 00 10 00 96 02 10 00 01 00 00 00
y11: client 0: event type 22
y11: client 0: request 3817 opcode 12 len 20 bytes: 0c 00 05 00 8e 02 10 00 60 00 10 00 92 02 10 00 01 00 00 00
y11: client 0: event type 22
y11: client 0: request 3818 opcode 12 len 20 bytes: 0c 00 05 00 8a 02 10 00 60 00 10 00 8e 02 10 00 01 00 00 00
y11: client 0: event type 22
y11: client 0: request 3819 opcode 12 len 20 bytes: 0c 00 05 00 86 02 10 00 60 00 10 00 8a 02 10 00 01 00 00 00
y11: client 0: event type 22
y11: client 0: request 3820 opcode 12 len 20 bytes: 0c 00 05 00 82 02 10 00 60 00 10 00 86 02 10 00 01 00 00 00
y11: client 0: event type 22
y11: client 0: request 3821 opcode 12 len 20 bytes: 0c 00 05 00 7e 02 10 00 60 00 10 00 82 02 10 00 01 00 00 00
y11: client 0: event type 22
y11: client 0: request 3822 opcode 12 len 20 bytes: 0c 00 05 00 79 02 10 00 60 00 10 00 7e 02 10 00 01 00 00 00
y11: client 0: event type 22
y11: client 0: request 3823 opcode 12 len 20 bytes: 0c 00 05 00 75 02 10 00 60 00 10 00 79 02 10 00 01 00 00 00
y11: client 0: event type 22
y11: client 0: request 3824 opcode 12 len 20 bytes: 0c 00 05 00 71 02 10 00 60 00 10 00 75 02 10 00 01 00 00 00
y11: client 0: event type 22
y11: client 0: request 3825 opcode 12 len 20 bytes: 0c 00 05 00 6d 02 10 00 60 00 10 00 71 02 10 00 01 00 00 00
y11: client 0: event type 22
y11: client 0: request 3826 opcode 12 len 20 bytes: 0c 00 05 00 69 02 10 00 60 00 10 00 6d 02 10 00 01 00 00 00
y11: client 0: event type 22
y11: client 0: request 3827 opcode 12 len 20 bytes: 0c 00 05 00 65 02 10 00 60 00 10 00 69 02 10 00 01 00 00 00
y11: client 0: event type 22
y11: client 0: request 3828 opcode 12 len 20 bytes: 0c 00 05 00 e3 01 10 00 60 00 10 00 65 02 10 00 01 00 00 00
y11: client 0: event type 22
y11: client 0: request 3829 opcode 12 len 20 bytes: 0c 00 05 00 e1 01 10 00 60 00 10 00 e3 01 10 00 01 00 00 00
y11: client 0: event type 22
y11: client 0: request 3830 opcode 12 len 20 bytes: 0c 00 05 00 de 01 10 00 60 00 00 00 e1 01 10 00 01 00 00 00
y11: client 0: event type 22
y11: client 0: request 3831 opcode 12 len 20 bytes: 0c 00 05 00 dc 01 10 00 60 00 00 00 de 01 10 00 01 00 00 00
y11: client 0: event type 22
y11: client 0: request 3832 opcode 12 len 20 bytes: 0c 00 05 00 da 01 10 00 60 00 19 00 dc 01 10 00 01 00 00 00
y11: client 0: event type 22
y11: client 0: request 3833 opcode 12 len 20 bytes: 0c 00 05 00 d8 01 10 00 60 00 00 00 da 01 10 00 01 00 00 00
y11: client 0: event type 22
y11: client 0: request 3834 opcode 12 len 20 bytes: 0c 00 05 00 d4 01 10 00 60 00 00 00 d8 01 10 00 01 00 00 00
y11: client 0: event type 22
y11: client 0: request 3835 opcode 1 len 48 bytes: 01 18 0c 00 af 02 10 00 ae 02 10 00 00 00 00 00 02 00 19 00
y11: client 0: request 3836 opcode 1 len 48 bytes: 01 18 0c 00 b0 02 10 00 ae 02 10 00 e9 ff 00 00 19 00 19 00
y11: client 0: request 3837 opcode 12 len 20 bytes: 0c 00 05 00 af 02 10 00 03 00 10 00 00 00 00 00 00 00 00 00
y11: client 0: request 3838 opcode 12 len 16 bytes: 0c 00 04 00 af 02 10 00 40 00 10 00 00 00 00 00
y11: client 0: request 3839 opcode 8 len 8 bytes: 08 00 02 00 af 02 10 00
y11: client 0: request 3840 opcode 12 len 20 bytes: 0c 00 05 00 ae 02 10 00 0c 00 75 b7 01 00 00 00 1a 00 00 00
y11: client 0: event type 22
y11: client 0: request 3841 opcode 12 len 16 bytes: 0c 00 04 00 ae 02 10 00 10 00 ef 00 01 00 00 00
y11: client 0: event type 22
y11: client 0: request 3842 opcode 84 len 16 bytes: 54 00 04 00 22 00 00 00 00 00 00 00 00 00 b0 00
y11: client 0: reply seq 3842 len 32
y11: client 0: request 3843 opcode 84 len 16 bytes: 54 00 04 00 22 00 00 00 00 00 00 00 00 00 00 00
y11: client 0: reply seq 3843 len 32
y11: client 0: request 3844 opcode 84 len 16 bytes: 54 00 04 00 22 00 00 00 00 ff 00 ff 00 ff 00 00
y11: client 0: reply seq 3844 len 32
y11: client 0: request 3845 opcode 2 len 16 bytes: 02 00 04 00 ae 02 10 00 08 00 00 00 00 00 00 00
y11: client 0: request 3846 opcode 10 len 8 bytes: 0a 00 02 00 b0 02 10 00
y11: client 0: request 3847 opcode 12 len 20 bytes: 0c 00 05 00 af 02 10 00 03 00 00 00 00 00 00 00 00 00 00 00
y11: client 0: request 3848 opcode 1 len 48 bytes: 01 18 0c 00 b1 02 10 00 ae 02 10 00 00 00 19 00 01 00 0a 00
y11: client 0: request 3849 opcode 8 len 8 bytes: 08 00 02 00 b1 02 10 00
y11: client 0: request 3850 opcode 1 len 52 bytes: 01 18 0d 00 b2 02 10 00 21 00 00 00 08 00 02 00 01 00 01 00
y11: client 0: event type 16
y11: client 0: request 3851 opcode 61 len 16 bytes: 3d 00 04 00 b2 02 10 00 00 00 00 00 00 00 00 00
y11: client 0: request 3852 opcode 12 len 20 bytes: 0c 00 05 00 ae 02 10 00 60 00 e2 97 b2 02 10 00 01 00 00 00
y11: client 0: event type 22
y11: client 0: request 3853 opcode 12 len 20 bytes: 0c 00 05 00 aa 02 10 00 60 00 10 00 ae 02 10 00 01 00 00 00
y11: client 0: event type 22
y11: client 0: request 3854 opcode 12 len 20 bytes: 0c 00 05 00 a6 02 10 00 60 00 00 00 aa 02 10 00 01 00 00 00
y11: client 0: event type 22
y11: client 0: request 3855 opcode 12 len 20 bytes: 0c 00 05 00 a2 02 10 00 60 00 10 00 a6 02 10 00 01 00 00 00
y11: client 0: event type 22
y11: client 0: request 3856 opcode 12 len 20 bytes: 0c 00 05 00 9e 02 10 00 60 00 00 00 a2 02 10 00 01 00 00 00
y11: client 0: event type 22
y11: client 0: request 3857 opcode 12 len 20 bytes: 0c 00 05 00 9a 02 10 00 60 00 10 00 9e 02 10 00 01 00 00 00
y11: client 0: event type 22
y11: client 0: request 3858 opcode 12 len 20 bytes: 0c 00 05 00 96 02 10 00 60 00 10 00 9a 02 10 00 01 00 00 00
y11: client 0: event type 22
y11: client 0: request 3859 opcode 12 len 20 bytes: 0c 00 05 00 92 02 10 00 60 00 10 00 96 02 10 00 01 00 00 00
y11: client 0: event type 22
y11: client 0: request 3860 opcode 12 len 20 bytes: 0c 00 05 00 8e 02 10 00 60 00 10 00 92 02 10 00 01 00 00 00
y11: client 0: event type 22
y11: client 0: request 3861 opcode 12 len 20 bytes: 0c 00 05 00 8a 02 10 00 60 00 10 00 8e 02 10 00 01 00 00 00
y11: client 0: event type 22
y11: client 0: request 3862 opcode 12 len 20 bytes: 0c 00 05 00 86 02 10 00 60 00 10 00 8a 02 10 00 01 00 00 00
y11: client 0: event type 22
y11: client 0: request 3863 opcode 12 len 20 bytes: 0c 00 05 00 82 02 10 00 60 00 10 00 86 02 10 00 01 00 00 00
y11: client 0: event type 22
y11: client 0: request 3864 opcode 12 len 20 bytes: 0c 00 05 00 7e 02 10 00 60 00 10 00 82 02 10 00 01 00 00 00
y11: client 0: event type 22
y11: client 0: request 3865 opcode 12 len 20 bytes: 0c 00 05 00 79 02 10 00 60 00 10 00 7e 02 10 00 01 00 00 00
y11: client 0: event type 22
y11: client 0: request 3866 opcode 12 len 20 bytes: 0c 00 05 00 75 02 10 00 60 00 10 00 79 02 10 00 01 00 00 00
y11: client 0: event type 22
y11: client 0: request 3867 opcode 12 len 20 bytes: 0c 00 05 00 71 02 10 00 60 00 10 00 75 02 10 00 01 00 00 00
y11: client 0: event type 22
y11: client 0: request 3868 opcode 12 len 20 bytes: 0c 00 05 00 6d 02 10 00 60 00 10 00 71 02 10 00 01 00 00 00
y11: client 0: event type 22
y11: client 0: request 3869 opcode 12 len 20 bytes: 0c 00 05 00 69 02 10 00 60 00 10 00 6d 02 10 00 01 00 00 00
y11: client 0: event type 22
y11: client 0: request 3870 opcode 12 len 20 bytes: 0c 00 05 00 65 02 10 00 60 00 10 00 69 02 10 00 01 00 00 00
y11: client 0: event type 22
y11: client 0: request 3871 opcode 12 len 20 bytes: 0c 00 05 00 e3 01 10 00 60 00 10 00 65 02 10 00 01 00 00 00
y11: client 0: event type 22
y11: client 0: request 3872 opcode 12 len 20 bytes: 0c 00 05 00 e1 01 10 00 60 00 10 00 e3 01 10 00 01 00 00 00
y11: client 0: event type 22
y11: client 0: request 3873 opcode 12 len 20 bytes: 0c 00 05 00 de 01 10 00 60 00 10 00 e1 01 10 00 01 00 00 00
y11: client 0: event type 22
y11: client 0: request 3874 opcode 12 len 20 bytes: 0c 00 05 00 dc 01 10 00 60 00 10 00 de 01 10 00 01 00 00 00
y11: client 0: event type 22
y11: client 0: request 3875 opcode 12 len 20 bytes: 0c 00 05 00 da 01 10 00 60 00 10 00 dc 01 10 00 01 00 00 00
y11: client 0: event type 22
y11: client 0: request 3876 opcode 12 len 20 bytes: 0c 00 05 00 d8 01 10 00 60 00 10 00 da 01 10 00 01 00 00 00
y11: client 0: event type 22
y11: client 0: request 3877 opcode 12 len 20 bytes: 0c 00 05 00 d4 01 10 00 60 00 10 00 d8 01 10 00 01 00 00 00
y11: client 0: event type 22
y11: client 0: request 3878 opcode 1 len 48 bytes: 01 18 0c 00 b3 02 10 00 b2 02 10 00 00 00 00 00 02 00 19 00
y11: client 0: request 3879 opcode 1 len 48 bytes: 01 18 0c 00 b4 02 10 00 b2 02 10 00 e9 ff 00 00 19 00 19 00
y11: client 0: request 3880 opcode 12 len 20 bytes: 0c 00 05 00 b3 02 10 00 03 00 00 00 00 00 00 00 00 00 00 00
y11: client 0: request 3881 opcode 12 len 16 bytes: 0c 00 04 00 b3 02 10 00 40 00 0c 00 00 00 00 00
y11: client 0: request 3882 opcode 8 len 8 bytes: 08 00 02 00 b3 02 10 00
y11: client 0: request 3883 opcode 12 len 20 bytes: 0c 00 05 00 b2 02 10 00 0c 00 00 00 01 00 00 00 1a 00 00 00
y11: client 0: event type 22
y11: client 0: request 3884 opcode 12 len 16 bytes: 0c 00 04 00 b2 02 10 00 10 00 00 00 01 00 00 00
y11: client 0: event type 22
y11: client 0: request 3885 opcode 84 len 16 bytes: 54 00 04 00 22 00 00 00 00 00 00 00 00 00 00 00
y11: client 0: reply seq 3885 len 32
y11: client 0: request 3886 opcode 84 len 16 bytes: 54 00 04 00 22 00 00 00 00 00 00 00 00 00 02 00
y11: client 0: reply seq 3886 len 32
y11: client 0: request 3887 opcode 84 len 16 bytes: 54 00 04 00 22 00 00 00 00 ff 00 ff 00 ff 02 00
y11: client 0: reply seq 3887 len 32
y11: client 0: request 3888 opcode 2 len 16 bytes: 02 00 04 00 b2 02 10 00 08 00 00 00 00 00 00 00
y11: client 0: request 3889 opcode 10 len 8 bytes: 0a 00 02 00 b4 02 10 00
y11: client 0: request 3890 opcode 12 len 20 bytes: 0c 00 05 00 b3 02 10 00 03 00 00 00 00 00 00 00 00 00 00 00
y11: client 0: request 3891 opcode 1 len 48 bytes: 01 18 0c 00 b5 02 10 00 b2 02 10 00 00 00 19 00 01 00 0a 00
y11: client 0: request 3892 opcode 8 len 8 bytes: 08 00 02 00 b5 02 10 00
y11: client 0: request 3893 opcode 12 len 20 bytes: 0c 00 05 00 73 02 10 00 03 00 00 00 5d 00 00 00 00 00 00 00
y11: client 0: request 3894 opcode 12 len 20 bytes: 0c 00 05 00 72 02 10 00 03 00 10 00 00 00 00 00 00 00 00 00
y11: client 0: request 3895 opcode 12 len 16 bytes: 0c 00 04 00 71 02 10 00 10 00 10 00 01 00 00 00
y11: client 0: event type 22
y11: client 0: request 3896 opcode 84 len 16 bytes: 54 00 04 00 22 00 00 00 00 00 00 00 00 00 00 00
y11: client 0: reply seq 3896 len 32
y11: client 0: request 3897 opcode 84 len 16 bytes: 54 00 04 00 22 00 00 00 00 00 00 00 00 00 00 00
y11: client 0: reply seq 3897 len 32
y11: client 0: request 3898 opcode 84 len 16 bytes: 54 00 04 00 22 00 00 00 00 ff 00 ff 00 ff 00 00
y11: client 0: reply seq 3898 len 32
y11: client 0: request 3899 opcode 2 len 16 bytes: 02 00 04 00 71 02 10 00 08 00 00 00 00 00 00 00
y11: client 0: request 3900 opcode 139 len 148 bytes: 8b 14 25 00 e0 01 10 00 01 00 00 00 78 06 00 00 0b 00 0a 00
y11: client 0: request 3901 opcode 12 len 28 bytes: 0c 00 07 00 74 02 10 00 0f 00 10 00 00 00 00 00 19 00 00 00
y11: client 0: request 3902 opcode 12 len 20 bytes: 0c 00 05 00 71 02 10 00 0c 00 10 00 75 00 00 00 d0 00 00 00
y11: client 0: event type 22
y11: client 0: request 3903 opcode 2 len 16 bytes: 02 00 04 00 74 02 10 00 02 00 00 00 aa aa aa 00
y11: client 0: request 3904 opcode 61 len 16 bytes: 3d 00 04 00 74 02 10 00 00 00 00 00 00 00 00 00
y11: client 0: request 3905 opcode 12 len 20 bytes: 0c 00 05 00 6f 02 10 00 03 00 10 00 5d 00 00 00 00 00 00 00
y11: client 0: request 3906 opcode 12 len 20 bytes: 0c 00 05 00 6e 02 10 00 03 00 10 00 00 00 00 00 00 00 00 00
y11: client 0: request 3907 opcode 12 len 16 bytes: 0c 00 04 00 6d 02 10 00 10 00 10 00 01 00 00 00
y11: client 0: event type 22
y11: client 0: request 3908 opcode 84 len 16 bytes: 54 00 04 00 22 00 00 00 00 00 00 00 00 00 10 00
y11: client 0: reply seq 3908 len 32
y11: client 0: request 3909 opcode 84 len 16 bytes: 54 00 04 00 22 00 00 00 00 00 00 00 00 00 00 00
y11: client 0: reply seq 3909 len 32
y11: client 0: request 3910 opcode 84 len 16 bytes: 54 00 04 00 22 00 00 00 00 ff 00 ff 00 ff 00 00
y11: client 0: reply seq 3910 len 32
y11: client 0: request 3911 opcode 2 len 16 bytes: 02 00 04 00 6d 02 10 00 08 00 00 00 00 00 00 00
y11: client 0: request 3912 opcode 12 len 28 bytes: 0c 00 07 00 70 02 10 00 0f 00 00 00 00 00 00 00 19 00 00 00
y11: client 0: request 3913 opcode 12 len 20 bytes: 0c 00 05 00 6d 02 10 00 0c 00 4b 00 75 00 00 00 d0 00 00 00
y11: client 0: event type 22
y11: client 0: request 3914 opcode 2 len 16 bytes: 02 00 04 00 70 02 10 00 02 00 00 00 aa aa aa 00
y11: client 0: request 3915 opcode 61 len 16 bytes: 3d 00 04 00 70 02 10 00 00 00 00 00 00 00 00 00
y11: client 0: request 3916 opcode 1 len 52 bytes: 01 18 0d 00 b6 02 10 00 21 00 00 00 08 00 02 00 01 00 01 00
y11: client 0: event type 16
y11: client 0: request 3917 opcode 61 len 16 bytes: 3d 00 04 00 b6 02 10 00 00 00 00 00 00 00 00 00
y11: client 0: request 3918 opcode 12 len 20 bytes: 0c 00 05 00 b2 02 10 00 60 00 10 00 b6 02 10 00 01 00 00 00
y11: client 0: event type 22
y11: client 0: request 3919 opcode 12 len 20 bytes: 0c 00 05 00 ae 02 10 00 60 00 05 00 b2 02 10 00 01 00 00 00
y11: client 0: event type 22
y11: client 0: request 3920 opcode 12 len 20 bytes: 0c 00 05 00 aa 02 10 00 60 00 04 00 ae 02 10 00 01 00 00 00
y11: client 0: event type 22
y11: client 0: request 3921 opcode 12 len 20 bytes: 0c 00 05 00 a6 02 10 00 60 00 10 00 aa 02 10 00 01 00 00 00
y11: client 0: event type 22
y11: client 0: request 3922 opcode 12 len 20 bytes: 0c 00 05 00 a2 02 10 00 60 00 10 00 a6 02 10 00 01 00 00 00
y11: client 0: event type 22
y11: client 0: request 3923 opcode 12 len 20 bytes: 0c 00 05 00 9e 02 10 00 60 00 10 00 a2 02 10 00 01 00 00 00
y11: client 0: event type 22
y11: client 0: request 3924 opcode 12 len 20 bytes: 0c 00 05 00 9a 02 10 00 60 00 10 00 9e 02 10 00 01 00 00 00
y11: client 0: event type 22
y11: client 0: request 3925 opcode 12 len 20 bytes: 0c 00 05 00 96 02 10 00 60 00 10 00 9a 02 10 00 01 00 00 00
y11: client 0: event type 22
y11: client 0: request 3926 opcode 12 len 20 bytes: 0c 00 05 00 92 02 10 00 60 00 10 00 96 02 10 00 01 00 00 00
y11: client 0: event type 22
y11: client 0: request 3927 opcode 12 len 20 bytes: 0c 00 05 00 8e 02 10 00 60 00 10 00 92 02 10 00 01 00 00 00
y11: client 0: event type 22
y11: client 0: request 3928 opcode 12 len 20 bytes: 0c 00 05 00 8a 02 10 00 60 00 10 00 8e 02 10 00 01 00 00 00
y11: client 0: event type 22
y11: client 0: request 3929 opcode 12 len 20 bytes: 0c 00 05 00 86 02 10 00 60 00 10 00 8a 02 10 00 01 00 00 00
y11: client 0: event type 22
y11: client 0: request 3930 opcode 12 len 20 bytes: 0c 00 05 00 82 02 10 00 60 00 10 00 86 02 10 00 01 00 00 00
y11: client 0: event type 22
y11: client 0: request 3931 opcode 12 len 20 bytes: 0c 00 05 00 7e 02 10 00 60 00 10 00 82 02 10 00 01 00 00 00
y11: client 0: event type 22
y11: client 0: request 3932 opcode 12 len 20 bytes: 0c 00 05 00 79 02 10 00 60 00 10 00 7e 02 10 00 01 00 00 00
y11: client 0: event type 22
y11: client 0: request 3933 opcode 12 len 20 bytes: 0c 00 05 00 75 02 10 00 60 00 10 00 79 02 10 00 01 00 00 00
y11: client 0: event type 22
y11: client 0: request 3934 opcode 12 len 20 bytes: 0c 00 05 00 71 02 10 00 60 00 10 00 75 02 10 00 01 00 00 00
y11: client 0: event type 22
y11: client 0: request 3935 opcode 12 len 20 bytes: 0c 00 05 00 6d 02 10 00 60 00 10 00 71 02 10 00 01 00 00 00
y11: client 0: event type 22
y11: client 0: request 3936 opcode 12 len 20 bytes: 0c 00 05 00 69 02 10 00 60 00 10 00 6d 02 10 00 01 00 00 00
y11: client 0: event type 22
y11: client 0: request 3937 opcode 12 len 20 bytes: 0c 00 05 00 65 02 10 00 60 00 10 00 69 02 10 00 01 00 00 00
y11: client 0: event type 22
y11: client 0: request 3938 opcode 12 len 20 bytes: 0c 00 05 00 e3 01 10 00 60 00 10 00 65 02 10 00 01 00 00 00
y11: client 0: event type 22
y11: client 0: request 3939 opcode 12 len 20 bytes: 0c 00 05 00 e1 01 10 00 60 00 10 00 e3 01 10 00 01 00 00 00
y11: client 0: event type 22
y11: client 0: request 3940 opcode 12 len 20 bytes: 0c 00 05 00 de 01 10 00 60 00 00 00 e1 01 10 00 01 00 00 00
y11: client 0: event type 22
y11: client 0: request 3941 opcode 12 len 20 bytes: 0c 00 05 00 dc 01 10 00 60 00 00 00 de 01 10 00 01 00 00 00
y11: client 0: event type 22
y11: client 0: request 3942 opcode 12 len 20 bytes: 0c 00 05 00 da 01 10 00 60 00 19 00 dc 01 10 00 01 00 00 00
y11: client 0: event type 22
y11: client 0: request 3943 opcode 12 len 20 bytes: 0c 00 05 00 d8 01 10 00 60 00 00 00 da 01 10 00 01 00 00 00
y11: client 0: event type 22
y11: client 0: request 3944 opcode 12 len 20 bytes: 0c 00 05 00 d4 01 10 00 60 00 00 00 d8 01 10 00 01 00 00 00
y11: client 0: event type 22
y11: client 0: request 3945 opcode 1 len 48 bytes: 01 18 0c 00 b7 02 10 00 b6 02 10 00 00 00 00 00 02 00 19 00
y11: client 0: request 3946 opcode 1 len 48 bytes: 01 18 0c 00 b8 02 10 00 b6 02 10 00 e9 ff 00 00 19 00 19 00
y11: client 0: request 3947 opcode 12 len 20 bytes: 0c 00 05 00 b7 02 10 00 03 00 10 00 00 00 00 00 00 00 00 00
y11: client 0: request 3948 opcode 12 len 16 bytes: 0c 00 04 00 b7 02 10 00 40 00 10 00 00 00 00 00
y11: client 0: request 3949 opcode 8 len 8 bytes: 08 00 02 00 b7 02 10 00
y11: client 0: request 3950 opcode 12 len 20 bytes: 0c 00 05 00 b6 02 10 00 0c 00 b0 00 01 00 00 00 1a 00 00 00
y11: client 0: event type 22
y11: client 0: request 3951 opcode 12 len 16 bytes: 0c 00 04 00 b6 02 10 00 10 00 10 00 01 00 00 00
y11: client 0: event type 22
y11: client 0: request 3952 opcode 84 len 16 bytes: 54 00 04 00 22 00 00 00 00 00 00 00 00 00 00 00
y11: client 0: reply seq 3952 len 32
y11: client 0: request 3953 opcode 84 len 16 bytes: 54 00 04 00 22 00 00 00 00 00 00 00 00 00 00 00
y11: client 0: reply seq 3953 len 32
y11: client 0: request 3954 opcode 84 len 16 bytes: 54 00 04 00 22 00 00 00 00 ff 00 ff 00 ff 00 00
y11: client 0: reply seq 3954 len 32
y11: client 0: request 3955 opcode 2 len 16 bytes: 02 00 04 00 b6 02 10 00 08 00 00 00 00 00 00 00
y11: client 0: request 3956 opcode 10 len 8 bytes: 0a 00 02 00 b8 02 10 00
y11: client 0: request 3957 opcode 12 len 20 bytes: 0c 00 05 00 b7 02 10 00 03 00 00 00 00 00 00 00 00 00 00 00
y11: client 0: request 3958 opcode 1 len 48 bytes: 01 18 0c 00 b9 02 10 00 b6 02 10 00 00 00 19 00 01 00 0a 00
y11: client 0: request 3959 opcode 8 len 8 bytes: 08 00 02 00 b9 02 10 00
y11: client 0: request 3960 opcode 1 len 52 bytes: 01 18 0d 00 ba 02 10 00 21 00 00 00 08 00 02 00 01 00 01 00
y11: client 0: event type 16
y11: client 0: request 3961 opcode 61 len 16 bytes: 3d 00 04 00 ba 02 10 00 00 00 00 00 00 00 00 00
y11: client 0: request 3962 opcode 12 len 20 bytes: 0c 00 05 00 b6 02 10 00 60 00 e2 97 ba 02 10 00 01 00 00 00
y11: client 0: event type 22
y11: client 0: request 3963 opcode 12 len 20 bytes: 0c 00 05 00 b2 02 10 00 60 00 10 00 b6 02 10 00 01 00 00 00
y11: client 0: event type 22
y11: client 0: request 3964 opcode 12 len 20 bytes: 0c 00 05 00 ae 02 10 00 60 00 00 00 b2 02 10 00 01 00 00 00
y11: client 0: event type 22
y11: client 0: request 3965 opcode 12 len 20 bytes: 0c 00 05 00 aa 02 10 00 60 00 10 00 ae 02 10 00 01 00 00 00
y11: client 0: event type 22
y11: client 0: request 3966 opcode 12 len 20 bytes: 0c 00 05 00 a6 02 10 00 60 00 00 00 aa 02 10 00 01 00 00 00
y11: client 0: event type 22
y11: client 0: request 3967 opcode 12 len 20 bytes: 0c 00 05 00 a2 02 10 00 60 00 10 00 a6 02 10 00 01 00 00 00
y11: client 0: event type 22
y11: client 0: request 3968 opcode 12 len 20 bytes: 0c 00 05 00 9e 02 10 00 60 00 10 00 a2 02 10 00 01 00 00 00
y11: client 0: event type 22
y11: client 0: request 3969 opcode 12 len 20 bytes: 0c 00 05 00 9a 02 10 00 60 00 10 00 9e 02 10 00 01 00 00 00
y11: client 0: event type 22
y11: client 0: request 3970 opcode 12 len 20 bytes: 0c 00 05 00 96 02 10 00 60 00 10 00 9a 02 10 00 01 00 00 00
y11: client 0: event type 22
y11: client 0: request 3971 opcode 12 len 20 bytes: 0c 00 05 00 92 02 10 00 60 00 10 00 96 02 10 00 01 00 00 00
y11: client 0: event type 22
y11: client 0: request 3972 opcode 12 len 20 bytes: 0c 00 05 00 8e 02 10 00 60 00 10 00 92 02 10 00 01 00 00 00
y11: client 0: event type 22
y11: client 0: request 3973 opcode 12 len 20 bytes: 0c 00 05 00 8a 02 10 00 60 00 10 00 8e 02 10 00 01 00 00 00
y11: client 0: event type 22
y11: client 0: request 3974 opcode 12 len 20 bytes: 0c 00 05 00 86 02 10 00 60 00 10 00 8a 02 10 00 01 00 00 00
y11: client 0: event type 22
y11: client 0: request 3975 opcode 12 len 20 bytes: 0c 00 05 00 82 02 10 00 60 00 10 00 86 02 10 00 01 00 00 00
y11: client 0: event type 22
y11: client 0: request 3976 opcode 12 len 20 bytes: 0c 00 05 00 7e 02 10 00 60 00 10 00 82 02 10 00 01 00 00 00
y11: client 0: event type 22
y11: client 0: request 3977 opcode 12 len 20 bytes: 0c 00 05 00 79 02 10 00 60 00 10 00 7e 02 10 00 01 00 00 00
y11: client 0: event type 22
y11: client 0: request 3978 opcode 12 len 20 bytes: 0c 00 05 00 75 02 10 00 60 00 10 00 79 02 10 00 01 00 00 00
y11: client 0: event type 22
y11: client 0: request 3979 opcode 12 len 20 bytes: 0c 00 05 00 71 02 10 00 60 00 10 00 75 02 10 00 01 00 00 00
y11: client 0: event type 22
y11: client 0: request 3980 opcode 12 len 20 bytes: 0c 00 05 00 6d 02 10 00 60 00 10 00 71 02 10 00 01 00 00 00
y11: client 0: event type 22
y11: client 0: request 3981 opcode 12 len 20 bytes: 0c 00 05 00 69 02 10 00 60 00 10 00 6d 02 10 00 01 00 00 00
y11: client 0: event type 22
y11: client 0: request 3982 opcode 12 len 20 bytes: 0c 00 05 00 65 02 10 00 60 00 10 00 69 02 10 00 01 00 00 00
y11: client 0: event type 22
y11: client 0: request 3983 opcode 12 len 20 bytes: 0c 00 05 00 e3 01 10 00 60 00 10 00 65 02 10 00 01 00 00 00
y11: client 0: event type 22
y11: client 0: request 3984 opcode 12 len 20 bytes: 0c 00 05 00 e1 01 10 00 60 00 10 00 e3 01 10 00 01 00 00 00
y11: client 0: event type 22
y11: client 0: request 3985 opcode 12 len 20 bytes: 0c 00 05 00 de 01 10 00 60 00 10 00 e1 01 10 00 01 00 00 00
y11: client 0: event type 22
y11: client 0: request 3986 opcode 12 len 20 bytes: 0c 00 05 00 dc 01 10 00 60 00 10 00 de 01 10 00 01 00 00 00
y11: client 0: event type 22
y11: client 0: request 3987 opcode 12 len 20 bytes: 0c 00 05 00 da 01 10 00 60 00 10 00 dc 01 10 00 01 00 00 00
y11: client 0: event type 22
y11: client 0: request 3988 opcode 12 len 20 bytes: 0c 00 05 00 d8 01 10 00 60 00 10 00 da 01 10 00 01 00 00 00
y11: client 0: event type 22
y11: client 0: request 3989 opcode 12 len 20 bytes: 0c 00 05 00 d4 01 10 00 60 00 10 00 d8 01 10 00 01 00 00 00
y11: client 0: event type 22
y11: client 0: request 3990 opcode 1 len 48 bytes: 01 18 0c 00 bb 02 10 00 ba 02 10 00 00 00 00 00 02 00 19 00
y11: client 0: request 3991 opcode 1 len 48 bytes: 01 18 0c 00 bc 02 10 00 ba 02 10 00 e9 ff 00 00 19 00 19 00
y11: client 0: request 3992 opcode 12 len 20 bytes: 0c 00 05 00 bb 02 10 00 03 00 00 00 00 00 00 00 00 00 00 00
y11: client 0: request 3993 opcode 12 len 16 bytes: 0c 00 04 00 bb 02 10 00 40 00 0c 00 00 00 00 00
y11: client 0: request 3994 opcode 8 len 8 bytes: 08 00 02 00 bb 02 10 00
y11: client 0: request 3995 opcode 12 len 20 bytes: 0c 00 05 00 ba 02 10 00 0c 00 00 00 01 00 00 00 1a 00 00 00
y11: client 0: event type 22
y11: client 0: request 3996 opcode 12 len 16 bytes: 0c 00 04 00 ba 02 10 00 10 00 00 00 01 00 00 00
y11: client 0: event type 22
y11: client 0: request 3997 opcode 84 len 16 bytes: 54 00 04 00 22 00 00 00 00 00 00 00 00 00 00 00
y11: client 0: reply seq 3997 len 32
y11: client 0: request 3998 opcode 84 len 16 bytes: 54 00 04 00 22 00 00 00 00 00 00 00 00 00 02 00
y11: client 0: reply seq 3998 len 32
y11: client 0: request 3999 opcode 84 len 16 bytes: 54 00 04 00 22 00 00 00 00 ff 00 ff 00 ff 02 00
y11: client 0: reply seq 3999 len 32
y11: client 0: request 4000 opcode 2 len 16 bytes: 02 00 04 00 ba 02 10 00 08 00 00 00 00 00 00 00
y11: client 0: request 4001 opcode 10 len 8 bytes: 0a 00 02 00 bc 02 10 00
y11: client 0: request 4002 opcode 12 len 20 bytes: 0c 00 05 00 bb 02 10 00 03 00 00 00 00 00 00 00 00 00 00 00
y11: client 0: request 4003 opcode 1 len 48 bytes: 01 18 0c 00 bd 02 10 00 ba 02 10 00 00 00 19 00 01 00 0a 00
y11: client 0: request 4004 opcode 8 len 8 bytes: 08 00 02 00 bd 02 10 00
y11: client 0: request 4005 opcode 12 len 20 bytes: 0c 00 05 00 73 02 10 00 03 00 00 00 5d 00 00 00 00 00 00 00
y11: client 0: request 4006 opcode 12 len 20 bytes: 0c 00 05 00 72 02 10 00 03 00 10 00 00 00 00 00 00 00 00 00
y11: client 0: request 4007 opcode 12 len 16 bytes: 0c 00 04 00 71 02 10 00 10 00 10 00 01 00 00 00
y11: client 0: event type 22
y11: client 0: request 4008 opcode 84 len 16 bytes: 54 00 04 00 22 00 00 00 00 00 00 00 00 00 00 00
y11: client 0: reply seq 4008 len 32
y11: client 0: request 4009 opcode 84 len 16 bytes: 54 00 04 00 22 00 00 00 00 00 00 00 00 00 00 00
y11: client 0: reply seq 4009 len 32
y11: client 0: request 4010 opcode 84 len 16 bytes: 54 00 04 00 22 00 00 00 00 ff 00 ff 00 ff 00 00
y11: client 0: reply seq 4010 len 32
y11: client 0: request 4011 opcode 2 len 16 bytes: 02 00 04 00 71 02 10 00 08 00 00 00 00 00 00 00
y11: client 0: request 4012 opcode 12 len 28 bytes: 0c 00 07 00 74 02 10 00 0f 00 10 00 00 00 00 00 19 00 00 00
y11: client 0: request 4013 opcode 12 len 20 bytes: 0c 00 05 00 71 02 10 00 0c 00 00 00 75 00 00 00 e7 00 00 00
y11: client 0: event type 22
y11: client 0: request 4014 opcode 2 len 16 bytes: 02 00 04 00 74 02 10 00 02 00 00 00 aa aa aa 00
y11: client 0: request 4015 opcode 61 len 16 bytes: 3d 00 04 00 74 02 10 00 00 00 00 00 00 00 00 00
y11: client 0: request 4016 opcode 12 len 20 bytes: 0c 00 05 00 6f 02 10 00 03 00 00 00 5d 00 00 00 00 00 00 00
y11: client 0: request 4017 opcode 12 len 20 bytes: 0c 00 05 00 6e 02 10 00 03 00 00 00 00 00 00 00 00 00 00 00
y11: client 0: request 4018 opcode 12 len 16 bytes: 0c 00 04 00 6d 02 10 00 10 00 00 00 01 00 00 00
y11: client 0: event type 22
y11: client 0: request 4019 opcode 84 len 16 bytes: 54 00 04 00 22 00 00 00 00 00 00 00 00 00 00 00
y11: client 0: reply seq 4019 len 32
y11: client 0: request 4020 opcode 84 len 16 bytes: 54 00 04 00 22 00 00 00 00 00 00 00 00 00 00 00
y11: client 0: reply seq 4020 len 32
y11: client 0: request 4021 opcode 84 len 16 bytes: 54 00 04 00 22 00 00 00 00 ff 00 ff 00 ff 00 00
y11: client 0: reply seq 4021 len 32
y11: client 0: request 4022 opcode 2 len 16 bytes: 02 00 04 00 6d 02 10 00 08 00 00 00 00 00 00 00
y11: client 0: request 4023 opcode 12 len 28 bytes: 0c 00 07 00 70 02 10 00 0f 00 10 00 00 00 00 00 19 00 00 00
y11: client 0: request 4024 opcode 12 len 20 bytes: 0c 00 05 00 6d 02 10 00 0c 00 00 00 75 00 00 00 e7 00 00 00
y11: client 0: event type 22
y11: client 0: request 4025 opcode 2 len 16 bytes: 02 00 04 00 70 02 10 00 02 00 00 00 aa aa aa 00
y11: client 0: request 4026 opcode 61 len 16 bytes: 3d 00 04 00 70 02 10 00 00 00 00 00 00 00 00 00
y11: client 0: request 4027 opcode 1 len 52 bytes: 01 18 0d 00 be 02 10 00 21 00 00 00 08 00 02 00 01 00 01 00
y11: client 0: event type 16
y11: client 0: request 4028 opcode 61 len 16 bytes: 3d 00 04 00 be 02 10 00 00 00 00 00 00 00 00 00
y11: client 0: request 4029 opcode 12 len 20 bytes: 0c 00 05 00 ba 02 10 00 60 00 10 00 be 02 10 00 01 00 00 00
y11: client 0: event type 22
y11: client 0: request 4030 opcode 12 len 20 bytes: 0c 00 05 00 b6 02 10 00 60 00 10 00 ba 02 10 00 01 00 00 00
y11: client 0: event type 22
y11: client 0: request 4031 opcode 12 len 20 bytes: 0c 00 05 00 b2 02 10 00 60 00 10 00 b6 02 10 00 01 00 00 00
y11: client 0: event type 22
y11: client 0: request 4032 opcode 12 len 20 bytes: 0c 00 05 00 ae 02 10 00 60 00 10 00 b2 02 10 00 01 00 00 00
y11: client 0: event type 22
y11: client 0: request 4033 opcode 12 len 20 bytes: 0c 00 05 00 aa 02 10 00 60 00 10 00 ae 02 10 00 01 00 00 00
y11: client 0: event type 22
y11: client 0: request 4034 opcode 12 len 20 bytes: 0c 00 05 00 a6 02 10 00 60 00 10 00 aa 02 10 00 01 00 00 00
y11: client 0: event type 22
y11: client 0: request 4035 opcode 12 len 20 bytes: 0c 00 05 00 a2 02 10 00 60 00 10 00 a6 02 10 00 01 00 00 00
y11: client 0: event type 22
y11: client 0: request 4036 opcode 12 len 20 bytes: 0c 00 05 00 9e 02 10 00 60 00 10 00 a2 02 10 00 01 00 00 00
y11: client 0: event type 22
y11: client 0: request 4037 opcode 12 len 20 bytes: 0c 00 05 00 9a 02 10 00 60 00 10 00 9e 02 10 00 01 00 00 00
y11: client 0: event type 22
y11: client 0: request 4038 opcode 12 len 20 bytes: 0c 00 05 00 96 02 10 00 60 00 10 00 9a 02 10 00 01 00 00 00
y11: client 0: event type 22
y11: client 0: request 4039 opcode 12 len 20 bytes: 0c 00 05 00 92 02 10 00 60 00 10 00 96 02 10 00 01 00 00 00
y11: client 0: event type 22
y11: client 0: request 4040 opcode 12 len 20 bytes: 0c 00 05 00 8e 02 10 00 60 00 10 00 92 02 10 00 01 00 00 00
y11: client 0: event type 22
y11: client 0: request 4041 opcode 12 len 20 bytes: 0c 00 05 00 8a 02 10 00 60 00 10 00 8e 02 10 00 01 00 00 00
y11: client 0: event type 22
y11: client 0: request 4042 opcode 12 len 20 bytes: 0c 00 05 00 86 02 10 00 60 00 10 00 8a 02 10 00 01 00 00 00
y11: client 0: event type 22
y11: client 0: request 4043 opcode 12 len 20 bytes: 0c 00 05 00 82 02 10 00 60 00 10 00 86 02 10 00 01 00 00 00
y11: client 0: event type 22
y11: client 0: request 4044 opcode 12 len 20 bytes: 0c 00 05 00 7e 02 10 00 60 00 10 00 82 02 10 00 01 00 00 00
y11: client 0: event type 22
y11: client 0: request 4045 opcode 12 len 20 bytes: 0c 00 05 00 79 02 10 00 60 00 10 00 7e 02 10 00 01 00 00 00
y11: client 0: event type 22
y11: client 0: request 4046 opcode 12 len 20 bytes: 0c 00 05 00 75 02 10 00 60 00 10 00 79 02 10 00 01 00 00 00
y11: client 0: event type 22
y11: client 0: request 4047 opcode 12 len 20 bytes: 0c 00 05 00 71 02 10 00 60 00 10 00 75 02 10 00 01 00 00 00
y11: client 0: event type 22
y11: client 0: request 4048 opcode 12 len 20 bytes: 0c 00 05 00 6d 02 10 00 60 00 10 00 71 02 10 00 01 00 00 00
y11: client 0: event type 22
y11: client 0: request 4049 opcode 12 len 20 bytes: 0c 00 05 00 69 02 10 00 60 00 10 00 6d 02 10 00 01 00 00 00
y11: client 0: event type 22
y11: client 0: request 4050 opcode 12 len 20 bytes: 0c 00 05 00 65 02 10 00 60 00 10 00 69 02 10 00 01 00 00 00
y11: client 0: event type 22
y11: client 0: request 4051 opcode 12 len 20 bytes: 0c 00 05 00 e3 01 10 00 60 00 10 00 65 02 10 00 01 00 00 00
y11: client 0: event type 22
y11: client 0: request 4052 opcode 12 len 20 bytes: 0c 00 05 00 e1 01 10 00 60 00 10 00 e3 01 10 00 01 00 00 00
y11: client 0: event type 22
y11: client 0: request 4053 opcode 12 len 20 bytes: 0c 00 05 00 de 01 10 00 60 00 00 00 e1 01 10 00 01 00 00 00
y11: client 0: event type 22
y11: client 0: request 4054 opcode 12 len 20 bytes: 0c 00 05 00 dc 01 10 00 60 00 00 00 de 01 10 00 01 00 00 00
y11: client 0: event type 22
y11: client 0: request 4055 opcode 12 len 20 bytes: 0c 00 05 00 da 01 10 00 60 00 19 00 dc 01 10 00 01 00 00 00
y11: client 0: event type 22
y11: client 0: request 4056 opcode 12 len 20 bytes: 0c 00 05 00 d8 01 10 00 60 00 00 00 da 01 10 00 01 00 00 00
y11: client 0: event type 22
y11: client 0: request 4057 opcode 12 len 20 bytes: 0c 00 05 00 d4 01 10 00 60 00 00 00 d8 01 10 00 01 00 00 00
y11: client 0: event type 22
y11: client 0: request 4058 opcode 1 len 48 bytes: 01 18 0c 00 bf 02 10 00 be 02 10 00 00 00 00 00 02 00 19 00
y11: client 0: request 4059 opcode 1 len 48 bytes: 01 18 0c 00 c0 02 10 00 be 02 10 00 e9 ff 00 00 19 00 19 00
y11: client 0: request 4060 opcode 12 len 20 bytes: 0c 00 05 00 bf 02 10 00 03 00 10 00 00 00 00 00 00 00 00 00
y11: client 0: request 4061 opcode 12 len 16 bytes: 0c 00 04 00 bf 02 10 00 40 00 10 00 00 00 00 00
y11: client 0: request 4062 opcode 8 len 8 bytes: 08 00 02 00 bf 02 10 00
y11: client 0: request 4063 opcode 12 len 20 bytes: 0c 00 05 00 be 02 10 00 0c 00 00 00 01 00 00 00 1a 00 00 00
y11: client 0: event type 22
y11: client 0: request 4064 opcode 12 len 16 bytes: 0c 00 04 00 be 02 10 00 10 00 cb 4b 01 00 00 00
y11: client 0: event type 22
y11: client 0: request 4065 opcode 84 len 16 bytes: 54 00 04 00 22 00 00 00 00 00 00 00 00 00 00 00
y11: client 0: reply seq 4065 len 32
y11: client 0: request 4066 opcode 84 len 16 bytes: 54 00 04 00 22 00 00 00 00 00 00 00 00 00 00 00
y11: client 0: reply seq 4066 len 32
y11: client 0: request 4067 opcode 84 len 16 bytes: 54 00 04 00 22 00 00 00 00 ff 00 ff 00 ff 00 00
y11: client 0: reply seq 4067 len 32
y11: client 0: request 4068 opcode 2 len 16 bytes: 02 00 04 00 be 02 10 00 08 00 00 00 00 00 00 00
y11: client 0: request 4069 opcode 10 len 8 bytes: 0a 00 02 00 c0 02 10 00
y11: client 0: request 4070 opcode 12 len 20 bytes: 0c 00 05 00 bf 02 10 00 03 00 00 00 00 00 00 00 00 00 00 00
y11: client 0: request 4071 opcode 1 len 48 bytes: 01 18 0c 00 c1 02 10 00 be 02 10 00 00 00 19 00 01 00 0a 00
y11: client 0: request 4072 opcode 8 len 8 bytes: 08 00 02 00 c1 02 10 00
y11: client 0: request 4073 opcode 1 len 52 bytes: 01 18 0d 00 c2 02 10 00 21 00 00 00 08 00 02 00 01 00 01 00
y11: client 0: event type 16
y11: client 0: request 4074 opcode 61 len 16 bytes: 3d 00 04 00 c2 02 10 00 00 00 00 00 00 00 00 00
y11: client 0: request 4075 opcode 12 len 20 bytes: 0c 00 05 00 be 02 10 00 60 00 e2 97 c2 02 10 00 01 00 00 00
y11: client 0: event type 22
y11: client 0: request 4076 opcode 12 len 20 bytes: 0c 00 05 00 ba 02 10 00 60 00 10 00 be 02 10 00 01 00 00 00
y11: client 0: event type 22
y11: client 0: request 4077 opcode 12 len 20 bytes: 0c 00 05 00 b6 02 10 00 60 00 00 00 ba 02 10 00 01 00 00 00
y11: client 0: event type 22
y11: client 0: request 4078 opcode 12 len 20 bytes: 0c 00 05 00 b2 02 10 00 60 00 10 00 b6 02 10 00 01 00 00 00
y11: client 0: event type 22
y11: client 0: request 4079 opcode 12 len 20 bytes: 0c 00 05 00 ae 02 10 00 60 00 00 00 b2 02 10 00 01 00 00 00
y11: client 0: event type 22
y11: client 0: request 4080 opcode 12 len 20 bytes: 0c 00 05 00 aa 02 10 00 60 00 10 00 ae 02 10 00 01 00 00 00
y11: client 0: event type 22
y11: client 0: request 4081 opcode 12 len 20 bytes: 0c 00 05 00 a6 02 10 00 60 00 10 00 aa 02 10 00 01 00 00 00
y11: client 0: event type 22
y11: client 0: request 4082 opcode 12 len 20 bytes: 0c 00 05 00 a2 02 10 00 60 00 10 00 a6 02 10 00 01 00 00 00
y11: client 0: event type 22
y11: client 0: request 4083 opcode 12 len 20 bytes: 0c 00 05 00 9e 02 10 00 60 00 10 00 a2 02 10 00 01 00 00 00
y11: client 0: event type 22
y11: client 0: request 4084 opcode 12 len 20 bytes: 0c 00 05 00 9a 02 10 00 60 00 10 00 9e 02 10 00 01 00 00 00
y11: client 0: event type 22
y11: client 0: request 4085 opcode 12 len 20 bytes: 0c 00 05 00 96 02 10 00 60 00 10 00 9a 02 10 00 01 00 00 00
y11: client 0: event type 22
y11: client 0: request 4086 opcode 12 len 20 bytes: 0c 00 05 00 92 02 10 00 60 00 10 00 96 02 10 00 01 00 00 00
y11: client 0: event type 22
y11: client 0: request 4087 opcode 12 len 20 bytes: 0c 00 05 00 8e 02 10 00 60 00 10 00 92 02 10 00 01 00 00 00
y11: client 0: event type 22
y11: client 0: request 4088 opcode 12 len 20 bytes: 0c 00 05 00 8a 02 10 00 60 00 10 00 8e 02 10 00 01 00 00 00
y11: client 0: event type 22
y11: client 0: request 4089 opcode 12 len 20 bytes: 0c 00 05 00 86 02 10 00 60 00 10 00 8a 02 10 00 01 00 00 00
y11: client 0: event type 22
y11: client 0: request 4090 opcode 12 len 20 bytes: 0c 00 05 00 82 02 10 00 60 00 10 00 86 02 10 00 01 00 00 00
y11: client 0: event type 22
y11: client 0: request 4091 opcode 12 len 20 bytes: 0c 00 05 00 7e 02 10 00 60 00 10 00 82 02 10 00 01 00 00 00
y11: client 0: event type 22
y11: client 0: request 4092 opcode 12 len 20 bytes: 0c 00 05 00 79 02 10 00 60 00 10 00 7e 02 10 00 01 00 00 00
y11: client 0: event type 22
y11: client 0: request 4093 opcode 12 len 20 bytes: 0c 00 05 00 75 02 10 00 60 00 10 00 79 02 10 00 01 00 00 00
y11: client 0: event type 22
y11: client 0: request 4094 opcode 12 len 20 bytes: 0c 00 05 00 71 02 10 00 60 00 10 00 75 02 10 00 01 00 00 00
y11: client 0: event type 22
y11: client 0: request 4095 opcode 12 len 20 bytes: 0c 00 05 00 6d 02 10 00 60 00 10 00 71 02 10 00 01 00 00 00
y11: client 0: event type 22
y11: client 0: request 4096 opcode 12 len 20 bytes: 0c 00 05 00 69 02 10 00 60 00 10 00 6d 02 10 00 01 00 00 00
y11: client 0: event type 22
y11: client 0: request 4097 opcode 12 len 20 bytes: 0c 00 05 00 65 02 10 00 60 00 10 00 69 02 10 00 01 00 00 00
y11: client 0: event type 22
y11: client 0: request 4098 opcode 12 len 20 bytes: 0c 00 05 00 e3 01 10 00 60 00 10 00 65 02 10 00 01 00 00 00
y11: client 0: event type 22
y11: client 0: request 4099 opcode 12 len 20 bytes: 0c 00 05 00 e1 01 10 00 60 00 10 00 e3 01 10 00 01 00 00 00
y11: client 0: event type 22
y11: client 0: request 4100 opcode 12 len 20 bytes: 0c 00 05 00 de 01 10 00 60 00 10 00 e1 01 10 00 01 00 00 00
y11: client 0: event type 22
y11: client 0: request 4101 opcode 12 len 20 bytes: 0c 00 05 00 dc 01 10 00 60 00 10 00 de 01 10 00 01 00 00 00
y11: client 0: event type 22
y11: client 0: request 4102 opcode 12 len 20 bytes: 0c 00 05 00 da 01 10 00 60 00 10 00 dc 01 10 00 01 00 00 00
y11: client 0: event type 22
y11: client 0: request 4103 opcode 12 len 20 bytes: 0c 00 05 00 d8 01 10 00 60 00 10 00 da 01 10 00 01 00 00 00
y11: client 0: event type 22
y11: client 0: request 4104 opcode 12 len 20 bytes: 0c 00 05 00 d4 01 10 00 60 00 10 00 d8 01 10 00 01 00 00 00
y11: client 0: event type 22
y11: client 0: request 4105 opcode 1 len 48 bytes: 01 18 0c 00 c3 02 10 00 c2 02 10 00 00 00 00 00 02 00 19 00
y11: client 0: request 4106 opcode 1 len 48 bytes: 01 18 0c 00 c4 02 10 00 c2 02 10 00 e9 ff 00 00 19 00 19 00
y11: client 0: request 4107 opcode 12 len 20 bytes: 0c 00 05 00 c3 02 10 00 03 00 00 00 00 00 00 00 00 00 00 00
y11: client 0: request 4108 opcode 12 len 16 bytes: 0c 00 04 00 c3 02 10 00 40 00 0c 00 00 00 00 00
y11: client 0: request 4109 opcode 8 len 8 bytes: 08 00 02 00 c3 02 10 00
y11: client 0: request 4110 opcode 12 len 20 bytes: 0c 00 05 00 c2 02 10 00 0c 00 00 00 01 00 00 00 1a 00 00 00
y11: client 0: event type 22
y11: client 0: request 4111 opcode 12 len 16 bytes: 0c 00 04 00 c2 02 10 00 10 00 00 00 01 00 00 00
y11: client 0: event type 22
y11: client 0: request 4112 opcode 84 len 16 bytes: 54 00 04 00 22 00 00 00 00 00 00 00 00 00 00 00
y11: client 0: reply seq 4112 len 32
y11: client 0: request 4113 opcode 84 len 16 bytes: 54 00 04 00 22 00 00 00 00 00 00 00 00 00 02 00
y11: client 0: reply seq 4113 len 32
y11: client 0: request 4114 opcode 84 len 16 bytes: 54 00 04 00 22 00 00 00 00 ff 00 ff 00 ff 02 00
y11: client 0: reply seq 4114 len 32
y11: client 0: request 4115 opcode 2 len 16 bytes: 02 00 04 00 c2 02 10 00 08 00 00 00 00 00 00 00
y11: client 0: request 4116 opcode 10 len 8 bytes: 0a 00 02 00 c4 02 10 00
y11: client 0: request 4117 opcode 12 len 20 bytes: 0c 00 05 00 c3 02 10 00 03 00 00 00 00 00 00 00 00 00 00 00
y11: client 0: request 4118 opcode 1 len 48 bytes: 01 18 0c 00 c5 02 10 00 c2 02 10 00 00 00 19 00 01 00 0a 00
y11: client 0: request 4119 opcode 8 len 8 bytes: 08 00 02 00 c5 02 10 00
y11: client 0: request 4120 opcode 12 len 20 bytes: 0c 00 05 00 73 02 10 00 03 00 00 00 5d 00 00 00 00 00 00 00
y11: client 0: request 4121 opcode 12 len 20 bytes: 0c 00 05 00 72 02 10 00 03 00 10 00 00 00 00 00 00 00 00 00
y11: client 0: request 4122 opcode 12 len 16 bytes: 0c 00 04 00 71 02 10 00 10 00 10 00 01 00 00 00
y11: client 0: event type 22
y11: client 0: request 4123 opcode 84 len 16 bytes: 54 00 04 00 22 00 00 00 00 00 00 00 00 00 00 00
y11: client 0: reply seq 4123 len 32
y11: client 0: request 4124 opcode 84 len 16 bytes: 54 00 04 00 22 00 00 00 00 00 00 00 00 00 00 00
y11: client 0: reply seq 4124 len 32
y11: client 0: request 4125 opcode 84 len 16 bytes: 54 00 04 00 22 00 00 00 00 ff 00 ff 00 ff 00 00
y11: client 0: reply seq 4125 len 32
y11: client 0: request 4126 opcode 2 len 16 bytes: 02 00 04 00 71 02 10 00 08 00 00 00 00 00 00 00
y11: client 0: request 4127 opcode 139 len 100 bytes: 8b 14 19 00 e0 01 10 00 01 00 00 00 38 00 00 00 07 00 09 00
y11: client 0: request 4128 opcode 12 len 28 bytes: 0c 00 07 00 74 02 10 00 0f 00 00 00 00 00 00 00 19 00 00 00
y11: client 0: request 4129 opcode 12 len 20 bytes: 0c 00 05 00 71 02 10 00 0c 00 10 00 75 00 00 00 fe 00 00 00
y11: client 0: event type 22
y11: client 0: request 4130 opcode 2 len 16 bytes: 02 00 04 00 74 02 10 00 02 00 00 00 aa aa aa 00
y11: client 0: request 4131 opcode 61 len 16 bytes: 3d 00 04 00 74 02 10 00 00 00 00 00 00 00 00 00
y11: client 0: request 4132 opcode 12 len 20 bytes: 0c 00 05 00 6f 02 10 00 03 00 00 00 5d 00 00 00 00 00 00 00
y11: client 0: request 4133 opcode 12 len 20 bytes: 0c 00 05 00 6e 02 10 00 03 00 00 00 00 00 00 00 00 00 00 00
y11: client 0: request 4134 opcode 12 len 16 bytes: 0c 00 04 00 6d 02 10 00 10 00 00 00 01 00 00 00
y11: client 0: event type 22
y11: client 0: request 4135 opcode 84 len 16 bytes: 54 00 04 00 22 00 00 00 00 00 00 00 00 00 00 00
y11: client 0: reply seq 4135 len 32
y11: client 0: request 4136 opcode 84 len 16 bytes: 54 00 04 00 22 00 00 00 00 00 00 00 00 00 00 00
y11: client 0: reply seq 4136 len 32
y11: client 0: request 4137 opcode 84 len 16 bytes: 54 00 04 00 22 00 00 00 00 ff 00 ff 00 ff 00 00
y11: client 0: reply seq 4137 len 32
y11: client 0: request 4138 opcode 2 len 16 bytes: 02 00 04 00 6d 02 10 00 08 00 00 00 00 00 00 00
y11: client 0: request 4139 opcode 12 len 28 bytes: 0c 00 07 00 70 02 10 00 0f 00 00 00 00 00 00 00 19 00 00 00
y11: client 0: request 4140 opcode 12 len 20 bytes: 0c 00 05 00 6d 02 10 00 0c 00 00 00 75 00 00 00 fe 00 00 00
y11: client 0: event type 22
y11: client 0: request 4141 opcode 2 len 16 bytes: 02 00 04 00 70 02 10 00 02 00 00 00 aa aa aa 00
y11: client 0: request 4142 opcode 61 len 16 bytes: 3d 00 04 00 70 02 10 00 00 00 00 00 00 00 00 00
y11: client 0: request 4143 opcode 1 len 52 bytes: 01 18 0d 00 c6 02 10 00 21 00 00 00 08 00 02 00 01 00 01 00
y11: client 0: event type 16
y11: client 0: request 4144 opcode 61 len 16 bytes: 3d 00 04 00 c6 02 10 00 00 00 00 00 00 00 00 00
y11: client 0: request 4145 opcode 12 len 20 bytes: 0c 00 05 00 c2 02 10 00 60 00 00 00 c6 02 10 00 01 00 00 00
y11: client 0: event type 22
y11: client 0: request 4146 opcode 12 len 20 bytes: 0c 00 05 00 be 02 10 00 60 00 00 00 c2 02 10 00 01 00 00 00
y11: client 0: event type 22
y11: client 0: request 4147 opcode 12 len 20 bytes: 0c 00 05 00 ba 02 10 00 60 00 00 00 be 02 10 00 01 00 00 00
y11: client 0: event type 22
y11: client 0: request 4148 opcode 12 len 20 bytes: 0c 00 05 00 b6 02 10 00 60 00 00 00 ba 02 10 00 01 00 00 00
y11: client 0: event type 22
y11: client 0: request 4149 opcode 12 len 20 bytes: 0c 00 05 00 b2 02 10 00 60 00 04 00 b6 02 10 00 01 00 00 00
y11: client 0: event type 22
y11: client 0: request 4150 opcode 12 len 20 bytes: 0c 00 05 00 ae 02 10 00 60 00 10 00 b2 02 10 00 01 00 00 00
y11: client 0: event type 22
y11: client 0: request 4151 opcode 12 len 20 bytes: 0c 00 05 00 aa 02 10 00 60 00 10 00 ae 02 10 00 01 00 00 00
y11: client 0: event type 22
y11: client 0: request 4152 opcode 12 len 20 bytes: 0c 00 05 00 a6 02 10 00 60 00 10 00 aa 02 10 00 01 00 00 00
y11: client 0: event type 22
y11: client 0: request 4153 opcode 12 len 20 bytes: 0c 00 05 00 a2 02 10 00 60 00 10 00 a6 02 10 00 01 00 00 00
y11: client 0: event type 22
y11: client 0: request 4154 opcode 12 len 20 bytes: 0c 00 05 00 9e 02 10 00 60 00 10 00 a2 02 10 00 01 00 00 00
y11: client 0: event type 22
y11: client 0: request 4155 opcode 12 len 20 bytes: 0c 00 05 00 9a 02 10 00 60 00 10 00 9e 02 10 00 01 00 00 00
y11: client 0: event type 22
y11: client 0: request 4156 opcode 12 len 20 bytes: 0c 00 05 00 96 02 10 00 60 00 10 00 9a 02 10 00 01 00 00 00
y11: client 0: event type 22
y11: client 0: request 4157 opcode 12 len 20 bytes: 0c 00 05 00 92 02 10 00 60 00 10 00 96 02 10 00 01 00 00 00
y11: client 0: event type 22
y11: client 0: request 4158 opcode 12 len 20 bytes: 0c 00 05 00 8e 02 10 00 60 00 10 00 92 02 10 00 01 00 00 00
y11: client 0: event type 22
y11: client 0: request 4159 opcode 12 len 20 bytes: 0c 00 05 00 8a 02 10 00 60 00 10 00 8e 02 10 00 01 00 00 00
y11: client 0: event type 22
y11: client 0: request 4160 opcode 12 len 20 bytes: 0c 00 05 00 86 02 10 00 60 00 10 00 8a 02 10 00 01 00 00 00
y11: client 0: event type 22
y11: client 0: request 4161 opcode 12 len 20 bytes: 0c 00 05 00 82 02 10 00 60 00 10 00 86 02 10 00 01 00 00 00
y11: client 0: event type 22
y11: client 0: request 4162 opcode 12 len 20 bytes: 0c 00 05 00 7e 02 10 00 60 00 10 00 82 02 10 00 01 00 00 00
y11: client 0: event type 22
y11: client 0: request 4163 opcode 12 len 20 bytes: 0c 00 05 00 79 02 10 00 60 00 10 00 7e 02 10 00 01 00 00 00
y11: client 0: event type 22
y11: client 0: request 4164 opcode 12 len 20 bytes: 0c 00 05 00 75 02 10 00 60 00 10 00 79 02 10 00 01 00 00 00
y11: client 0: event type 22
y11: client 0: request 4165 opcode 12 len 20 bytes: 0c 00 05 00 71 02 10 00 60 00 10 00 75 02 10 00 01 00 00 00
y11: client 0: event type 22
y11: client 0: request 4166 opcode 12 len 20 bytes: 0c 00 05 00 6d 02 10 00 60 00 10 00 71 02 10 00 01 00 00 00
y11: client 0: event type 22
y11: client 0: request 4167 opcode 12 len 20 bytes: 0c 00 05 00 69 02 10 00 60 00 10 00 6d 02 10 00 01 00 00 00
y11: client 0: event type 22
y11: client 0: request 4168 opcode 12 len 20 bytes: 0c 00 05 00 65 02 10 00 60 00 10 00 69 02 10 00 01 00 00 00
y11: client 0: event type 22
y11: client 0: request 4169 opcode 12 len 20 bytes: 0c 00 05 00 e3 01 10 00 60 00 10 00 65 02 10 00 01 00 00 00
y11: client 0: event type 22
y11: client 0: request 4170 opcode 12 len 20 bytes: 0c 00 05 00 e1 01 10 00 60 00 10 00 e3 01 10 00 01 00 00 00
y11: client 0: event type 22
y11: client 0: request 4171 opcode 12 len 20 bytes: 0c 00 05 00 de 01 10 00 60 00 00 00 e1 01 10 00 01 00 00 00
y11: client 0: event type 22
y11: client 0: request 4172 opcode 12 len 20 bytes: 0c 00 05 00 dc 01 10 00 60 00 00 00 de 01 10 00 01 00 00 00
y11: client 0: event type 22
y11: client 0: request 4173 opcode 12 len 20 bytes: 0c 00 05 00 da 01 10 00 60 00 19 00 dc 01 10 00 01 00 00 00
y11: client 0: event type 22
y11: client 0: request 4174 opcode 12 len 20 bytes: 0c 00 05 00 d8 01 10 00 60 00 00 00 da 01 10 00 01 00 00 00
y11: client 0: event type 22
y11: client 0: request 4175 opcode 12 len 20 bytes: 0c 00 05 00 d4 01 10 00 60 00 00 00 d8 01 10 00 01 00 00 00
y11: client 0: event type 22
y11: client 0: request 4176 opcode 1 len 48 bytes: 01 18 0c 00 c7 02 10 00 c6 02 10 00 00 00 00 00 02 00 19 00
y11: client 0: request 4177 opcode 1 len 48 bytes: 01 18 0c 00 c8 02 10 00 c6 02 10 00 e9 ff 00 00 19 00 19 00
y11: client 0: request 4178 opcode 12 len 20 bytes: 0c 00 05 00 c7 02 10 00 03 00 10 00 00 00 00 00 00 00 00 00
y11: client 0: request 4179 opcode 12 len 16 bytes: 0c 00 04 00 c7 02 10 00 40 00 10 00 00 00 00 00
y11: client 0: request 4180 opcode 8 len 8 bytes: 08 00 02 00 c7 02 10 00
y11: client 0: request 4181 opcode 12 len 20 bytes: 0c 00 05 00 c6 02 10 00 0c 00 00 00 01 00 00 00 1a 00 00 00
y11: client 0: event type 22
y11: client 0: request 4182 opcode 12 len 16 bytes: 0c 00 04 00 c6 02 10 00 10 00 19 00 01 00 00 00
y11: client 0: event type 22
y11: client 0: request 4183 opcode 84 len 16 bytes: 54 00 04 00 22 00 00 00 00 00 00 00 00 00 09 00
y11: client 0: reply seq 4183 len 32
y11: client 0: request 4184 opcode 84 len 16 bytes: 54 00 04 00 22 00 00 00 00 00 00 00 00 00 00 00
y11: client 0: reply seq 4184 len 32
y11: client 0: request 4185 opcode 84 len 16 bytes: 54 00 04 00 22 00 00 00 00 ff 00 ff 00 ff 00 00
y11: client 0: reply seq 4185 len 32
y11: client 0: request 4186 opcode 2 len 16 bytes: 02 00 04 00 c6 02 10 00 08 00 00 00 00 00 00 00
y11: client 0: request 4187 opcode 10 len 8 bytes: 0a 00 02 00 c8 02 10 00
y11: client 0: request 4188 opcode 12 len 20 bytes: 0c 00 05 00 c7 02 10 00 03 00 00 00 00 00 00 00 00 00 00 00
y11: client 0: request 4189 opcode 1 len 48 bytes: 01 18 0c 00 c9 02 10 00 c6 02 10 00 00 00 19 00 01 00 0a 00
y11: client 0: request 4190 opcode 8 len 8 bytes: 08 00 02 00 c9 02 10 00
y11: client 0: request 4191 opcode 1 len 52 bytes: 01 18 0d 00 ca 02 10 00 21 00 00 00 08 00 02 00 01 00 01 00
y11: client 0: event type 16
y11: client 0: request 4192 opcode 61 len 16 bytes: 3d 00 04 00 ca 02 10 00 00 00 00 00 00 00 00 00
y11: client 0: request 4193 opcode 12 len 20 bytes: 0c 00 05 00 c6 02 10 00 60 00 e2 97 ca 02 10 00 01 00 00 00
y11: client 0: event type 22
y11: client 0: request 4194 opcode 12 len 20 bytes: 0c 00 05 00 c2 02 10 00 60 00 10 00 c6 02 10 00 01 00 00 00
y11: client 0: event type 22
y11: client 0: request 4195 opcode 12 len 20 bytes: 0c 00 05 00 be 02 10 00 60 00 00 00 c2 02 10 00 01 00 00 00
y11: client 0: event type 22
y11: client 0: request 4196 opcode 12 len 20 bytes: 0c 00 05 00 ba 02 10 00 60 00 10 00 be 02 10 00 01 00 00 00
y11: client 0: event type 22
y11: client 0: request 4197 opcode 12 len 20 bytes: 0c 00 05 00 b6 02 10 00 60 00 00 00 ba 02 10 00 01 00 00 00
y11: client 0: event type 22
y11: client 0: request 4198 opcode 12 len 20 bytes: 0c 00 05 00 b2 02 10 00 60 00 10 00 b6 02 10 00 01 00 00 00
y11: client 0: event type 22
y11: client 0: request 4199 opcode 12 len 20 bytes: 0c 00 05 00 ae 02 10 00 60 00 10 00 b2 02 10 00 01 00 00 00
y11: client 0: event type 22
y11: client 0: request 4200 opcode 12 len 20 bytes: 0c 00 05 00 aa 02 10 00 60 00 10 00 ae 02 10 00 01 00 00 00
y11: client 0: event type 22
y11: client 0: request 4201 opcode 12 len 20 bytes: 0c 00 05 00 a6 02 10 00 60 00 10 00 aa 02 10 00 01 00 00 00
y11: client 0: event type 22
y11: client 0: request 4202 opcode 12 len 20 bytes: 0c 00 05 00 a2 02 10 00 60 00 10 00 a6 02 10 00 01 00 00 00
y11: client 0: event type 22
y11: client 0: request 4203 opcode 12 len 20 bytes: 0c 00 05 00 9e 02 10 00 60 00 10 00 a2 02 10 00 01 00 00 00
y11: client 0: event type 22
y11: client 0: request 4204 opcode 12 len 20 bytes: 0c 00 05 00 9a 02 10 00 60 00 10 00 9e 02 10 00 01 00 00 00
y11: client 0: event type 22
y11: client 0: request 4205 opcode 12 len 20 bytes: 0c 00 05 00 96 02 10 00 60 00 10 00 9a 02 10 00 01 00 00 00
y11: client 0: event type 22
y11: client 0: request 4206 opcode 12 len 20 bytes: 0c 00 05 00 92 02 10 00 60 00 10 00 96 02 10 00 01 00 00 00
y11: client 0: event type 22
y11: client 0: request 4207 opcode 12 len 20 bytes: 0c 00 05 00 8e 02 10 00 60 00 10 00 92 02 10 00 01 00 00 00
y11: client 0: event type 22
y11: client 0: request 4208 opcode 12 len 20 bytes: 0c 00 05 00 8a 02 10 00 60 00 10 00 8e 02 10 00 01 00 00 00
y11: client 0: event type 22
y11: client 0: request 4209 opcode 12 len 20 bytes: 0c 00 05 00 86 02 10 00 60 00 10 00 8a 02 10 00 01 00 00 00
y11: client 0: event type 22
y11: client 0: request 4210 opcode 12 len 20 bytes: 0c 00 05 00 82 02 10 00 60 00 10 00 86 02 10 00 01 00 00 00
y11: client 0: event type 22
y11: client 0: request 4211 opcode 12 len 20 bytes: 0c 00 05 00 7e 02 10 00 60 00 10 00 82 02 10 00 01 00 00 00
y11: client 0: event type 22
y11: client 0: request 4212 opcode 12 len 20 bytes: 0c 00 05 00 79 02 10 00 60 00 10 00 7e 02 10 00 01 00 00 00
y11: client 0: event type 22
y11: client 0: request 4213 opcode 12 len 20 bytes: 0c 00 05 00 75 02 10 00 60 00 10 00 79 02 10 00 01 00 00 00
y11: client 0: event type 22
y11: client 0: request 4214 opcode 12 len 20 bytes: 0c 00 05 00 71 02 10 00 60 00 10 00 75 02 10 00 01 00 00 00
y11: client 0: event type 22
y11: client 0: request 4215 opcode 12 len 20 bytes: 0c 00 05 00 6d 02 10 00 60 00 10 00 71 02 10 00 01 00 00 00
y11: client 0: event type 22
y11: client 0: request 4216 opcode 12 len 20 bytes: 0c 00 05 00 69 02 10 00 60 00 10 00 6d 02 10 00 01 00 00 00
y11: client 0: event type 22
y11: client 0: request 4217 opcode 12 len 20 bytes: 0c 00 05 00 65 02 10 00 60 00 10 00 69 02 10 00 01 00 00 00
y11: client 0: event type 22
y11: client 0: request 4218 opcode 12 len 20 bytes: 0c 00 05 00 e3 01 10 00 60 00 10 00 65 02 10 00 01 00 00 00
y11: client 0: event type 22
y11: client 0: request 4219 opcode 12 len 20 bytes: 0c 00 05 00 e1 01 10 00 60 00 10 00 e3 01 10 00 01 00 00 00
y11: client 0: event type 22
y11: client 0: request 4220 opcode 12 len 20 bytes: 0c 00 05 00 de 01 10 00 60 00 10 00 e1 01 10 00 01 00 00 00
y11: client 0: event type 22
y11: client 0: request 4221 opcode 12 len 20 bytes: 0c 00 05 00 dc 01 10 00 60 00 10 00 de 01 10 00 01 00 00 00
y11: client 0: event type 22
y11: client 0: request 4222 opcode 12 len 20 bytes: 0c 00 05 00 da 01 10 00 60 00 10 00 dc 01 10 00 01 00 00 00
y11: client 0: event type 22
y11: client 0: request 4223 opcode 12 len 20 bytes: 0c 00 05 00 d8 01 10 00 60 00 10 00 da 01 10 00 01 00 00 00
y11: client 0: event type 22
y11: client 0: request 4224 opcode 12 len 20 bytes: 0c 00 05 00 d4 01 10 00 60 00 10 00 d8 01 10 00 01 00 00 00
y11: client 0: event type 22
y11: client 0: request 4225 opcode 1 len 48 bytes: 01 18 0c 00 cb 02 10 00 ca 02 10 00 00 00 00 00 02 00 19 00
y11: client 0: request 4226 opcode 1 len 48 bytes: 01 18 0c 00 cc 02 10 00 ca 02 10 00 e9 ff 00 00 19 00 19 00
y11: client 0: request 4227 opcode 12 len 20 bytes: 0c 00 05 00 cb 02 10 00 03 00 00 00 00 00 00 00 00 00 00 00
y11: client 0: request 4228 opcode 12 len 16 bytes: 0c 00 04 00 cb 02 10 00 40 00 0c 00 00 00 00 00
y11: client 0: request 4229 opcode 8 len 8 bytes: 08 00 02 00 cb 02 10 00
y11: client 0: request 4230 opcode 12 len 20 bytes: 0c 00 05 00 ca 02 10 00 0c 00 00 00 01 00 00 00 1a 00 00 00
y11: client 0: event type 22
y11: client 0: request 4231 opcode 12 len 16 bytes: 0c 00 04 00 ca 02 10 00 10 00 00 00 01 00 00 00
y11: client 0: event type 22
y11: client 0: request 4232 opcode 84 len 16 bytes: 54 00 04 00 22 00 00 00 00 00 00 00 00 00 00 00
y11: client 0: reply seq 4232 len 32
y11: client 0: request 4233 opcode 84 len 16 bytes: 54 00 04 00 22 00 00 00 00 00 00 00 00 00 02 00
y11: client 0: reply seq 4233 len 32
y11: client 0: request 4234 opcode 84 len 16 bytes: 54 00 04 00 22 00 00 00 00 ff 00 ff 00 ff 02 00
y11: client 0: reply seq 4234 len 32
y11: client 0: request 4235 opcode 2 len 16 bytes: 02 00 04 00 ca 02 10 00 08 00 00 00 00 00 00 00
y11: client 0: request 4236 opcode 10 len 8 bytes: 0a 00 02 00 cc 02 10 00
y11: client 0: request 4237 opcode 12 len 20 bytes: 0c 00 05 00 cb 02 10 00 03 00 00 00 00 00 00 00 00 00 00 00
y11: client 0: request 4238 opcode 1 len 48 bytes: 01 18 0c 00 cd 02 10 00 ca 02 10 00 00 00 19 00 01 00 0a 00
y11: client 0: request 4239 opcode 8 len 8 bytes: 08 00 02 00 cd 02 10 00
y11: client 0: request 4240 opcode 12 len 20 bytes: 0c 00 05 00 73 02 10 00 03 00 00 00 5d 00 00 00 00 00 00 00
y11: client 0: request 4241 opcode 12 len 20 bytes: 0c 00 05 00 72 02 10 00 03 00 10 00 00 00 00 00 00 00 00 00
y11: client 0: request 4242 opcode 12 len 16 bytes: 0c 00 04 00 71 02 10 00 10 00 10 00 01 00 00 00
y11: client 0: event type 22
y11: client 0: request 4243 opcode 84 len 16 bytes: 54 00 04 00 22 00 00 00 00 00 00 00 00 00 00 00
y11: client 0: reply seq 4243 len 32
y11: client 0: request 4244 opcode 84 len 16 bytes: 54 00 04 00 22 00 00 00 00 00 00 00 00 00 00 00
y11: client 0: reply seq 4244 len 32
y11: client 0: request 4245 opcode 84 len 16 bytes: 54 00 04 00 22 00 00 00 00 ff 00 ff 00 ff 00 00
y11: client 0: reply seq 4245 len 32
y11: client 0: request 4246 opcode 2 len 16 bytes: 02 00 04 00 71 02 10 00 08 00 00 00 00 00 00 00
y11: client 0: request 4247 opcode 12 len 28 bytes: 0c 00 07 00 74 02 10 00 0f 00 10 00 00 00 00 00 19 00 00 00
y11: client 0: request 4248 opcode 12 len 20 bytes: 0c 00 05 00 71 02 10 00 0c 00 00 00 75 00 00 00 15 01 00 00
y11: client 0: event type 22
y11: client 0: request 4249 opcode 2 len 16 bytes: 02 00 04 00 74 02 10 00 02 00 00 00 aa aa aa 00
y11: client 0: request 4250 opcode 61 len 16 bytes: 3d 00 04 00 74 02 10 00 00 00 00 00 00 00 00 00
y11: client 0: request 4251 opcode 12 len 20 bytes: 0c 00 05 00 6f 02 10 00 03 00 00 00 5d 00 00 00 00 00 00 00
y11: client 0: request 4252 opcode 12 len 20 bytes: 0c 00 05 00 6e 02 10 00 03 00 00 00 00 00 00 00 00 00 00 00
y11: client 0: request 4253 opcode 12 len 16 bytes: 0c 00 04 00 6d 02 10 00 10 00 00 00 01 00 00 00
y11: client 0: event type 22
y11: client 0: request 4254 opcode 84 len 16 bytes: 54 00 04 00 22 00 00 00 00 00 00 00 00 00 00 00
y11: client 0: reply seq 4254 len 32
y11: client 0: request 4255 opcode 84 len 16 bytes: 54 00 04 00 22 00 00 00 00 00 00 00 00 00 00 00
y11: client 0: reply seq 4255 len 32
y11: client 0: request 4256 opcode 84 len 16 bytes: 54 00 04 00 22 00 00 00 00 ff 00 ff 00 ff 00 00
y11: client 0: reply seq 4256 len 32
y11: client 0: request 4257 opcode 2 len 16 bytes: 02 00 04 00 6d 02 10 00 08 00 00 00 00 00 00 00
y11: client 0: request 4258 opcode 12 len 28 bytes: 0c 00 07 00 70 02 10 00 0f 00 10 00 00 00 00 00 19 00 00 00
y11: client 0: request 4259 opcode 12 len 20 bytes: 0c 00 05 00 6d 02 10 00 0c 00 00 00 75 00 00 00 15 01 00 00
y11: client 0: event type 22
y11: client 0: request 4260 opcode 2 len 16 bytes: 02 00 04 00 70 02 10 00 02 00 00 00 aa aa aa 00
y11: client 0: request 4261 opcode 61 len 16 bytes: 3d 00 04 00 70 02 10 00 00 00 00 00 00 00 00 00
y11: client 0: request 4262 opcode 1 len 52 bytes: 01 18 0d 00 ce 02 10 00 21 00 00 00 08 00 02 00 01 00 01 00
y11: client 0: event type 16
y11: client 0: request 4263 opcode 61 len 16 bytes: 3d 00 04 00 ce 02 10 00 00 00 00 00 00 00 00 00
y11: client 0: request 4264 opcode 12 len 20 bytes: 0c 00 05 00 ca 02 10 00 60 00 10 00 ce 02 10 00 01 00 00 00
y11: client 0: event type 22
y11: client 0: request 4265 opcode 12 len 20 bytes: 0c 00 05 00 c6 02 10 00 60 00 10 00 ca 02 10 00 01 00 00 00
y11: client 0: event type 22
y11: client 0: request 4266 opcode 12 len 20 bytes: 0c 00 05 00 c2 02 10 00 60 00 10 00 c6 02 10 00 01 00 00 00
y11: client 0: event type 22
y11: client 0: request 4267 opcode 12 len 20 bytes: 0c 00 05 00 be 02 10 00 60 00 10 00 c2 02 10 00 01 00 00 00
y11: client 0: event type 22
y11: client 0: request 4268 opcode 12 len 20 bytes: 0c 00 05 00 ba 02 10 00 60 00 10 00 be 02 10 00 01 00 00 00
y11: client 0: event type 22
y11: client 0: request 4269 opcode 12 len 20 bytes: 0c 00 05 00 b6 02 10 00 60 00 10 00 ba 02 10 00 01 00 00 00
y11: client 0: event type 22
y11: client 0: request 4270 opcode 12 len 20 bytes: 0c 00 05 00 b2 02 10 00 60 00 10 00 b6 02 10 00 01 00 00 00
y11: client 0: event type 22
y11: client 0: request 4271 opcode 12 len 20 bytes: 0c 00 05 00 ae 02 10 00 60 00 10 00 b2 02 10 00 01 00 00 00
y11: client 0: event type 22
y11: client 0: request 4272 opcode 12 len 20 bytes: 0c 00 05 00 aa 02 10 00 60 00 10 00 ae 02 10 00 01 00 00 00
y11: client 0: event type 22
y11: client 0: request 4273 opcode 12 len 20 bytes: 0c 00 05 00 a6 02 10 00 60 00 10 00 aa 02 10 00 01 00 00 00
y11: client 0: event type 22
y11: client 0: request 4274 opcode 12 len 20 bytes: 0c 00 05 00 a2 02 10 00 60 00 10 00 a6 02 10 00 01 00 00 00
y11: client 0: event type 22
y11: client 0: request 4275 opcode 12 len 20 bytes: 0c 00 05 00 9e 02 10 00 60 00 10 00 a2 02 10 00 01 00 00 00
y11: client 0: event type 22
y11: client 0: request 4276 opcode 12 len 20 bytes: 0c 00 05 00 9a 02 10 00 60 00 10 00 9e 02 10 00 01 00 00 00
y11: client 0: event type 22
y11: client 0: request 4277 opcode 12 len 20 bytes: 0c 00 05 00 96 02 10 00 60 00 10 00 9a 02 10 00 01 00 00 00
y11: client 0: event type 22
y11: client 0: request 4278 opcode 12 len 20 bytes: 0c 00 05 00 92 02 10 00 60 00 10 00 96 02 10 00 01 00 00 00
y11: client 0: event type 22
y11: client 0: request 4279 opcode 12 len 20 bytes: 0c 00 05 00 8e 02 10 00 60 00 10 00 92 02 10 00 01 00 00 00
y11: client 0: event type 22
y11: client 0: request 4280 opcode 12 len 20 bytes: 0c 00 05 00 8a 02 10 00 60 00 10 00 8e 02 10 00 01 00 00 00
y11: client 0: event type 22
y11: client 0: request 4281 opcode 12 len 20 bytes: 0c 00 05 00 86 02 10 00 60 00 10 00 8a 02 10 00 01 00 00 00
y11: client 0: event type 22
y11: client 0: request 4282 opcode 12 len 20 bytes: 0c 00 05 00 82 02 10 00 60 00 10 00 86 02 10 00 01 00 00 00
y11: client 0: event type 22
y11: client 0: request 4283 opcode 12 len 20 bytes: 0c 00 05 00 7e 02 10 00 60 00 10 00 82 02 10 00 01 00 00 00
y11: client 0: event type 22
y11: client 0: request 4284 opcode 12 len 20 bytes: 0c 00 05 00 79 02 10 00 60 00 10 00 7e 02 10 00 01 00 00 00
y11: client 0: event type 22
y11: client 0: request 4285 opcode 12 len 20 bytes: 0c 00 05 00 75 02 10 00 60 00 10 00 79 02 10 00 01 00 00 00
y11: client 0: event type 22
y11: client 0: request 4286 opcode 12 len 20 bytes: 0c 00 05 00 71 02 10 00 60 00 10 00 75 02 10 00 01 00 00 00
y11: client 0: event type 22
y11: client 0: request 4287 opcode 12 len 20 bytes: 0c 00 05 00 6d 02 10 00 60 00 10 00 71 02 10 00 01 00 00 00
y11: client 0: event type 22
y11: client 0: request 4288 opcode 12 len 20 bytes: 0c 00 05 00 69 02 10 00 60 00 10 00 6d 02 10 00 01 00 00 00
y11: client 0: event type 22
y11: client 0: request 4289 opcode 12 len 20 bytes: 0c 00 05 00 65 02 10 00 60 00 10 00 69 02 10 00 01 00 00 00
y11: client 0: event type 22
y11: client 0: request 4290 opcode 12 len 20 bytes: 0c 00 05 00 e3 01 10 00 60 00 10 00 65 02 10 00 01 00 00 00
y11: client 0: event type 22
y11: client 0: request 4291 opcode 12 len 20 bytes: 0c 00 05 00 e1 01 10 00 60 00 10 00 e3 01 10 00 01 00 00 00
y11: client 0: event type 22
y11: client 0: request 4292 opcode 12 len 20 bytes: 0c 00 05 00 de 01 10 00 60 00 00 00 e1 01 10 00 01 00 00 00
y11: client 0: event type 22
y11: client 0: request 4293 opcode 12 len 20 bytes: 0c 00 05 00 dc 01 10 00 60 00 00 00 de 01 10 00 01 00 00 00
y11: client 0: event type 22
y11: client 0: request 4294 opcode 12 len 20 bytes: 0c 00 05 00 da 01 10 00 60 00 19 00 dc 01 10 00 01 00 00 00
y11: client 0: event type 22
y11: client 0: request 4295 opcode 12 len 20 bytes: 0c 00 05 00 d8 01 10 00 60 00 00 00 da 01 10 00 01 00 00 00
y11: client 0: event type 22
y11: client 0: request 4296 opcode 12 len 20 bytes: 0c 00 05 00 d4 01 10 00 60 00 00 00 d8 01 10 00 01 00 00 00
y11: client 0: event type 22
y11: client 0: request 4297 opcode 1 len 48 bytes: 01 18 0c 00 cf 02 10 00 ce 02 10 00 00 00 00 00 02 00 19 00
y11: client 0: request 4298 opcode 1 len 48 bytes: 01 18 0c 00 d0 02 10 00 ce 02 10 00 e9 ff 00 00 19 00 19 00
y11: client 0: request 4299 opcode 12 len 20 bytes: 0c 00 05 00 cf 02 10 00 03 00 10 00 00 00 00 00 00 00 00 00
y11: client 0: request 4300 opcode 12 len 16 bytes: 0c 00 04 00 cf 02 10 00 40 00 10 00 00 00 00 00
y11: client 0: request 4301 opcode 8 len 8 bytes: 08 00 02 00 cf 02 10 00
y11: client 0: request 4302 opcode 12 len 20 bytes: 0c 00 05 00 ce 02 10 00 0c 00 09 00 01 00 00 00 1a 00 00 00
y11: client 0: event type 22
y11: client 0: request 4303 opcode 12 len 16 bytes: 0c 00 04 00 ce 02 10 00 10 00 6a 00 01 00 00 00
y11: client 0: event type 22
y11: client 0: request 4304 opcode 84 len 16 bytes: 54 00 04 00 22 00 00 00 00 00 00 00 00 00 74 ff
y11: client 0: reply seq 4304 len 32
y11: client 0: request 4305 opcode 84 len 16 bytes: 54 00 04 00 22 00 00 00 00 00 00 00 00 00 00 00
y11: client 0: reply seq 4305 len 32
y11: client 0: request 4306 opcode 84 len 16 bytes: 54 00 04 00 22 00 00 00 00 ff 00 ff 00 ff 00 00
y11: client 0: reply seq 4306 len 32
y11: client 0: request 4307 opcode 2 len 16 bytes: 02 00 04 00 ce 02 10 00 08 00 00 00 00 00 00 00
y11: client 0: request 4308 opcode 10 len 8 bytes: 0a 00 02 00 d0 02 10 00
y11: client 0: request 4309 opcode 12 len 20 bytes: 0c 00 05 00 cf 02 10 00 03 00 00 00 00 00 00 00 00 00 00 00
y11: client 0: request 4310 opcode 1 len 48 bytes: 01 18 0c 00 d1 02 10 00 ce 02 10 00 00 00 19 00 01 00 0a 00
y11: client 0: request 4311 opcode 8 len 8 bytes: 08 00 02 00 d1 02 10 00
y11: client 0: request 4312 opcode 1 len 52 bytes: 01 18 0d 00 d2 02 10 00 21 00 00 00 08 00 02 00 01 00 01 00
y11: client 0: event type 16
y11: client 0: request 4313 opcode 61 len 16 bytes: 3d 00 04 00 d2 02 10 00 00 00 00 00 00 00 00 00
y11: client 0: request 4314 opcode 12 len 20 bytes: 0c 00 05 00 ce 02 10 00 60 00 e2 97 d2 02 10 00 01 00 00 00
y11: client 0: event type 22
y11: client 0: request 4315 opcode 12 len 20 bytes: 0c 00 05 00 ca 02 10 00 60 00 10 00 ce 02 10 00 01 00 00 00
y11: client 0: event type 22
y11: client 0: request 4316 opcode 12 len 20 bytes: 0c 00 05 00 c6 02 10 00 60 00 00 00 ca 02 10 00 01 00 00 00
y11: client 0: event type 22
y11: client 0: request 4317 opcode 12 len 20 bytes: 0c 00 05 00 c2 02 10 00 60 00 10 00 c6 02 10 00 01 00 00 00
y11: client 0: event type 22
y11: client 0: request 4318 opcode 12 len 20 bytes: 0c 00 05 00 be 02 10 00 60 00 00 00 c2 02 10 00 01 00 00 00
y11: client 0: event type 22
y11: client 0: request 4319 opcode 12 len 20 bytes: 0c 00 05 00 ba 02 10 00 60 00 10 00 be 02 10 00 01 00 00 00
y11: client 0: event type 22
y11: client 0: request 4320 opcode 12 len 20 bytes: 0c 00 05 00 b6 02 10 00 60 00 10 00 ba 02 10 00 01 00 00 00
y11: client 0: event type 22
y11: client 0: request 4321 opcode 12 len 20 bytes: 0c 00 05 00 b2 02 10 00 60 00 10 00 b6 02 10 00 01 00 00 00
y11: client 0: event type 22
y11: client 0: request 4322 opcode 12 len 20 bytes: 0c 00 05 00 ae 02 10 00 60 00 10 00 b2 02 10 00 01 00 00 00
y11: client 0: event type 22
y11: client 0: request 4323 opcode 12 len 20 bytes: 0c 00 05 00 aa 02 10 00 60 00 10 00 ae 02 10 00 01 00 00 00
y11: client 0: event type 22
y11: client 0: request 4324 opcode 12 len 20 bytes: 0c 00 05 00 a6 02 10 00 60 00 10 00 aa 02 10 00 01 00 00 00
y11: client 0: event type 22
y11: client 0: request 4325 opcode 12 len 20 bytes: 0c 00 05 00 a2 02 10 00 60 00 10 00 a6 02 10 00 01 00 00 00
y11: client 0: event type 22
y11: client 0: request 4326 opcode 12 len 20 bytes: 0c 00 05 00 9e 02 10 00 60 00 10 00 a2 02 10 00 01 00 00 00
y11: client 0: event type 22
y11: client 0: request 4327 opcode 12 len 20 bytes: 0c 00 05 00 9a 02 10 00 60 00 10 00 9e 02 10 00 01 00 00 00
y11: client 0: event type 22
y11: client 0: request 4328 opcode 12 len 20 bytes: 0c 00 05 00 96 02 10 00 60 00 10 00 9a 02 10 00 01 00 00 00
y11: client 0: event type 22
y11: client 0: request 4329 opcode 12 len 20 bytes: 0c 00 05 00 92 02 10 00 60 00 10 00 96 02 10 00 01 00 00 00
y11: client 0: event type 22
y11: client 0: request 4330 opcode 12 len 20 bytes: 0c 00 05 00 8e 02 10 00 60 00 10 00 92 02 10 00 01 00 00 00
y11: client 0: event type 22
y11: client 0: request 4331 opcode 12 len 20 bytes: 0c 00 05 00 8a 02 10 00 60 00 10 00 8e 02 10 00 01 00 00 00
y11: client 0: event type 22
y11: client 0: request 4332 opcode 12 len 20 bytes: 0c 00 05 00 86 02 10 00 60 00 10 00 8a 02 10 00 01 00 00 00
y11: client 0: event type 22
y11: client 0: request 4333 opcode 12 len 20 bytes: 0c 00 05 00 82 02 10 00 60 00 10 00 86 02 10 00 01 00 00 00
y11: client 0: event type 22
y11: client 0: request 4334 opcode 12 len 20 bytes: 0c 00 05 00 7e 02 10 00 60 00 10 00 82 02 10 00 01 00 00 00
y11: client 0: event type 22
y11: client 0: request 4335 opcode 12 len 20 bytes: 0c 00 05 00 79 02 10 00 60 00 10 00 7e 02 10 00 01 00 00 00
y11: client 0: event type 22
y11: client 0: request 4336 opcode 12 len 20 bytes: 0c 00 05 00 75 02 10 00 60 00 10 00 79 02 10 00 01 00 00 00
y11: client 0: event type 22
y11: client 0: request 4337 opcode 12 len 20 bytes: 0c 00 05 00 71 02 10 00 60 00 10 00 75 02 10 00 01 00 00 00
y11: client 0: event type 22
y11: client 0: request 4338 opcode 12 len 20 bytes: 0c 00 05 00 6d 02 10 00 60 00 10 00 71 02 10 00 01 00 00 00
y11: client 0: event type 22
y11: client 0: request 4339 opcode 12 len 20 bytes: 0c 00 05 00 69 02 10 00 60 00 10 00 6d 02 10 00 01 00 00 00
y11: client 0: event type 22
y11: client 0: request 4340 opcode 12 len 20 bytes: 0c 00 05 00 65 02 10 00 60 00 10 00 69 02 10 00 01 00 00 00
y11: client 0: event type 22
y11: client 0: request 4341 opcode 12 len 20 bytes: 0c 00 05 00 e3 01 10 00 60 00 10 00 65 02 10 00 01 00 00 00
y11: client 0: event type 22
y11: client 0: request 4342 opcode 12 len 20 bytes: 0c 00 05 00 e1 01 10 00 60 00 10 00 e3 01 10 00 01 00 00 00
y11: client 0: event type 22
y11: client 0: request 4343 opcode 12 len 20 bytes: 0c 00 05 00 de 01 10 00 60 00 10 00 e1 01 10 00 01 00 00 00
y11: client 0: event type 22
y11: client 0: request 4344 opcode 12 len 20 bytes: 0c 00 05 00 dc 01 10 00 60 00 10 00 de 01 10 00 01 00 00 00
y11: client 0: event type 22
y11: client 0: request 4345 opcode 12 len 20 bytes: 0c 00 05 00 da 01 10 00 60 00 10 00 dc 01 10 00 01 00 00 00
y11: client 0: event type 22
y11: client 0: request 4346 opcode 12 len 20 bytes: 0c 00 05 00 d8 01 10 00 60 00 10 00 da 01 10 00 01 00 00 00
y11: client 0: event type 22
y11: client 0: request 4347 opcode 12 len 20 bytes: 0c 00 05 00 d4 01 10 00 60 00 10 00 d8 01 10 00 01 00 00 00
y11: client 0: event type 22
y11: client 0: request 4348 opcode 1 len 48 bytes: 01 18 0c 00 d3 02 10 00 d2 02 10 00 00 00 00 00 02 00 19 00
y11: client 0: request 4349 opcode 1 len 48 bytes: 01 18 0c 00 d4 02 10 00 d2 02 10 00 e9 ff 00 00 19 00 19 00
y11: client 0: request 4350 opcode 12 len 20 bytes: 0c 00 05 00 d3 02 10 00 03 00 00 00 00 00 00 00 00 00 00 00
y11: client 0: request 4351 opcode 12 len 16 bytes: 0c 00 04 00 d3 02 10 00 40 00 0c 00 00 00 00 00
y11: client 0: request 4352 opcode 8 len 8 bytes: 08 00 02 00 d3 02 10 00
y11: client 0: request 4353 opcode 12 len 20 bytes: 0c 00 05 00 d2 02 10 00 0c 00 00 00 01 00 00 00 1a 00 00 00
y11: client 0: event type 22
y11: client 0: request 4354 opcode 12 len 16 bytes: 0c 00 04 00 d2 02 10 00 10 00 00 00 01 00 00 00
y11: client 0: event type 22
y11: client 0: request 4355 opcode 84 len 16 bytes: 54 00 04 00 22 00 00 00 00 00 00 00 00 00 00 00
y11: client 0: reply seq 4355 len 32
y11: client 0: request 4356 opcode 84 len 16 bytes: 54 00 04 00 22 00 00 00 00 00 00 00 00 00 02 00
y11: client 0: reply seq 4356 len 32
y11: client 0: request 4357 opcode 84 len 16 bytes: 54 00 04 00 22 00 00 00 00 ff 00 ff 00 ff 02 00
y11: client 0: reply seq 4357 len 32
y11: client 0: request 4358 opcode 2 len 16 bytes: 02 00 04 00 d2 02 10 00 08 00 00 00 00 00 00 00
y11: client 0: request 4359 opcode 10 len 8 bytes: 0a 00 02 00 d4 02 10 00
y11: client 0: request 4360 opcode 12 len 20 bytes: 0c 00 05 00 d3 02 10 00 03 00 00 00 00 00 00 00 00 00 00 00
y11: client 0: request 4361 opcode 1 len 48 bytes: 01 18 0c 00 d5 02 10 00 d2 02 10 00 00 00 19 00 01 00 0a 00
y11: client 0: request 4362 opcode 8 len 8 bytes: 08 00 02 00 d5 02 10 00
y11: client 0: request 4363 opcode 12 len 20 bytes: 0c 00 05 00 73 02 10 00 03 00 00 00 5d 00 00 00 00 00 00 00
y11: client 0: request 4364 opcode 12 len 20 bytes: 0c 00 05 00 72 02 10 00 03 00 10 00 00 00 00 00 00 00 00 00
y11: client 0: request 4365 opcode 12 len 16 bytes: 0c 00 04 00 71 02 10 00 10 00 10 00 01 00 00 00
y11: client 0: event type 22
y11: client 0: request 4366 opcode 84 len 16 bytes: 54 00 04 00 22 00 00 00 00 00 00 00 00 00 00 00
y11: client 0: reply seq 4366 len 32
y11: client 0: request 4367 opcode 84 len 16 bytes: 54 00 04 00 22 00 00 00 00 00 00 00 00 00 00 00
y11: client 0: reply seq 4367 len 32
y11: client 0: request 4368 opcode 84 len 16 bytes: 54 00 04 00 22 00 00 00 00 ff 00 ff 00 ff 00 00
y11: client 0: reply seq 4368 len 32
y11: client 0: request 4369 opcode 2 len 16 bytes: 02 00 04 00 71 02 10 00 08 00 00 00 00 00 00 00
y11: client 0: request 4370 opcode 139 len 100 bytes: 8b 14 19 00 e0 01 10 00 01 00 00 00 33 00 00 00 06 00 09 00
y11: client 0: request 4371 opcode 139 len 100 bytes: 8b 14 19 00 e0 01 10 00 01 00 00 00 31 00 00 00 07 00 09 00
y11: client 0: request 4372 opcode 12 len 28 bytes: 0c 00 07 00 74 02 10 00 0f 00 00 00 00 00 00 00 19 00 00 00
y11: client 0: request 4373 opcode 12 len 20 bytes: 0c 00 05 00 71 02 10 00 0c 00 10 00 75 00 00 00 2c 01 00 00
y11: client 0: event type 22
y11: client 0: request 4374 opcode 2 len 16 bytes: 02 00 04 00 74 02 10 00 02 00 00 00 aa aa aa 00
y11: client 0: request 4375 opcode 61 len 16 bytes: 3d 00 04 00 74 02 10 00 00 00 00 00 00 00 00 00
y11: client 0: request 4376 opcode 12 len 20 bytes: 0c 00 05 00 6f 02 10 00 03 00 00 00 5d 00 00 00 00 00 00 00
y11: client 0: request 4377 opcode 12 len 20 bytes: 0c 00 05 00 6e 02 10 00 03 00 00 00 00 00 00 00 00 00 00 00
y11: client 0: request 4378 opcode 12 len 16 bytes: 0c 00 04 00 6d 02 10 00 10 00 00 00 01 00 00 00
y11: client 0: event type 22
y11: client 0: request 4379 opcode 84 len 16 bytes: 54 00 04 00 22 00 00 00 00 00 00 00 00 00 00 00
y11: client 0: reply seq 4379 len 32
y11: client 0: request 4380 opcode 84 len 16 bytes: 54 00 04 00 22 00 00 00 00 00 00 00 00 00 00 00
y11: client 0: reply seq 4380 len 32
y11: client 0: request 4381 opcode 84 len 16 bytes: 54 00 04 00 22 00 00 00 00 ff 00 ff 00 ff 00 00
y11: client 0: reply seq 4381 len 32
y11: client 0: request 4382 opcode 2 len 16 bytes: 02 00 04 00 6d 02 10 00 08 00 00 00 00 00 00 00
y11: client 0: request 4383 opcode 12 len 28 bytes: 0c 00 07 00 70 02 10 00 0f 00 00 00 00 00 00 00 19 00 00 00
y11: client 0: request 4384 opcode 12 len 20 bytes: 0c 00 05 00 6d 02 10 00 0c 00 03 2b 75 00 00 00 2c 01 00 00
y11: client 0: event type 22
y11: client 0: request 4385 opcode 2 len 16 bytes: 02 00 04 00 70 02 10 00 02 00 00 00 aa aa aa 00
y11: client 0: request 4386 opcode 61 len 16 bytes: 3d 00 04 00 70 02 10 00 00 00 00 00 00 00 00 00
y11: client 0: request 4387 opcode 12 len 20 bytes: 0c 00 05 00 6b 02 10 00 03 00 00 00 e9 ff ff ff 00 00 00 00
y11: client 0: request 4388 opcode 12 len 20 bytes: 0c 00 05 00 6a 02 10 00 03 00 00 00 00 00 00 00 00 00 00 00
y11: client 0: request 4389 opcode 139 len 136 bytes: 8b 14 22 00 7d 02 10 00 01 00 00 00 3a 00 00 00 0c 00 09 00
y11: client 0: request 4390 opcode 139 len 136 bytes: 8b 14 22 00 7d 02 10 00 01 00 00 00 30 00 00 00 0a 00 09 00
y11: client 0: request 4391 opcode 12 len 16 bytes: 0c 00 04 00 69 02 10 00 10 00 10 00 01 00 00 00
y11: client 0: event type 22
y11: client 0: request 4392 opcode 84 len 16 bytes: 54 00 04 00 22 00 00 00 00 00 00 00 00 00 10 00
y11: client 0: reply seq 4392 len 32
y11: client 0: request 4393 opcode 84 len 16 bytes: 54 00 04 00 22 00 00 00 00 00 00 00 00 00 00 00
y11: client 0: reply seq 4393 len 32
y11: client 0: request 4394 opcode 84 len 16 bytes: 54 00 04 00 22 00 00 00 00 ff 00 ff 00 ff 00 00
y11: client 0: reply seq 4394 len 32
y11: client 0: request 4395 opcode 2 len 16 bytes: 02 00 04 00 69 02 10 00 08 00 00 00 00 00 00 00
y11: client 0: request 4396 opcode 12 len 28 bytes: 0c 00 07 00 6c 02 10 00 0f 00 00 00 00 00 00 00 19 00 00 00
y11: client 0: request 4397 opcode 12 len 20 bytes: 0c 00 05 00 69 02 10 00 0c 00 03 2b 82 00 00 00 2f 00 00 00
y11: client 0: event type 22
y11: client 0: request 4398 opcode 12 len 20 bytes: 0c 00 05 00 6b 02 10 00 03 00 00 00 6a 00 00 00 00 00 00 00
y11: client 0: request 4399 opcode 12 len 28 bytes: 0c 00 07 00 6a 02 10 00 0f 00 00 00 00 00 00 00 00 00 00 00
y11: client 0: request 4400 opcode 2 len 16 bytes: 02 00 04 00 6c 02 10 00 02 00 00 00 aa aa aa 00
y11: client 0: request 4401 opcode 61 len 16 bytes: 3d 00 04 00 6c 02 10 00 00 00 00 00 00 00 00 00
y11: client 0: request 4402 opcode 12 len 20 bytes: 0c 00 05 00 67 02 10 00 03 00 09 00 e9 ff ff ff 00 00 00 00
y11: client 0: request 4403 opcode 12 len 20 bytes: 0c 00 05 00 66 02 10 00 03 00 ff 7c 00 00 00 00 00 00 00 00
y11: client 0: request 4404 opcode 12 len 16 bytes: 0c 00 04 00 65 02 10 00 10 00 ff 46 01 00 00 00
y11: client 0: event type 22
y11: client 0: request 4405 opcode 84 len 16 bytes: 54 00 04 00 22 00 00 00 00 00 00 00 00 00 c8 2b
y11: client 0: reply seq 4405 len 32
y11: client 0: request 4406 opcode 84 len 16 bytes: 54 00 04 00 22 00 00 00 00 00 00 00 00 00 00 00
y11: client 0: reply seq 4406 len 32
y11: client 0: request 4407 opcode 84 len 16 bytes: 54 00 04 00 22 00 00 00 00 ff 00 ff 00 ff 00 00
y11: client 0: reply seq 4407 len 32
y11: client 0: request 4408 opcode 2 len 16 bytes: 02 00 04 00 65 02 10 00 08 00 00 00 00 00 00 00
y11: client 0: request 4409 opcode 12 len 28 bytes: 0c 00 07 00 68 02 10 00 0f 00 00 00 00 00 00 00 19 00 00 00
y11: client 0: request 4410 opcode 12 len 20 bytes: 0c 00 05 00 65 02 10 00 0c 00 03 2b 82 00 00 00 2f 00 00 00
y11: client 0: event type 22
y11: client 0: request 4411 opcode 12 len 20 bytes: 0c 00 05 00 67 02 10 00 03 00 00 00 6a 00 00 00 00 00 00 00
y11: client 0: request 4412 opcode 12 len 28 bytes: 0c 00 07 00 66 02 10 00 0f 00 00 00 00 00 00 00 00 00 00 00
y11: client 0: request 4413 opcode 2 len 16 bytes: 02 00 04 00 68 02 10 00 02 00 00 00 aa aa aa 00
y11: client 0: request 4414 opcode 61 len 16 bytes: 3d 00 04 00 68 02 10 00 00 00 00 00 00 00 00 00
y11: client 0: request 4415 opcode 1 len 52 bytes: 01 18 0d 00 d6 02 10 00 21 00 00 00 08 00 02 00 01 00 01 00
y11: client 0: event type 16
y11: client 0: request 4416 opcode 61 len 16 bytes: 3d 00 04 00 d6 02 10 00 00 00 00 00 00 00 00 00
y11: client 0: request 4417 opcode 12 len 20 bytes: 0c 00 05 00 d2 02 10 00 60 00 83 00 d6 02 10 00 01 00 00 00
y11: client 0: event type 22
y11: client 0: request 4418 opcode 12 len 20 bytes: 0c 00 05 00 ce 02 10 00 60 00 43 ff d2 02 10 00 01 00 00 00
y11: client 0: event type 22
y11: client 0: request 4419 opcode 12 len 20 bytes: 0c 00 05 00 ca 02 10 00 60 00 ed ff ce 02 10 00 01 00 00 00
y11: client 0: event type 22
y11: client 0: request 4420 opcode 12 len 20 bytes: 0c 00 05 00 c6 02 10 00 60 00 00 00 ca 02 10 00 01 00 00 00
y11: client 0: event type 22
y11: client 0: request 4421 opcode 12 len 20 bytes: 0c 00 05 00 c2 02 10 00 60 00 b1 00 c6 02 10 00 01 00 00 00
y11: client 0: event type 22
y11: client 0: request 4422 opcode 12 len 20 bytes: 0c 00 05 00 be 02 10 00 60 00 00 00 c2 02 10 00 01 00 00 00
y11: client 0: event type 22
y11: client 0: request 4423 opcode 12 len 20 bytes: 0c 00 05 00 ba 02 10 00 60 00 fe 88 be 02 10 00 01 00 00 00
y11: client 0: event type 22
y11: client 0: request 4424 opcode 12 len 20 bytes: 0c 00 05 00 b6 02 10 00 60 00 52 ff ba 02 10 00 01 00 00 00
y11: client 0: event type 22
y11: client 0: request 4425 opcode 12 len 20 bytes: 0c 00 05 00 b2 02 10 00 60 00 00 00 b6 02 10 00 01 00 00 00
y11: client 0: event type 22
y11: client 0: request 4426 opcode 12 len 20 bytes: 0c 00 05 00 ae 02 10 00 60 00 00 74 b2 02 10 00 01 00 00 00
y11: client 0: event type 22
y11: client 0: request 4427 opcode 12 len 20 bytes: 0c 00 05 00 aa 02 10 00 60 00 00 00 ae 02 10 00 01 00 00 00
y11: client 0: event type 22
y11: client 0: request 4428 opcode 12 len 20 bytes: 0c 00 05 00 a6 02 10 00 60 00 10 00 aa 02 10 00 01 00 00 00
y11: client 0: event type 22
y11: client 0: request 4429 opcode 12 len 20 bytes: 0c 00 05 00 a2 02 10 00 60 00 10 00 a6 02 10 00 01 00 00 00
y11: client 0: event type 22
y11: client 0: request 4430 opcode 12 len 20 bytes: 0c 00 05 00 9e 02 10 00 60 00 10 00 a2 02 10 00 01 00 00 00
y11: client 0: event type 22
y11: client 0: request 4431 opcode 12 len 20 bytes: 0c 00 05 00 9a 02 10 00 60 00 10 00 9e 02 10 00 01 00 00 00
y11: client 0: event type 22
y11: client 0: request 4432 opcode 12 len 20 bytes: 0c 00 05 00 96 02 10 00 60 00 10 00 9a 02 10 00 01 00 00 00
y11: client 0: event type 22
y11: client 0: request 4433 opcode 12 len 20 bytes: 0c 00 05 00 92 02 10 00 60 00 10 00 96 02 10 00 01 00 00 00
y11: client 0: event type 22
y11: client 0: request 4434 opcode 12 len 20 bytes: 0c 00 05 00 8e 02 10 00 60 00 10 00 92 02 10 00 01 00 00 00
y11: client 0: event type 22
y11: client 0: request 4435 opcode 12 len 20 bytes: 0c 00 05 00 8a 02 10 00 60 00 10 00 8e 02 10 00 01 00 00 00
y11: client 0: event type 22
y11: client 0: request 4436 opcode 12 len 20 bytes: 0c 00 05 00 86 02 10 00 60 00 10 00 8a 02 10 00 01 00 00 00
y11: client 0: event type 22
y11: client 0: request 4437 opcode 12 len 20 bytes: 0c 00 05 00 82 02 10 00 60 00 10 00 86 02 10 00 01 00 00 00
y11: client 0: event type 22
y11: client 0: request 4438 opcode 12 len 20 bytes: 0c 00 05 00 7e 02 10 00 60 00 10 00 82 02 10 00 01 00 00 00
y11: client 0: event type 22
y11: client 0: request 4439 opcode 12 len 20 bytes: 0c 00 05 00 79 02 10 00 60 00 10 00 7e 02 10 00 01 00 00 00
y11: client 0: event type 22
y11: client 0: request 4440 opcode 12 len 20 bytes: 0c 00 05 00 75 02 10 00 60 00 10 00 79 02 10 00 01 00 00 00
y11: client 0: event type 22
y11: client 0: request 4441 opcode 12 len 20 bytes: 0c 00 05 00 71 02 10 00 60 00 10 00 75 02 10 00 01 00 00 00
y11: client 0: event type 22
y11: client 0: request 4442 opcode 12 len 20 bytes: 0c 00 05 00 6d 02 10 00 60 00 10 00 71 02 10 00 01 00 00 00
y11: client 0: event type 22
y11: client 0: request 4443 opcode 12 len 20 bytes: 0c 00 05 00 69 02 10 00 60 00 10 00 6d 02 10 00 01 00 00 00
y11: client 0: event type 22
y11: client 0: request 4444 opcode 12 len 20 bytes: 0c 00 05 00 65 02 10 00 60 00 00 00 69 02 10 00 01 00 00 00
y11: client 0: event type 22
y11: client 0: request 4445 opcode 12 len 20 bytes: 0c 00 05 00 e3 01 10 00 60 00 6f 9b 65 02 10 00 01 00 00 00
y11: client 0: event type 22
y11: client 0: request 4446 opcode 12 len 20 bytes: 0c 00 05 00 e1 01 10 00 60 00 10 00 e3 01 10 00 01 00 00 00
y11: client 0: event type 22
y11: client 0: request 4447 opcode 12 len 20 bytes: 0c 00 05 00 de 01 10 00 60 00 00 00 e1 01 10 00 01 00 00 00
y11: client 0: event type 22
y11: client 0: request 4448 opcode 12 len 20 bytes: 0c 00 05 00 dc 01 10 00 60 00 00 00 de 01 10 00 01 00 00 00
y11: client 0: event type 22
y11: client 0: request 4449 opcode 12 len 20 bytes: 0c 00 05 00 da 01 10 00 60 00 00 00 dc 01 10 00 01 00 00 00
y11: client 0: event type 22
y11: client 0: request 4450 opcode 12 len 20 bytes: 0c 00 05 00 d8 01 10 00 60 00 02 00 da 01 10 00 01 00 00 00
y11: client 0: event type 22
y11: client 0: request 4451 opcode 12 len 20 bytes: 0c 00 05 00 d4 01 10 00 60 00 00 00 d8 01 10 00 01 00 00 00
y11: client 0: event type 22
y11: client 0: request 4452 opcode 1 len 48 bytes: 01 18 0c 00 d7 02 10 00 d6 02 10 00 00 00 00 00 02 00 19 00
y11: client 0: request 4453 opcode 1 len 48 bytes: 01 18 0c 00 d8 02 10 00 d6 02 10 00 e9 ff 00 00 19 00 19 00
y11: client 0: request 4454 opcode 12 len 20 bytes: 0c 00 05 00 d7 02 10 00 03 00 00 00 00 00 00 00 00 00 00 00
y11: client 0: request 4455 opcode 12 len 16 bytes: 0c 00 04 00 d7 02 10 00 40 00 74 ff 00 00 00 00
y11: client 0: request 4456 opcode 8 len 8 bytes: 08 00 02 00 d7 02 10 00
y11: client 0: request 4457 opcode 12 len 20 bytes: 0c 00 05 00 d6 02 10 00 0c 00 00 00 01 00 00 00 1a 00 00 00
y11: client 0: event type 22
y11: client 0: request 4458 opcode 12 len 16 bytes: 0c 00 04 00 d6 02 10 00 10 00 b0 00 01 00 00 00
y11: client 0: event type 22
y11: client 0: request 4459 opcode 84 len 16 bytes: 54 00 04 00 22 00 00 00 00 00 00 00 00 00 00 00
y11: client 0: reply seq 4459 len 32
y11: client 0: request 4460 opcode 84 len 16 bytes: 54 00 04 00 22 00 00 00 00 00 00 00 00 00 00 00
y11: client 0: reply seq 4460 len 32
y11: client 0: request 4461 opcode 84 len 16 bytes: 54 00 04 00 22 00 00 00 00 ff 00 ff 00 ff 00 00
y11: client 0: reply seq 4461 len 32
y11: client 0: request 4462 opcode 2 len 16 bytes: 02 00 04 00 d6 02 10 00 08 00 00 00 00 00 00 00
y11: client 0: request 4463 opcode 10 len 8 bytes: 0a 00 02 00 d8 02 10 00
y11: client 0: request 4464 opcode 12 len 20 bytes: 0c 00 05 00 d7 02 10 00 03 00 00 00 00 00 00 00 00 00 00 00
y11: client 0: request 4465 opcode 1 len 48 bytes: 01 18 0c 00 d9 02 10 00 d6 02 10 00 00 00 19 00 01 00 0a 00
y11: client 0: request 4466 opcode 8 len 8 bytes: 08 00 02 00 d9 02 10 00
y11: client 0: request 4467 opcode 1 len 52 bytes: 01 18 0d 00 da 02 10 00 21 00 00 00 08 00 02 00 01 00 01 00
y11: client 0: event type 16
y11: client 0: request 4468 opcode 61 len 16 bytes: 3d 00 04 00 da 02 10 00 00 00 00 00 00 00 00 00
y11: client 0: request 4469 opcode 12 len 20 bytes: 0c 00 05 00 d6 02 10 00 60 00 e2 97 da 02 10 00 01 00 00 00
y11: client 0: event type 22
y11: client 0: request 4470 opcode 12 len 20 bytes: 0c 00 05 00 d2 02 10 00 60 00 10 00 d6 02 10 00 01 00 00 00
y11: client 0: event type 22
y11: client 0: request 4471 opcode 12 len 20 bytes: 0c 00 05 00 ce 02 10 00 60 00 10 00 d2 02 10 00 01 00 00 00
y11: client 0: event type 22
y11: client 0: request 4472 opcode 12 len 20 bytes: 0c 00 05 00 ca 02 10 00 60 00 00 00 ce 02 10 00 01 00 00 00
y11: client 0: event type 22
y11: client 0: request 4473 opcode 12 len 20 bytes: 0c 00 05 00 c6 02 10 00 60 00 02 00 ca 02 10 00 01 00 00 00
y11: client 0: event type 22
y11: client 0: request 4474 opcode 12 len 20 bytes: 0c 00 05 00 c2 02 10 00 60 00 00 00 c6 02 10 00 01 00 00 00
y11: client 0: event type 22
y11: client 0: request 4475 opcode 12 len 20 bytes: 0c 00 05 00 be 02 10 00 60 00 04 00 c2 02 10 00 01 00 00 00
y11: client 0: event type 22
y11: client 0: request 4476 opcode 12 len 20 bytes: 0c 00 05 00 ba 02 10 00 60 00 10 00 be 02 10 00 01 00 00 00
y11: client 0: event type 22
y11: client 0: request 4477 opcode 12 len 20 bytes: 0c 00 05 00 b6 02 10 00 60 00 10 00 ba 02 10 00 01 00 00 00
y11: client 0: event type 22
y11: client 0: request 4478 opcode 12 len 20 bytes: 0c 00 05 00 b2 02 10 00 60 00 10 00 b6 02 10 00 01 00 00 00
y11: client 0: event type 22
y11: client 0: request 4479 opcode 12 len 20 bytes: 0c 00 05 00 ae 02 10 00 60 00 10 00 b2 02 10 00 01 00 00 00
y11: client 0: event type 22
y11: client 0: request 4480 opcode 12 len 20 bytes: 0c 00 05 00 aa 02 10 00 60 00 10 00 ae 02 10 00 01 00 00 00
y11: client 0: event type 22
y11: client 0: request 4481 opcode 12 len 20 bytes: 0c 00 05 00 a6 02 10 00 60 00 10 00 aa 02 10 00 01 00 00 00
y11: client 0: event type 22
y11: client 0: request 4482 opcode 12 len 20 bytes: 0c 00 05 00 a2 02 10 00 60 00 10 00 a6 02 10 00 01 00 00 00
y11: client 0: event type 22
y11: client 0: request 4483 opcode 12 len 20 bytes: 0c 00 05 00 9e 02 10 00 60 00 10 00 a2 02 10 00 01 00 00 00
y11: client 0: event type 22
y11: client 0: request 4484 opcode 12 len 20 bytes: 0c 00 05 00 9a 02 10 00 60 00 10 00 9e 02 10 00 01 00 00 00
y11: client 0: event type 22
y11: client 0: request 4485 opcode 12 len 20 bytes: 0c 00 05 00 96 02 10 00 60 00 10 00 9a 02 10 00 01 00 00 00
y11: client 0: event type 22
y11: client 0: request 4486 opcode 12 len 20 bytes: 0c 00 05 00 92 02 10 00 60 00 10 00 96 02 10 00 01 00 00 00
y11: client 0: event type 22
y11: client 0: request 4487 opcode 12 len 20 bytes: 0c 00 05 00 8e 02 10 00 60 00 10 00 92 02 10 00 01 00 00 00
y11: client 0: event type 22
y11: client 0: request 4488 opcode 12 len 20 bytes: 0c 00 05 00 8a 02 10 00 60 00 10 00 8e 02 10 00 01 00 00 00
y11: client 0: event type 22
y11: client 0: request 4489 opcode 12 len 20 bytes: 0c 00 05 00 86 02 10 00 60 00 10 00 8a 02 10 00 01 00 00 00
y11: client 0: event type 22
y11: client 0: request 4490 opcode 12 len 20 bytes: 0c 00 05 00 82 02 10 00 60 00 10 00 86 02 10 00 01 00 00 00
y11: client 0: event type 22
y11: client 0: request 4491 opcode 12 len 20 bytes: 0c 00 05 00 7e 02 10 00 60 00 10 00 82 02 10 00 01 00 00 00
y11: client 0: event type 22
y11: client 0: request 4492 opcode 12 len 20 bytes: 0c 00 05 00 79 02 10 00 60 00 10 00 7e 02 10 00 01 00 00 00
y11: client 0: event type 22
y11: client 0: request 4493 opcode 12 len 20 bytes: 0c 00 05 00 75 02 10 00 60 00 10 00 79 02 10 00 01 00 00 00
y11: client 0: event type 22
y11: client 0: request 4494 opcode 12 len 20 bytes: 0c 00 05 00 71 02 10 00 60 00 10 00 75 02 10 00 01 00 00 00
y11: client 0: event type 22
y11: client 0: request 4495 opcode 12 len 20 bytes: 0c 00 05 00 6d 02 10 00 60 00 10 00 71 02 10 00 01 00 00 00
y11: client 0: event type 22
y11: client 0: request 4496 opcode 12 len 20 bytes: 0c 00 05 00 69 02 10 00 60 00 10 00 6d 02 10 00 01 00 00 00
y11: client 0: event type 22
y11: client 0: request 4497 opcode 12 len 20 bytes: 0c 00 05 00 65 02 10 00 60 00 10 00 69 02 10 00 01 00 00 00
y11: client 0: event type 22
y11: client 0: request 4498 opcode 12 len 20 bytes: 0c 00 05 00 e3 01 10 00 60 00 10 00 65 02 10 00 01 00 00 00
y11: client 0: event type 22
y11: client 0: request 4499 opcode 12 len 20 bytes: 0c 00 05 00 e1 01 10 00 60 00 10 00 e3 01 10 00 01 00 00 00
y11: client 0: event type 22
y11: client 0: request 4500 opcode 12 len 20 bytes: 0c 00 05 00 de 01 10 00 60 00 10 00 e1 01 10 00 01 00 00 00
y11: client 0: event type 22
y11: client 0: request 4501 opcode 12 len 20 bytes: 0c 00 05 00 dc 01 10 00 60 00 10 00 de 01 10 00 01 00 00 00
y11: client 0: event type 22
y11: client 0: request 4502 opcode 12 len 20 bytes: 0c 00 05 00 da 01 10 00 60 00 10 00 dc 01 10 00 01 00 00 00
y11: client 0: event type 22
y11: client 0: request 4503 opcode 12 len 20 bytes: 0c 00 05 00 d8 01 10 00 60 00 10 00 da 01 10 00 01 00 00 00
y11: client 0: event type 22
y11: client 0: request 4504 opcode 12 len 20 bytes: 0c 00 05 00 d4 01 10 00 60 00 10 00 d8 01 10 00 01 00 00 00
y11: client 0: event type 22
y11: client 0: request 4505 opcode 1 len 48 bytes: 01 18 0c 00 db 02 10 00 da 02 10 00 00 00 00 00 02 00 19 00
y11: client 0: request 4506 opcode 1 len 48 bytes: 01 18 0c 00 dc 02 10 00 da 02 10 00 e9 ff 00 00 19 00 19 00
y11: client 0: request 4507 opcode 12 len 20 bytes: 0c 00 05 00 db 02 10 00 03 00 05 00 00 00 00 00 00 00 00 00
y11: client 0: request 4508 opcode 12 len 16 bytes: 0c 00 04 00 db 02 10 00 40 00 0c 00 00 00 00 00
y11: client 0: request 4509 opcode 8 len 8 bytes: 08 00 02 00 db 02 10 00
y11: client 0: request 4510 opcode 12 len 20 bytes: 0c 00 05 00 da 02 10 00 0c 00 00 00 01 00 00 00 1a 00 00 00
y11: client 0: event type 22
y11: client 0: request 4511 opcode 12 len 16 bytes: 0c 00 04 00 da 02 10 00 10 00 00 00 01 00 00 00
y11: client 0: event type 22
y11: client 0: request 4512 opcode 84 len 16 bytes: 54 00 04 00 22 00 00 00 00 00 00 00 00 00 19 00
y11: client 0: reply seq 4512 len 32
y11: client 0: request 4513 opcode 84 len 16 bytes: 54 00 04 00 22 00 00 00 00 00 00 00 00 00 02 00
y11: client 0: reply seq 4513 len 32
y11: client 0: request 4514 opcode 84 len 16 bytes: 54 00 04 00 22 00 00 00 00 ff 00 ff 00 ff 02 00
y11: client 0: reply seq 4514 len 32
y11: client 0: request 4515 opcode 2 len 16 bytes: 02 00 04 00 da 02 10 00 08 00 00 00 00 00 00 00
y11: client 0: request 4516 opcode 10 len 8 bytes: 0a 00 02 00 dc 02 10 00
y11: client 0: request 4517 opcode 12 len 20 bytes: 0c 00 05 00 db 02 10 00 03 00 00 00 00 00 00 00 00 00 00 00
y11: client 0: request 4518 opcode 1 len 48 bytes: 01 18 0c 00 dd 02 10 00 da 02 10 00 00 00 19 00 01 00 0a 00
y11: client 0: request 4519 opcode 8 len 8 bytes: 08 00 02 00 dd 02 10 00
y11: client 0: request 4520 opcode 1 len 52 bytes: 01 18 0d 00 de 02 10 00 21 00 00 00 08 00 02 00 01 00 01 00
y11: client 0: event type 16
y11: client 0: request 4521 opcode 61 len 16 bytes: 3d 00 04 00 de 02 10 00 00 00 00 00 00 00 00 00
y11: client 0: request 4522 opcode 12 len 20 bytes: 0c 00 05 00 da 02 10 00 60 00 e2 97 de 02 10 00 01 00 00 00
y11: client 0: event type 22
y11: client 0: request 4523 opcode 12 len 20 bytes: 0c 00 05 00 d6 02 10 00 60 00 10 00 da 02 10 00 01 00 00 00
y11: client 0: event type 22
y11: client 0: request 4524 opcode 12 len 20 bytes: 0c 00 05 00 d2 02 10 00 60 00 10 00 d6 02 10 00 01 00 00 00
y11: client 0: event type 22
y11: client 0: request 4525 opcode 12 len 20 bytes: 0c 00 05 00 ce 02 10 00 60 00 00 00 d2 02 10 00 01 00 00 00
y11: client 0: event type 22
y11: client 0: request 4526 opcode 12 len 20 bytes: 0c 00 05 00 ca 02 10 00 60 00 02 00 ce 02 10 00 01 00 00 00
y11: client 0: event type 22
y11: client 0: request 4527 opcode 12 len 20 bytes: 0c 00 05 00 c6 02 10 00 60 00 00 00 ca 02 10 00 01 00 00 00
y11: client 0: event type 22
y11: client 0: request 4528 opcode 12 len 20 bytes: 0c 00 05 00 c2 02 10 00 60 00 04 00 c6 02 10 00 01 00 00 00
y11: client 0: event type 22
y11: client 0: request 4529 opcode 12 len 20 bytes: 0c 00 05 00 be 02 10 00 60 00 10 00 c2 02 10 00 01 00 00 00
y11: client 0: event type 22
y11: client 0: request 4530 opcode 12 len 20 bytes: 0c 00 05 00 ba 02 10 00 60 00 10 00 be 02 10 00 01 00 00 00
y11: client 0: event type 22
y11: client 0: request 4531 opcode 12 len 20 bytes: 0c 00 05 00 b6 02 10 00 60 00 10 00 ba 02 10 00 01 00 00 00
y11: client 0: event type 22
y11: client 0: request 4532 opcode 12 len 20 bytes: 0c 00 05 00 b2 02 10 00 60 00 10 00 b6 02 10 00 01 00 00 00
y11: client 0: event type 22
y11: client 0: request 4533 opcode 12 len 20 bytes: 0c 00 05 00 ae 02 10 00 60 00 10 00 b2 02 10 00 01 00 00 00
y11: client 0: event type 22
y11: client 0: request 4534 opcode 12 len 20 bytes: 0c 00 05 00 aa 02 10 00 60 00 10 00 ae 02 10 00 01 00 00 00
y11: client 0: event type 22
y11: client 0: request 4535 opcode 12 len 20 bytes: 0c 00 05 00 a6 02 10 00 60 00 10 00 aa 02 10 00 01 00 00 00
y11: client 0: event type 22
y11: client 0: request 4536 opcode 12 len 20 bytes: 0c 00 05 00 a2 02 10 00 60 00 10 00 a6 02 10 00 01 00 00 00
y11: client 0: event type 22
y11: client 0: request 4537 opcode 12 len 20 bytes: 0c 00 05 00 9e 02 10 00 60 00 10 00 a2 02 10 00 01 00 00 00
y11: client 0: event type 22
y11: client 0: request 4538 opcode 12 len 20 bytes: 0c 00 05 00 9a 02 10 00 60 00 10 00 9e 02 10 00 01 00 00 00
y11: client 0: event type 22
y11: client 0: request 4539 opcode 12 len 20 bytes: 0c 00 05 00 96 02 10 00 60 00 10 00 9a 02 10 00 01 00 00 00
y11: client 0: event type 22
y11: client 0: request 4540 opcode 12 len 20 bytes: 0c 00 05 00 92 02 10 00 60 00 10 00 96 02 10 00 01 00 00 00
y11: client 0: event type 22
y11: client 0: request 4541 opcode 12 len 20 bytes: 0c 00 05 00 8e 02 10 00 60 00 10 00 92 02 10 00 01 00 00 00
y11: client 0: event type 22
y11: client 0: request 4542 opcode 12 len 20 bytes: 0c 00 05 00 8a 02 10 00 60 00 10 00 8e 02 10 00 01 00 00 00
y11: client 0: event type 22
y11: client 0: request 4543 opcode 12 len 20 bytes: 0c 00 05 00 86 02 10 00 60 00 10 00 8a 02 10 00 01 00 00 00
y11: client 0: event type 22
y11: client 0: request 4544 opcode 12 len 20 bytes: 0c 00 05 00 82 02 10 00 60 00 10 00 86 02 10 00 01 00 00 00
y11: client 0: event type 22
y11: client 0: request 4545 opcode 12 len 20 bytes: 0c 00 05 00 7e 02 10 00 60 00 10 00 82 02 10 00 01 00 00 00
y11: client 0: event type 22
y11: client 0: request 4546 opcode 12 len 20 bytes: 0c 00 05 00 79 02 10 00 60 00 10 00 7e 02 10 00 01 00 00 00
y11: client 0: event type 22
y11: client 0: request 4547 opcode 12 len 20 bytes: 0c 00 05 00 75 02 10 00 60 00 10 00 79 02 10 00 01 00 00 00
y11: client 0: event type 22
y11: client 0: request 4548 opcode 12 len 20 bytes: 0c 00 05 00 71 02 10 00 60 00 10 00 75 02 10 00 01 00 00 00
y11: client 0: event type 22
y11: client 0: request 4549 opcode 12 len 20 bytes: 0c 00 05 00 6d 02 10 00 60 00 10 00 71 02 10 00 01 00 00 00
y11: client 0: event type 22
y11: client 0: request 4550 opcode 12 len 20 bytes: 0c 00 05 00 69 02 10 00 60 00 10 00 6d 02 10 00 01 00 00 00
y11: client 0: event type 22
y11: client 0: request 4551 opcode 12 len 20 bytes: 0c 00 05 00 65 02 10 00 60 00 10 00 69 02 10 00 01 00 00 00
y11: client 0: event type 22
y11: client 0: request 4552 opcode 12 len 20 bytes: 0c 00 05 00 e3 01 10 00 60 00 10 00 65 02 10 00 01 00 00 00
y11: client 0: event type 22
y11: client 0: request 4553 opcode 12 len 20 bytes: 0c 00 05 00 e1 01 10 00 60 00 10 00 e3 01 10 00 01 00 00 00
y11: client 0: event type 22
y11: client 0: request 4554 opcode 12 len 20 bytes: 0c 00 05 00 de 01 10 00 60 00 10 00 e1 01 10 00 01 00 00 00
y11: client 0: event type 22
y11: client 0: request 4555 opcode 12 len 20 bytes: 0c 00 05 00 dc 01 10 00 60 00 10 00 de 01 10 00 01 00 00 00
y11: client 0: event type 22
y11: client 0: request 4556 opcode 12 len 20 bytes: 0c 00 05 00 da 01 10 00 60 00 10 00 dc 01 10 00 01 00 00 00
y11: client 0: event type 22
y11: client 0: request 4557 opcode 12 len 20 bytes: 0c 00 05 00 d8 01 10 00 60 00 10 00 da 01 10 00 01 00 00 00
y11: client 0: event type 22
y11: client 0: request 4558 opcode 12 len 20 bytes: 0c 00 05 00 d4 01 10 00 60 00 10 00 d8 01 10 00 01 00 00 00
y11: client 0: event type 22
y11: client 0: request 4559 opcode 1 len 48 bytes: 01 18 0c 00 df 02 10 00 de 02 10 00 00 00 00 00 02 00 19 00
y11: client 0: request 4560 opcode 1 len 48 bytes: 01 18 0c 00 e0 02 10 00 de 02 10 00 e9 ff 00 00 19 00 19 00
y11: client 0: request 4561 opcode 12 len 20 bytes: 0c 00 05 00 df 02 10 00 03 00 0c 00 00 00 00 00 00 00 00 00
y11: client 0: request 4562 opcode 12 len 16 bytes: 0c 00 04 00 df 02 10 00 40 00 10 00 00 00 00 00
y11: client 0: request 4563 opcode 8 len 8 bytes: 08 00 02 00 df 02 10 00
y11: client 0: request 4564 opcode 12 len 20 bytes: 0c 00 05 00 de 02 10 00 0c 00 00 00 01 00 00 00 1a 00 00 00
y11: client 0: event type 22
y11: client 0: request 4565 opcode 12 len 16 bytes: 0c 00 04 00 de 02 10 00 10 00 19 00 01 00 00 00
y11: client 0: event type 22
y11: client 0: request 4566 opcode 84 len 16 bytes: 54 00 04 00 22 00 00 00 00 00 00 00 00 00 00 00
y11: client 0: reply seq 4566 len 32
y11: client 0: request 4567 opcode 84 len 16 bytes: 54 00 04 00 22 00 00 00 00 00 00 00 00 00 02 00
y11: client 0: reply seq 4567 len 32
y11: client 0: request 4568 opcode 84 len 16 bytes: 54 00 04 00 22 00 00 00 00 ff 00 ff 00 ff 02 00
y11: client 0: reply seq 4568 len 32
y11: client 0: request 4569 opcode 2 len 16 bytes: 02 00 04 00 de 02 10 00 08 00 00 00 00 00 00 00
y11: client 0: request 4570 opcode 10 len 8 bytes: 0a 00 02 00 e0 02 10 00
y11: client 0: request 4571 opcode 12 len 20 bytes: 0c 00 05 00 df 02 10 00 03 00 00 00 00 00 00 00 00 00 00 00
y11: client 0: request 4572 opcode 1 len 48 bytes: 01 18 0c 00 e1 02 10 00 de 02 10 00 00 00 19 00 01 00 0a 00
y11: client 0: request 4573 opcode 8 len 8 bytes: 08 00 02 00 e1 02 10 00
y11: client 0: request 4574 opcode 1 len 52 bytes: 01 18 0d 00 e2 02 10 00 21 00 00 00 08 00 02 00 01 00 01 00
y11: client 0: event type 16
y11: client 0: request 4575 opcode 61 len 16 bytes: 3d 00 04 00 e2 02 10 00 00 00 00 00 00 00 00 00
y11: client 0: request 4576 opcode 12 len 20 bytes: 0c 00 05 00 de 02 10 00 60 00 e2 97 e2 02 10 00 01 00 00 00
y11: client 0: event type 22
y11: client 0: request 4577 opcode 12 len 20 bytes: 0c 00 05 00 da 02 10 00 60 00 10 00 de 02 10 00 01 00 00 00
y11: client 0: event type 22
y11: client 0: request 4578 opcode 12 len 20 bytes: 0c 00 05 00 d6 02 10 00 60 00 10 00 da 02 10 00 01 00 00 00
y11: client 0: event type 22
y11: client 0: request 4579 opcode 12 len 20 bytes: 0c 00 05 00 d2 02 10 00 60 00 00 00 d6 02 10 00 01 00 00 00
y11: client 0: event type 22
y11: client 0: request 4580 opcode 12 len 20 bytes: 0c 00 05 00 ce 02 10 00 60 00 02 00 d2 02 10 00 01 00 00 00
y11: client 0: event type 22
y11: client 0: request 4581 opcode 12 len 20 bytes: 0c 00 05 00 ca 02 10 00 60 00 00 00 ce 02 10 00 01 00 00 00
y11: client 0: event type 22
y11: client 0: request 4582 opcode 12 len 20 bytes: 0c 00 05 00 c6 02 10 00 60 00 04 00 ca 02 10 00 01 00 00 00
y11: client 0: event type 22
y11: client 0: request 4583 opcode 12 len 20 bytes: 0c 00 05 00 c2 02 10 00 60 00 10 00 c6 02 10 00 01 00 00 00
y11: client 0: event type 22
y11: client 0: request 4584 opcode 12 len 20 bytes: 0c 00 05 00 be 02 10 00 60 00 10 00 c2 02 10 00 01 00 00 00
y11: client 0: event type 22
y11: client 0: request 4585 opcode 12 len 20 bytes: 0c 00 05 00 ba 02 10 00 60 00 10 00 be 02 10 00 01 00 00 00
y11: client 0: event type 22
y11: client 0: request 4586 opcode 12 len 20 bytes: 0c 00 05 00 b6 02 10 00 60 00 10 00 ba 02 10 00 01 00 00 00
y11: client 0: event type 22
y11: client 0: request 4587 opcode 12 len 20 bytes: 0c 00 05 00 b2 02 10 00 60 00 10 00 b6 02 10 00 01 00 00 00
y11: client 0: event type 22
y11: client 0: request 4588 opcode 12 len 20 bytes: 0c 00 05 00 ae 02 10 00 60 00 10 00 b2 02 10 00 01 00 00 00
y11: client 0: event type 22
y11: client 0: request 4589 opcode 12 len 20 bytes: 0c 00 05 00 aa 02 10 00 60 00 10 00 ae 02 10 00 01 00 00 00
y11: client 0: event type 22
y11: client 0: request 4590 opcode 12 len 20 bytes: 0c 00 05 00 a6 02 10 00 60 00 10 00 aa 02 10 00 01 00 00 00
y11: client 0: event type 22
y11: client 0: request 4591 opcode 12 len 20 bytes: 0c 00 05 00 a2 02 10 00 60 00 10 00 a6 02 10 00 01 00 00 00
y11: client 0: event type 22
y11: client 0: request 4592 opcode 12 len 20 bytes: 0c 00 05 00 9e 02 10 00 60 00 10 00 a2 02 10 00 01 00 00 00
y11: client 0: event type 22
y11: client 0: request 4593 opcode 12 len 20 bytes: 0c 00 05 00 9a 02 10 00 60 00 10 00 9e 02 10 00 01 00 00 00
y11: client 0: event type 22
y11: client 0: request 4594 opcode 12 len 20 bytes: 0c 00 05 00 96 02 10 00 60 00 10 00 9a 02 10 00 01 00 00 00
y11: client 0: event type 22
y11: client 0: request 4595 opcode 12 len 20 bytes: 0c 00 05 00 92 02 10 00 60 00 10 00 96 02 10 00 01 00 00 00
y11: client 0: event type 22
y11: client 0: request 4596 opcode 12 len 20 bytes: 0c 00 05 00 8e 02 10 00 60 00 10 00 92 02 10 00 01 00 00 00
y11: client 0: event type 22
y11: client 0: request 4597 opcode 12 len 20 bytes: 0c 00 05 00 8a 02 10 00 60 00 10 00 8e 02 10 00 01 00 00 00
y11: client 0: event type 22
y11: client 0: request 4598 opcode 12 len 20 bytes: 0c 00 05 00 86 02 10 00 60 00 10 00 8a 02 10 00 01 00 00 00
y11: client 0: event type 22
y11: client 0: request 4599 opcode 12 len 20 bytes: 0c 00 05 00 82 02 10 00 60 00 10 00 86 02 10 00 01 00 00 00
y11: client 0: event type 22
y11: client 0: request 4600 opcode 12 len 20 bytes: 0c 00 05 00 7e 02 10 00 60 00 10 00 82 02 10 00 01 00 00 00
y11: client 0: event type 22
y11: client 0: request 4601 opcode 12 len 20 bytes: 0c 00 05 00 79 02 10 00 60 00 10 00 7e 02 10 00 01 00 00 00
y11: client 0: event type 22
y11: client 0: request 4602 opcode 12 len 20 bytes: 0c 00 05 00 75 02 10 00 60 00 10 00 79 02 10 00 01 00 00 00
y11: client 0: event type 22
y11: client 0: request 4603 opcode 12 len 20 bytes: 0c 00 05 00 71 02 10 00 60 00 10 00 75 02 10 00 01 00 00 00
y11: client 0: event type 22
y11: client 0: request 4604 opcode 12 len 20 bytes: 0c 00 05 00 6d 02 10 00 60 00 10 00 71 02 10 00 01 00 00 00
y11: client 0: event type 22
y11: client 0: request 4605 opcode 12 len 20 bytes: 0c 00 05 00 69 02 10 00 60 00 10 00 6d 02 10 00 01 00 00 00
y11: client 0: event type 22
y11: client 0: request 4606 opcode 12 len 20 bytes: 0c 00 05 00 65 02 10 00 60 00 10 00 69 02 10 00 01 00 00 00
y11: client 0: event type 22
y11: client 0: request 4607 opcode 12 len 20 bytes: 0c 00 05 00 e3 01 10 00 60 00 10 00 65 02 10 00 01 00 00 00
y11: client 0: event type 22
y11: client 0: request 4608 opcode 12 len 20 bytes: 0c 00 05 00 e1 01 10 00 60 00 10 00 e3 01 10 00 01 00 00 00
y11: client 0: event type 22
y11: client 0: request 4609 opcode 12 len 20 bytes: 0c 00 05 00 de 01 10 00 60 00 10 00 e1 01 10 00 01 00 00 00
y11: client 0: event type 22
y11: client 0: request 4610 opcode 12 len 20 bytes: 0c 00 05 00 dc 01 10 00 60 00 10 00 de 01 10 00 01 00 00 00
y11: client 0: event type 22
y11: client 0: request 4611 opcode 12 len 20 bytes: 0c 00 05 00 da 01 10 00 60 00 10 00 dc 01 10 00 01 00 00 00
y11: client 0: event type 22
y11: client 0: request 4612 opcode 12 len 20 bytes: 0c 00 05 00 d8 01 10 00 60 00 10 00 da 01 10 00 01 00 00 00
y11: client 0: event type 22
y11: client 0: request 4613 opcode 12 len 20 bytes: 0c 00 05 00 d4 01 10 00 60 00 10 00 d8 01 10 00 01 00 00 00
y11: client 0: event type 22
y11: client 0: request 4614 opcode 1 len 48 bytes: 01 18 0c 00 e3 02 10 00 e2 02 10 00 00 00 00 00 02 00 19 00
y11: client 0: request 4615 opcode 1 len 48 bytes: 01 18 0c 00 e4 02 10 00 e2 02 10 00 e9 ff 00 00 19 00 19 00
y11: client 0: request 4616 opcode 12 len 20 bytes: 0c 00 05 00 e3 02 10 00 03 00 10 00 00 00 00 00 00 00 00 00
y11: client 0: request 4617 opcode 12 len 16 bytes: 0c 00 04 00 e3 02 10 00 40 00 10 00 00 00 00 00
y11: client 0: request 4618 opcode 8 len 8 bytes: 08 00 02 00 e3 02 10 00
y11: client 0: request 4619 opcode 12 len 20 bytes: 0c 00 05 00 e2 02 10 00 0c 00 19 00 01 00 00 00 1a 00 00 00
y11: client 0: event type 22
y11: client 0: request 4620 opcode 12 len 16 bytes: 0c 00 04 00 e2 02 10 00 10 00 00 00 01 00 00 00
y11: client 0: event type 22
y11: client 0: request 4621 opcode 84 len 16 bytes: 54 00 04 00 22 00 00 00 00 00 00 00 00 00 00 00
y11: client 0: reply seq 4621 len 32
y11: client 0: request 4622 opcode 84 len 16 bytes: 54 00 04 00 22 00 00 00 00 00 00 00 00 00 02 00
y11: client 0: reply seq 4622 len 32
y11: client 0: request 4623 opcode 84 len 16 bytes: 54 00 04 00 22 00 00 00 00 ff 00 ff 00 ff 02 00
y11: client 0: reply seq 4623 len 32
y11: client 0: request 4624 opcode 2 len 16 bytes: 02 00 04 00 e2 02 10 00 08 00 00 00 00 00 00 00
y11: client 0: request 4625 opcode 10 len 8 bytes: 0a 00 02 00 e4 02 10 00
y11: client 0: request 4626 opcode 12 len 20 bytes: 0c 00 05 00 e3 02 10 00 03 00 00 00 00 00 00 00 00 00 00 00
y11: client 0: request 4627 opcode 1 len 48 bytes: 01 18 0c 00 e5 02 10 00 e2 02 10 00 00 00 19 00 01 00 0a 00
y11: client 0: request 4628 opcode 8 len 8 bytes: 08 00 02 00 e5 02 10 00
y11: client 0: request 4629 opcode 12 len 20 bytes: 0c 00 05 00 dc 02 10 00 03 00 00 00 e9 ff ff ff 00 00 00 00
y11: client 0: request 4630 opcode 12 len 20 bytes: 0c 00 05 00 db 02 10 00 03 00 10 00 00 00 00 00 00 00 00 00
y11: client 0: request 4631 opcode 12 len 16 bytes: 0c 00 04 00 da 02 10 00 10 00 10 00 01 00 00 00
y11: client 0: event type 22
y11: client 0: request 4632 opcode 84 len 16 bytes: 54 00 04 00 22 00 00 00 00 00 00 00 00 00 00 00
y11: client 0: reply seq 4632 len 32
y11: client 0: request 4633 opcode 84 len 16 bytes: 54 00 04 00 22 00 00 00 00 00 00 00 00 00 ff ff
y11: client 0: reply seq 4633 len 32
y11: client 0: request 4634 opcode 84 len 16 bytes: 54 00 04 00 22 00 00 00 00 ff 00 ff 00 ff ff ff
y11: client 0: reply seq 4634 len 32
y11: client 0: request 4635 opcode 2 len 16 bytes: 02 00 04 00 da 02 10 00 08 00 00 00 00 00 00 00
y11: client 0: request 4636 opcode 12 len 28 bytes: 0c 00 07 00 dd 02 10 00 0f 00 10 00 00 00 00 00 19 00 00 00
y11: client 0: request 4637 opcode 12 len 20 bytes: 0c 00 05 00 da 02 10 00 0c 00 00 00 70 00 00 00 2f 00 00 00
y11: client 0: event type 22
y11: client 0: request 4638 opcode 12 len 20 bytes: 0c 00 05 00 dc 02 10 00 03 00 00 00 58 00 00 00 00 00 00 00
y11: client 0: request 4639 opcode 12 len 28 bytes: 0c 00 07 00 db 02 10 00 0f 00 02 00 00 00 00 00 00 00 00 00
y11: client 0: request 4640 opcode 2 len 16 bytes: 02 00 04 00 dd 02 10 00 02 00 00 00 aa aa aa 00
y11: client 0: request 4641 opcode 61 len 16 bytes: 3d 00 04 00 dd 02 10 00 00 00 00 00 00 00 00 00
y11: client 0: request 4642 opcode 12 len 20 bytes: 0c 00 05 00 d8 02 10 00 03 00 10 00 e9 ff ff ff 00 00 00 00
y11: client 0: request 4643 opcode 12 len 20 bytes: 0c 00 05 00 d7 02 10 00 03 00 10 00 00 00 00 00 00 00 00 00
y11: client 0: request 4644 opcode 12 len 16 bytes: 0c 00 04 00 d6 02 10 00 10 00 10 00 01 00 00 00
y11: client 0: event type 22
y11: client 0: request 4645 opcode 84 len 16 bytes: 54 00 04 00 22 00 00 00 00 00 00 00 00 00 10 00
y11: client 0: reply seq 4645 len 32
y11: client 0: request 4646 opcode 84 len 16 bytes: 54 00 04 00 22 00 00 00 00 00 00 00 00 00 00 00
y11: client 0: reply seq 4646 len 32
y11: client 0: request 4647 opcode 84 len 16 bytes: 54 00 04 00 22 00 00 00 00 ff 00 ff 00 ff 00 00
y11: client 0: reply seq 4647 len 32
y11: client 0: request 4648 opcode 2 len 16 bytes: 02 00 04 00 d6 02 10 00 08 00 00 00 00 00 00 00
y11: client 0: request 4649 opcode 12 len 28 bytes: 0c 00 07 00 d9 02 10 00 0f 00 10 00 00 00 00 00 19 00 00 00
y11: client 0: request 4650 opcode 12 len 20 bytes: 0c 00 05 00 d6 02 10 00 0c 00 00 00 70 00 00 00 2f 00 00 00
y11: client 0: event type 22
y11: client 0: request 4651 opcode 12 len 20 bytes: 0c 00 05 00 d8 02 10 00 03 00 00 00 58 00 00 00 00 00 00 00
y11: client 0: request 4652 opcode 12 len 28 bytes: 0c 00 07 00 d7 02 10 00 0f 00 02 00 00 00 00 00 00 00 00 00
y11: client 0: request 4653 opcode 2 len 16 bytes: 02 00 04 00 d9 02 10 00 02 00 00 00 aa aa aa 00
y11: client 0: request 4654 opcode 61 len 16 bytes: 3d 00 04 00 d9 02 10 00 00 00 00 00 00 00 00 00
y11: client 0: request 4655 opcode 1 len 52 bytes: 01 18 0d 00 e6 02 10 00 21 00 00 00 08 00 02 00 01 00 01 00
y11: client 0: event type 16
y11: client 0: request 4656 opcode 61 len 16 bytes: 3d 00 04 00 e6 02 10 00 00 00 00 00 00 00 00 00
y11: client 0: request 4657 opcode 12 len 20 bytes: 0c 00 05 00 e2 02 10 00 60 00 10 00 e6 02 10 00 01 00 00 00
y11: client 0: event type 22
y11: client 0: request 4658 opcode 12 len 20 bytes: 0c 00 05 00 de 02 10 00 60 00 10 00 e2 02 10 00 01 00 00 00
y11: client 0: event type 22
y11: client 0: request 4659 opcode 12 len 20 bytes: 0c 00 05 00 da 02 10 00 60 00 10 00 de 02 10 00 01 00 00 00
y11: client 0: event type 22
y11: client 0: request 4660 opcode 12 len 20 bytes: 0c 00 05 00 d6 02 10 00 60 00 10 00 da 02 10 00 01 00 00 00
y11: client 0: event type 22
y11: client 0: request 4661 opcode 12 len 20 bytes: 0c 00 05 00 d2 02 10 00 60 00 10 00 d6 02 10 00 01 00 00 00
y11: client 0: event type 22
y11: client 0: request 4662 opcode 12 len 20 bytes: 0c 00 05 00 ce 02 10 00 60 00 10 00 d2 02 10 00 01 00 00 00
y11: client 0: event type 22
y11: client 0: request 4663 opcode 12 len 20 bytes: 0c 00 05 00 ca 02 10 00 60 00 10 00 ce 02 10 00 01 00 00 00
y11: client 0: event type 22
y11: client 0: request 4664 opcode 12 len 20 bytes: 0c 00 05 00 c6 02 10 00 60 00 10 00 ca 02 10 00 01 00 00 00
y11: client 0: event type 22
y11: client 0: request 4665 opcode 12 len 20 bytes: 0c 00 05 00 c2 02 10 00 60 00 10 00 c6 02 10 00 01 00 00 00
y11: client 0: event type 22
y11: client 0: request 4666 opcode 12 len 20 bytes: 0c 00 05 00 be 02 10 00 60 00 10 00 c2 02 10 00 01 00 00 00
y11: client 0: event type 22
y11: client 0: request 4667 opcode 12 len 20 bytes: 0c 00 05 00 ba 02 10 00 60 00 10 00 be 02 10 00 01 00 00 00
y11: client 0: event type 22
y11: client 0: request 4668 opcode 12 len 20 bytes: 0c 00 05 00 b6 02 10 00 60 00 10 00 ba 02 10 00 01 00 00 00
y11: client 0: event type 22
y11: client 0: request 4669 opcode 12 len 20 bytes: 0c 00 05 00 b2 02 10 00 60 00 10 00 b6 02 10 00 01 00 00 00
y11: client 0: event type 22
y11: client 0: request 4670 opcode 12 len 20 bytes: 0c 00 05 00 ae 02 10 00 60 00 10 00 b2 02 10 00 01 00 00 00
y11: client 0: event type 22
y11: client 0: request 4671 opcode 12 len 20 bytes: 0c 00 05 00 aa 02 10 00 60 00 10 00 ae 02 10 00 01 00 00 00
y11: client 0: event type 22
y11: client 0: request 4672 opcode 12 len 20 bytes: 0c 00 05 00 a6 02 10 00 60 00 10 00 aa 02 10 00 01 00 00 00
y11: client 0: event type 22
y11: client 0: request 4673 opcode 12 len 20 bytes: 0c 00 05 00 a2 02 10 00 60 00 10 00 a6 02 10 00 01 00 00 00
y11: client 0: event type 22
y11: client 0: request 4674 opcode 12 len 20 bytes: 0c 00 05 00 9e 02 10 00 60 00 10 00 a2 02 10 00 01 00 00 00
y11: client 0: event type 22
y11: client 0: request 4675 opcode 12 len 20 bytes: 0c 00 05 00 9a 02 10 00 60 00 10 00 9e 02 10 00 01 00 00 00
y11: client 0: event type 22
y11: client 0: request 4676 opcode 12 len 20 bytes: 0c 00 05 00 96 02 10 00 60 00 10 00 9a 02 10 00 01 00 00 00
y11: client 0: event type 22
y11: client 0: request 4677 opcode 12 len 20 bytes: 0c 00 05 00 92 02 10 00 60 00 10 00 96 02 10 00 01 00 00 00
y11: client 0: event type 22
y11: client 0: request 4678 opcode 12 len 20 bytes: 0c 00 05 00 8e 02 10 00 60 00 10 00 92 02 10 00 01 00 00 00
y11: client 0: event type 22
y11: client 0: request 4679 opcode 12 len 20 bytes: 0c 00 05 00 8a 02 10 00 60 00 10 00 8e 02 10 00 01 00 00 00
y11: client 0: event type 22
y11: client 0: request 4680 opcode 12 len 20 bytes: 0c 00 05 00 86 02 10 00 60 00 10 00 8a 02 10 00 01 00 00 00
y11: client 0: event type 22
y11: client 0: request 4681 opcode 12 len 20 bytes: 0c 00 05 00 82 02 10 00 60 00 10 00 86 02 10 00 01 00 00 00
y11: client 0: event type 22
y11: client 0: request 4682 opcode 12 len 20 bytes: 0c 00 05 00 7e 02 10 00 60 00 10 00 82 02 10 00 01 00 00 00
y11: client 0: event type 22
y11: client 0: request 4683 opcode 12 len 20 bytes: 0c 00 05 00 79 02 10 00 60 00 10 00 7e 02 10 00 01 00 00 00
y11: client 0: event type 22
y11: client 0: request 4684 opcode 12 len 20 bytes: 0c 00 05 00 75 02 10 00 60 00 10 00 79 02 10 00 01 00 00 00
y11: client 0: event type 22
y11: client 0: request 4685 opcode 12 len 20 bytes: 0c 00 05 00 71 02 10 00 60 00 10 00 75 02 10 00 01 00 00 00
y11: client 0: event type 22
y11: client 0: request 4686 opcode 12 len 20 bytes: 0c 00 05 00 6d 02 10 00 60 00 10 00 71 02 10 00 01 00 00 00
y11: client 0: event type 22
y11: client 0: request 4687 opcode 12 len 20 bytes: 0c 00 05 00 69 02 10 00 60 00 10 00 6d 02 10 00 01 00 00 00
y11: client 0: event type 22
y11: client 0: request 4688 opcode 12 len 20 bytes: 0c 00 05 00 65 02 10 00 60 00 00 00 69 02 10 00 01 00 00 00
y11: client 0: event type 22
y11: client 0: request 4689 opcode 12 len 20 bytes: 0c 00 05 00 e3 01 10 00 60 00 6f 9b 65 02 10 00 01 00 00 00
y11: client 0: event type 22
y11: client 0: request 4690 opcode 12 len 20 bytes: 0c 00 05 00 e1 01 10 00 60 00 10 00 e3 01 10 00 01 00 00 00
y11: client 0: event type 22
y11: client 0: request 4691 opcode 12 len 20 bytes: 0c 00 05 00 de 01 10 00 60 00 00 00 e1 01 10 00 01 00 00 00
y11: client 0: event type 22
y11: client 0: request 4692 opcode 12 len 20 bytes: 0c 00 05 00 dc 01 10 00 60 00 00 00 de 01 10 00 01 00 00 00
y11: client 0: event type 22
y11: client 0: request 4693 opcode 12 len 20 bytes: 0c 00 05 00 da 01 10 00 60 00 00 00 dc 01 10 00 01 00 00 00
y11: client 0: event type 22
y11: client 0: request 4694 opcode 12 len 20 bytes: 0c 00 05 00 d8 01 10 00 60 00 02 00 da 01 10 00 01 00 00 00
y11: client 0: event type 22
y11: client 0: request 4695 opcode 12 len 20 bytes: 0c 00 05 00 d4 01 10 00 60 00 00 00 d8 01 10 00 01 00 00 00
y11: client 0: event type 22
y11: client 0: request 4696 opcode 1 len 48 bytes: 01 18 0c 00 e7 02 10 00 e6 02 10 00 00 00 00 00 02 00 19 00
y11: client 0: request 4697 opcode 1 len 48 bytes: 01 18 0c 00 e8 02 10 00 e6 02 10 00 e9 ff 00 00 19 00 19 00
y11: client 0: request 4698 opcode 12 len 20 bytes: 0c 00 05 00 e7 02 10 00 03 00 00 00 00 00 00 00 00 00 00 00
y11: client 0: request 4699 opcode 12 len 16 bytes: 0c 00 04 00 e7 02 10 00 40 00 ca 00 00 00 00 00
y11: client 0: request 4700 opcode 8 len 8 bytes: 08 00 02 00 e7 02 10 00
y11: client 0: request 4701 opcode 12 len 20 bytes: 0c 00 05 00 e6 02 10 00 0c 00 f4 00 01 00 00 00 1a 00 00 00
y11: client 0: event type 22
y11: client 0: request 4702 opcode 12 len 16 bytes: 0c 00 04 00 e6 02 10 00 10 00 15 00 01 00 00 00
y11: client 0: event type 22
y11: client 0: request 4703 opcode 84 len 16 bytes: 54 00 04 00 22 00 00 00 00 00 00 00 00 00 07 00
y11: client 0: reply seq 4703 len 32
y11: client 0: request 4704 opcode 84 len 16 bytes: 54 00 04 00 22 00 00 00 00 00 00 00 00 00 00 00
y11: client 0: reply seq 4704 len 32
y11: client 0: request 4705 opcode 84 len 16 bytes: 54 00 04 00 22 00 00 00 00 ff 00 ff 00 ff 00 00
y11: client 0: reply seq 4705 len 32
y11: client 0: request 4706 opcode 2 len 16 bytes: 02 00 04 00 e6 02 10 00 08 00 00 00 00 00 00 00
y11: client 0: request 4707 opcode 10 len 8 bytes: 0a 00 02 00 e8 02 10 00
y11: client 0: request 4708 opcode 12 len 20 bytes: 0c 00 05 00 e7 02 10 00 03 00 00 00 00 00 00 00 00 00 00 00
y11: client 0: request 4709 opcode 1 len 48 bytes: 01 18 0c 00 e9 02 10 00 e6 02 10 00 00 00 19 00 01 00 0a 00
y11: client 0: request 4710 opcode 8 len 8 bytes: 08 00 02 00 e9 02 10 00
y11: client 0: request 4711 opcode 1 len 52 bytes: 01 18 0d 00 ea 02 10 00 21 00 00 00 08 00 02 00 01 00 01 00
y11: client 0: event type 16
y11: client 0: request 4712 opcode 61 len 16 bytes: 3d 00 04 00 ea 02 10 00 00 00 00 00 00 00 00 00
y11: client 0: request 4713 opcode 12 len 20 bytes: 0c 00 05 00 e6 02 10 00 60 00 e2 97 ea 02 10 00 01 00 00 00
y11: client 0: event type 22
y11: client 0: request 4714 opcode 12 len 20 bytes: 0c 00 05 00 e2 02 10 00 60 00 10 00 e6 02 10 00 01 00 00 00
y11: client 0: event type 22
y11: client 0: request 4715 opcode 12 len 20 bytes: 0c 00 05 00 de 02 10 00 60 00 10 00 e2 02 10 00 01 00 00 00
y11: client 0: event type 22
y11: client 0: request 4716 opcode 12 len 20 bytes: 0c 00 05 00 da 02 10 00 60 00 00 00 de 02 10 00 01 00 00 00
y11: client 0: event type 22
y11: client 0: request 4717 opcode 12 len 20 bytes: 0c 00 05 00 d6 02 10 00 60 00 02 00 da 02 10 00 01 00 00 00
y11: client 0: event type 22
y11: client 0: request 4718 opcode 12 len 20 bytes: 0c 00 05 00 d2 02 10 00 60 00 00 00 d6 02 10 00 01 00 00 00
y11: client 0: event type 22
y11: client 0: request 4719 opcode 12 len 20 bytes: 0c 00 05 00 ce 02 10 00 60 00 04 00 d2 02 10 00 01 00 00 00
y11: client 0: event type 22
y11: client 0: request 4720 opcode 12 len 20 bytes: 0c 00 05 00 ca 02 10 00 60 00 10 00 ce 02 10 00 01 00 00 00
y11: client 0: event type 22
y11: client 0: request 4721 opcode 12 len 20 bytes: 0c 00 05 00 c6 02 10 00 60 00 10 00 ca 02 10 00 01 00 00 00
y11: client 0: event type 22
y11: client 0: request 4722 opcode 12 len 20 bytes: 0c 00 05 00 c2 02 10 00 60 00 10 00 c6 02 10 00 01 00 00 00
y11: client 0: event type 22
y11: client 0: request 4723 opcode 12 len 20 bytes: 0c 00 05 00 be 02 10 00 60 00 10 00 c2 02 10 00 01 00 00 00
y11: client 0: event type 22
y11: client 0: request 4724 opcode 12 len 20 bytes: 0c 00 05 00 ba 02 10 00 60 00 10 00 be 02 10 00 01 00 00 00
y11: client 0: event type 22
y11: client 0: request 4725 opcode 12 len 20 bytes: 0c 00 05 00 b6 02 10 00 60 00 10 00 ba 02 10 00 01 00 00 00
y11: client 0: event type 22
y11: client 0: request 4726 opcode 12 len 20 bytes: 0c 00 05 00 b2 02 10 00 60 00 10 00 b6 02 10 00 01 00 00 00
y11: client 0: event type 22
y11: client 0: request 4727 opcode 12 len 20 bytes: 0c 00 05 00 ae 02 10 00 60 00 10 00 b2 02 10 00 01 00 00 00
y11: client 0: event type 22
y11: client 0: request 4728 opcode 12 len 20 bytes: 0c 00 05 00 aa 02 10 00 60 00 10 00 ae 02 10 00 01 00 00 00
y11: client 0: event type 22
y11: client 0: request 4729 opcode 12 len 20 bytes: 0c 00 05 00 a6 02 10 00 60 00 10 00 aa 02 10 00 01 00 00 00
y11: client 0: event type 22
y11: client 0: request 4730 opcode 12 len 20 bytes: 0c 00 05 00 a2 02 10 00 60 00 10 00 a6 02 10 00 01 00 00 00
y11: client 0: event type 22
y11: client 0: request 4731 opcode 12 len 20 bytes: 0c 00 05 00 9e 02 10 00 60 00 10 00 a2 02 10 00 01 00 00 00
y11: client 0: event type 22
y11: client 0: request 4732 opcode 12 len 20 bytes: 0c 00 05 00 9a 02 10 00 60 00 10 00 9e 02 10 00 01 00 00 00
y11: client 0: event type 22
y11: client 0: request 4733 opcode 12 len 20 bytes: 0c 00 05 00 96 02 10 00 60 00 10 00 9a 02 10 00 01 00 00 00
y11: client 0: event type 22
y11: client 0: request 4734 opcode 12 len 20 bytes: 0c 00 05 00 92 02 10 00 60 00 10 00 96 02 10 00 01 00 00 00
y11: client 0: event type 22
y11: client 0: request 4735 opcode 12 len 20 bytes: 0c 00 05 00 8e 02 10 00 60 00 10 00 92 02 10 00 01 00 00 00
y11: client 0: event type 22
y11: client 0: request 4736 opcode 12 len 20 bytes: 0c 00 05 00 8a 02 10 00 60 00 10 00 8e 02 10 00 01 00 00 00
y11: client 0: event type 22
y11: client 0: request 4737 opcode 12 len 20 bytes: 0c 00 05 00 86 02 10 00 60 00 10 00 8a 02 10 00 01 00 00 00
y11: client 0: event type 22
y11: client 0: request 4738 opcode 12 len 20 bytes: 0c 00 05 00 82 02 10 00 60 00 10 00 86 02 10 00 01 00 00 00
y11: client 0: event type 22
y11: client 0: request 4739 opcode 12 len 20 bytes: 0c 00 05 00 7e 02 10 00 60 00 10 00 82 02 10 00 01 00 00 00
y11: client 0: event type 22
y11: client 0: request 4740 opcode 12 len 20 bytes: 0c 00 05 00 79 02 10 00 60 00 10 00 7e 02 10 00 01 00 00 00
y11: client 0: event type 22
y11: client 0: request 4741 opcode 12 len 20 bytes: 0c 00 05 00 75 02 10 00 60 00 10 00 79 02 10 00 01 00 00 00
y11: client 0: event type 22
y11: client 0: request 4742 opcode 12 len 20 bytes: 0c 00 05 00 71 02 10 00 60 00 10 00 75 02 10 00 01 00 00 00
y11: client 0: event type 22
y11: client 0: request 4743 opcode 12 len 20 bytes: 0c 00 05 00 6d 02 10 00 60 00 10 00 71 02 10 00 01 00 00 00
y11: client 0: event type 22
y11: client 0: request 4744 opcode 12 len 20 bytes: 0c 00 05 00 69 02 10 00 60 00 10 00 6d 02 10 00 01 00 00 00
y11: client 0: event type 22
y11: client 0: request 4745 opcode 12 len 20 bytes: 0c 00 05 00 65 02 10 00 60 00 10 00 69 02 10 00 01 00 00 00
y11: client 0: event type 22
y11: client 0: request 4746 opcode 12 len 20 bytes: 0c 00 05 00 e3 01 10 00 60 00 10 00 65 02 10 00 01 00 00 00
y11: client 0: event type 22
y11: client 0: request 4747 opcode 12 len 20 bytes: 0c 00 05 00 e1 01 10 00 60 00 10 00 e3 01 10 00 01 00 00 00
y11: client 0: event type 22
y11: client 0: request 4748 opcode 12 len 20 bytes: 0c 00 05 00 de 01 10 00 60 00 10 00 e1 01 10 00 01 00 00 00
y11: client 0: event type 22
y11: client 0: request 4749 opcode 12 len 20 bytes: 0c 00 05 00 dc 01 10 00 60 00 10 00 de 01 10 00 01 00 00 00
y11: client 0: event type 22
y11: client 0: request 4750 opcode 12 len 20 bytes: 0c 00 05 00 da 01 10 00 60 00 10 00 dc 01 10 00 01 00 00 00
y11: client 0: event type 22
y11: client 0: request 4751 opcode 12 len 20 bytes: 0c 00 05 00 d8 01 10 00 60 00 10 00 da 01 10 00 01 00 00 00
y11: client 0: event type 22
y11: client 0: request 4752 opcode 12 len 20 bytes: 0c 00 05 00 d4 01 10 00 60 00 10 00 d8 01 10 00 01 00 00 00
y11: client 0: event type 22
y11: client 0: request 4753 opcode 1 len 48 bytes: 01 18 0c 00 eb 02 10 00 ea 02 10 00 00 00 00 00 02 00 19 00
y11: client 0: request 4754 opcode 1 len 48 bytes: 01 18 0c 00 ec 02 10 00 ea 02 10 00 e9 ff 00 00 19 00 19 00
y11: client 0: request 4755 opcode 12 len 20 bytes: 0c 00 05 00 eb 02 10 00 03 00 05 00 00 00 00 00 00 00 00 00
y11: client 0: request 4756 opcode 12 len 16 bytes: 0c 00 04 00 eb 02 10 00 40 00 0c 00 00 00 00 00
y11: client 0: request 4757 opcode 8 len 8 bytes: 08 00 02 00 eb 02 10 00
y11: client 0: request 4758 opcode 12 len 20 bytes: 0c 00 05 00 ea 02 10 00 0c 00 00 00 01 00 00 00 1a 00 00 00
y11: client 0: event type 22
y11: client 0: request 4759 opcode 12 len 16 bytes: 0c 00 04 00 ea 02 10 00 10 00 00 00 01 00 00 00
y11: client 0: event type 22
y11: client 0: request 4760 opcode 84 len 16 bytes: 54 00 04 00 22 00 00 00 00 00 00 00 00 00 19 00
y11: client 0: reply seq 4760 len 32
y11: client 0: request 4761 opcode 84 len 16 bytes: 54 00 04 00 22 00 00 00 00 00 00 00 00 00 02 00
y11: client 0: reply seq 4761 len 32
y11: client 0: request 4762 opcode 84 len 16 bytes: 54 00 04 00 22 00 00 00 00 ff 00 ff 00 ff 02 00
y11: client 0: reply seq 4762 len 32
y11: client 0: request 4763 opcode 2 len 16 bytes: 02 00 04 00 ea 02 10 00 08 00 00 00 00 00 00 00
y11: client 0: request 4764 opcode 10 len 8 bytes: 0a 00 02 00 ec 02 10 00
y11: client 0: request 4765 opcode 12 len 20 bytes: 0c 00 05 00 eb 02 10 00 03 00 00 00 00 00 00 00 00 00 00 00
y11: client 0: request 4766 opcode 1 len 48 bytes: 01 18 0c 00 ed 02 10 00 ea 02 10 00 00 00 19 00 01 00 0a 00
y11: client 0: request 4767 opcode 8 len 8 bytes: 08 00 02 00 ed 02 10 00
y11: client 0: request 4768 opcode 12 len 20 bytes: 0c 00 05 00 dc 02 10 00 03 00 00 00 58 00 00 00 00 00 00 00
y11: client 0: request 4769 opcode 12 len 20 bytes: 0c 00 05 00 db 02 10 00 03 00 10 00 00 00 00 00 00 00 00 00
y11: client 0: request 4770 opcode 12 len 16 bytes: 0c 00 04 00 da 02 10 00 10 00 10 00 01 00 00 00
y11: client 0: event type 22
y11: client 0: request 4771 opcode 84 len 16 bytes: 54 00 04 00 22 00 00 00 00 00 00 00 00 00 00 00
y11: client 0: reply seq 4771 len 32
y11: client 0: request 4772 opcode 84 len 16 bytes: 54 00 04 00 22 00 00 00 00 00 00 00 00 00 00 00
y11: client 0: reply seq 4772 len 32
y11: client 0: request 4773 opcode 84 len 16 bytes: 54 00 04 00 22 00 00 00 00 ff 00 ff 00 ff 00 00
y11: client 0: reply seq 4773 len 32
y11: client 0: request 4774 opcode 2 len 16 bytes: 02 00 04 00 da 02 10 00 08 00 00 00 00 00 00 00
y11: client 0: request 4775 opcode 12 len 28 bytes: 0c 00 07 00 dd 02 10 00 0f 00 10 00 00 00 00 00 19 00 00 00
y11: client 0: request 4776 opcode 12 len 20 bytes: 0c 00 05 00 da 02 10 00 0c 00 00 00 70 00 00 00 46 00 00 00
y11: client 0: event type 22
y11: client 0: request 4777 opcode 2 len 16 bytes: 02 00 04 00 dd 02 10 00 02 00 00 00 aa aa aa 00
y11: client 0: request 4778 opcode 61 len 16 bytes: 3d 00 04 00 dd 02 10 00 00 00 00 00 00 00 00 00
y11: client 0: request 4779 opcode 12 len 20 bytes: 0c 00 05 00 d8 02 10 00 03 00 00 00 58 00 00 00 00 00 00 00
y11: client 0: request 4780 opcode 12 len 20 bytes: 0c 00 05 00 d7 02 10 00 03 00 00 00 00 00 00 00 00 00 00 00
y11: client 0: request 4781 opcode 12 len 16 bytes: 0c 00 04 00 d6 02 10 00 10 00 00 00 01 00 00 00
y11: client 0: event type 22
y11: client 0: request 4782 opcode 84 len 16 bytes: 54 00 04 00 22 00 00 00 00 00 00 00 00 00 00 00
y11: client 0: reply seq 4782 len 32
y11: client 0: request 4783 opcode 84 len 16 bytes: 54 00 04 00 22 00 00 00 00 00 00 00 00 00 00 00
y11: client 0: reply seq 4783 len 32
y11: client 0: request 4784 opcode 84 len 16 bytes: 54 00 04 00 22 00 00 00 00 ff 00 ff 00 ff 00 00
y11: client 0: reply seq 4784 len 32
y11: client 0: request 4785 opcode 2 len 16 bytes: 02 00 04 00 d6 02 10 00 08 00 00 00 00 00 00 00
y11: client 0: request 4786 opcode 12 len 28 bytes: 0c 00 07 00 d9 02 10 00 0f 00 10 00 00 00 00 00 19 00 00 00
y11: client 0: request 4787 opcode 12 len 20 bytes: 0c 00 05 00 d6 02 10 00 0c 00 00 00 70 00 00 00 46 00 00 00
y11: client 0: event type 22
y11: client 0: request 4788 opcode 2 len 16 bytes: 02 00 04 00 d9 02 10 00 02 00 00 00 aa aa aa 00
y11: client 0: request 4789 opcode 61 len 16 bytes: 3d 00 04 00 d9 02 10 00 00 00 00 00 00 00 00 00
y11: client 0: request 4790 opcode 1 len 52 bytes: 01 18 0d 00 ee 02 10 00 21 00 00 00 08 00 02 00 01 00 01 00
y11: client 0: event type 16
y11: client 0: request 4791 opcode 61 len 16 bytes: 3d 00 04 00 ee 02 10 00 00 00 00 00 00 00 00 00
y11: client 0: request 4792 opcode 12 len 20 bytes: 0c 00 05 00 ea 02 10 00 60 00 10 00 ee 02 10 00 01 00 00 00
y11: client 0: event type 22
y11: client 0: request 4793 opcode 12 len 20 bytes: 0c 00 05 00 e6 02 10 00 60 00 10 00 ea 02 10 00 01 00 00 00
y11: client 0: event type 22
y11: client 0: request 4794 opcode 12 len 20 bytes: 0c 00 05 00 e2 02 10 00 60 00 10 00 e6 02 10 00 01 00 00 00
y11: client 0: event type 22
y11: client 0: request 4795 opcode 12 len 20 bytes: 0c 00 05 00 de 02 10 00 60 00 10 00 e2 02 10 00 01 00 00 00
y11: client 0: event type 22
y11: client 0: request 4796 opcode 12 len 20 bytes: 0c 00 05 00 da 02 10 00 60 00 10 00 de 02 10 00 01 00 00 00
y11: client 0: event type 22
y11: client 0: request 4797 opcode 12 len 20 bytes: 0c 00 05 00 d6 02 10 00 60 00 10 00 da 02 10 00 01 00 00 00
y11: client 0: event type 22
y11: client 0: request 4798 opcode 12 len 20 bytes: 0c 00 05 00 d2 02 10 00 60 00 10 00 d6 02 10 00 01 00 00 00
y11: client 0: event type 22
y11: client 0: request 4799 opcode 12 len 20 bytes: 0c 00 05 00 ce 02 10 00 60 00 10 00 d2 02 10 00 01 00 00 00
y11: client 0: event type 22
y11: client 0: request 4800 opcode 12 len 20 bytes: 0c 00 05 00 ca 02 10 00 60 00 10 00 ce 02 10 00 01 00 00 00
y11: client 0: event type 22
y11: client 0: request 4801 opcode 12 len 20 bytes: 0c 00 05 00 c6 02 10 00 60 00 10 00 ca 02 10 00 01 00 00 00
y11: client 0: event type 22
y11: client 0: request 4802 opcode 12 len 20 bytes: 0c 00 05 00 c2 02 10 00 60 00 10 00 c6 02 10 00 01 00 00 00
y11: client 0: event type 22
y11: client 0: request 4803 opcode 12 len 20 bytes: 0c 00 05 00 be 02 10 00 60 00 10 00 c2 02 10 00 01 00 00 00
y11: client 0: event type 22
y11: client 0: request 4804 opcode 12 len 20 bytes: 0c 00 05 00 ba 02 10 00 60 00 10 00 be 02 10 00 01 00 00 00
y11: client 0: event type 22
y11: client 0: request 4805 opcode 12 len 20 bytes: 0c 00 05 00 b6 02 10 00 60 00 10 00 ba 02 10 00 01 00 00 00
y11: client 0: event type 22
y11: client 0: request 4806 opcode 12 len 20 bytes: 0c 00 05 00 b2 02 10 00 60 00 10 00 b6 02 10 00 01 00 00 00
y11: client 0: event type 22
y11: client 0: request 4807 opcode 12 len 20 bytes: 0c 00 05 00 ae 02 10 00 60 00 10 00 b2 02 10 00 01 00 00 00
y11: client 0: event type 22
y11: client 0: request 4808 opcode 12 len 20 bytes: 0c 00 05 00 aa 02 10 00 60 00 10 00 ae 02 10 00 01 00 00 00
y11: client 0: event type 22
y11: client 0: request 4809 opcode 12 len 20 bytes: 0c 00 05 00 a6 02 10 00 60 00 10 00 aa 02 10 00 01 00 00 00
y11: client 0: event type 22
y11: client 0: request 4810 opcode 12 len 20 bytes: 0c 00 05 00 a2 02 10 00 60 00 10 00 a6 02 10 00 01 00 00 00
y11: client 0: event type 22
y11: client 0: request 4811 opcode 12 len 20 bytes: 0c 00 05 00 9e 02 10 00 60 00 10 00 a2 02 10 00 01 00 00 00
y11: client 0: event type 22
y11: client 0: request 4812 opcode 12 len 20 bytes: 0c 00 05 00 9a 02 10 00 60 00 10 00 9e 02 10 00 01 00 00 00
y11: client 0: event type 22
y11: client 0: request 4813 opcode 12 len 20 bytes: 0c 00 05 00 96 02 10 00 60 00 10 00 9a 02 10 00 01 00 00 00
y11: client 0: event type 22
y11: client 0: request 4814 opcode 12 len 20 bytes: 0c 00 05 00 92 02 10 00 60 00 10 00 96 02 10 00 01 00 00 00
y11: client 0: event type 22
y11: client 0: request 4815 opcode 12 len 20 bytes: 0c 00 05 00 8e 02 10 00 60 00 10 00 92 02 10 00 01 00 00 00
y11: client 0: event type 22
y11: client 0: request 4816 opcode 12 len 20 bytes: 0c 00 05 00 8a 02 10 00 60 00 10 00 8e 02 10 00 01 00 00 00
y11: client 0: event type 22
y11: client 0: request 4817 opcode 12 len 20 bytes: 0c 00 05 00 86 02 10 00 60 00 10 00 8a 02 10 00 01 00 00 00
y11: client 0: event type 22
y11: client 0: request 4818 opcode 12 len 20 bytes: 0c 00 05 00 82 02 10 00 60 00 10 00 86 02 10 00 01 00 00 00
y11: client 0: event type 22
y11: client 0: request 4819 opcode 12 len 20 bytes: 0c 00 05 00 7e 02 10 00 60 00 10 00 82 02 10 00 01 00 00 00
y11: client 0: event type 22
y11: client 0: request 4820 opcode 12 len 20 bytes: 0c 00 05 00 79 02 10 00 60 00 10 00 7e 02 10 00 01 00 00 00
y11: client 0: event type 22
y11: client 0: request 4821 opcode 12 len 20 bytes: 0c 00 05 00 75 02 10 00 60 00 10 00 79 02 10 00 01 00 00 00
y11: client 0: event type 22
y11: client 0: request 4822 opcode 12 len 20 bytes: 0c 00 05 00 71 02 10 00 60 00 10 00 75 02 10 00 01 00 00 00
y11: client 0: event type 22
y11: client 0: request 4823 opcode 12 len 20 bytes: 0c 00 05 00 6d 02 10 00 60 00 10 00 71 02 10 00 01 00 00 00
y11: client 0: event type 22
y11: client 0: request 4824 opcode 12 len 20 bytes: 0c 00 05 00 69 02 10 00 60 00 10 00 6d 02 10 00 01 00 00 00
y11: client 0: event type 22
y11: client 0: request 4825 opcode 12 len 20 bytes: 0c 00 05 00 65 02 10 00 60 00 10 00 69 02 10 00 01 00 00 00
y11: client 0: event type 22
y11: client 0: request 4826 opcode 12 len 20 bytes: 0c 00 05 00 e3 01 10 00 60 00 10 00 65 02 10 00 01 00 00 00
y11: client 0: event type 22
y11: client 0: request 4827 opcode 12 len 20 bytes: 0c 00 05 00 e1 01 10 00 60 00 10 00 e3 01 10 00 01 00 00 00
y11: client 0: event type 22
y11: client 0: request 4828 opcode 12 len 20 bytes: 0c 00 05 00 de 01 10 00 60 00 00 00 e1 01 10 00 01 00 00 00
y11: client 0: event type 22
y11: client 0: request 4829 opcode 12 len 20 bytes: 0c 00 05 00 dc 01 10 00 60 00 00 00 de 01 10 00 01 00 00 00
y11: client 0: event type 22
y11: client 0: request 4830 opcode 12 len 20 bytes: 0c 00 05 00 da 01 10 00 60 00 19 00 dc 01 10 00 01 00 00 00
y11: client 0: event type 22
y11: client 0: request 4831 opcode 12 len 20 bytes: 0c 00 05 00 d8 01 10 00 60 00 00 00 da 01 10 00 01 00 00 00
y11: client 0: event type 22
y11: client 0: request 4832 opcode 12 len 20 bytes: 0c 00 05 00 d4 01 10 00 60 00 05 00 d8 01 10 00 01 00 00 00
y11: client 0: event type 22
y11: client 0: request 4833 opcode 1 len 48 bytes: 01 18 0c 00 ef 02 10 00 ee 02 10 00 00 00 00 00 02 00 19 00
y11: client 0: request 4834 opcode 1 len 48 bytes: 01 18 0c 00 f0 02 10 00 ee 02 10 00 e9 ff 00 00 19 00 19 00
y11: client 0: request 4835 opcode 12 len 20 bytes: 0c 00 05 00 ef 02 10 00 03 00 05 00 00 00 00 00 00 00 00 00
y11: client 0: request 4836 opcode 12 len 16 bytes: 0c 00 04 00 ef 02 10 00 40 00 04 00 00 00 00 00
y11: client 0: request 4837 opcode 8 len 8 bytes: 08 00 02 00 ef 02 10 00
y11: client 0: request 4838 opcode 12 len 20 bytes: 0c 00 05 00 ee 02 10 00 0c 00 05 00 01 00 00 00 1a 00 00 00
y11: client 0: event type 22
y11: client 0: request 4839 opcode 12 len 16 bytes: 0c 00 04 00 ee 02 10 00 10 00 04 00 01 00 00 00
y11: client 0: event type 22
y11: client 0: request 4840 opcode 84 len 16 bytes: 54 00 04 00 22 00 00 00 00 00 00 00 00 00 00 00
y11: client 0: reply seq 4840 len 32
y11: client 0: request 4841 opcode 84 len 16 bytes: 54 00 04 00 22 00 00 00 00 00 00 00 00 00 00 00
y11: client 0: reply seq 4841 len 32
y11: client 0: request 4842 opcode 84 len 16 bytes: 54 00 04 00 22 00 00 00 00 ff 00 ff 00 ff 00 00
y11: client 0: reply seq 4842 len 32
y11: client 0: request 4843 opcode 2 len 16 bytes: 02 00 04 00 ee 02 10 00 08 00 00 00 00 00 00 00
y11: client 0: request 4844 opcode 10 len 8 bytes: 0a 00 02 00 f0 02 10 00
y11: client 0: request 4845 opcode 12 len 20 bytes: 0c 00 05 00 ef 02 10 00 03 00 00 00 00 00 00 00 00 00 00 00
y11: client 0: request 4846 opcode 1 len 48 bytes: 01 18 0c 00 f1 02 10 00 ee 02 10 00 00 00 19 00 01 00 0a 00
y11: client 0: request 4847 opcode 8 len 8 bytes: 08 00 02 00 f1 02 10 00
y11: client 0: request 4848 opcode 1 len 52 bytes: 01 18 0d 00 f2 02 10 00 21 00 00 00 08 00 02 00 01 00 01 00
y11: client 0: event type 16
y11: client 0: request 4849 opcode 61 len 16 bytes: 3d 00 04 00 f2 02 10 00 00 00 00 00 00 00 00 00
y11: client 0: request 4850 opcode 12 len 20 bytes: 0c 00 05 00 ee 02 10 00 60 00 e2 97 f2 02 10 00 01 00 00 00
y11: client 0: event type 22
y11: client 0: request 4851 opcode 12 len 20 bytes: 0c 00 05 00 ea 02 10 00 60 00 10 00 ee 02 10 00 01 00 00 00
y11: client 0: event type 22
y11: client 0: request 4852 opcode 12 len 20 bytes: 0c 00 05 00 e6 02 10 00 60 00 00 00 ea 02 10 00 01 00 00 00
y11: client 0: event type 22
y11: client 0: request 4853 opcode 12 len 20 bytes: 0c 00 05 00 e2 02 10 00 60 00 10 00 e6 02 10 00 01 00 00 00
y11: client 0: event type 22
y11: client 0: request 4854 opcode 12 len 20 bytes: 0c 00 05 00 de 02 10 00 60 00 00 00 e2 02 10 00 01 00 00 00
y11: client 0: event type 22
y11: client 0: request 4855 opcode 12 len 20 bytes: 0c 00 05 00 da 02 10 00 60 00 10 00 de 02 10 00 01 00 00 00
y11: client 0: event type 22
y11: client 0: request 4856 opcode 12 len 20 bytes: 0c 00 05 00 d6 02 10 00 60 00 10 00 da 02 10 00 01 00 00 00
y11: client 0: event type 22
y11: client 0: request 4857 opcode 12 len 20 bytes: 0c 00 05 00 d2 02 10 00 60 00 10 00 d6 02 10 00 01 00 00 00
y11: client 0: event type 22
y11: client 0: request 4858 opcode 12 len 20 bytes: 0c 00 05 00 ce 02 10 00 60 00 10 00 d2 02 10 00 01 00 00 00
y11: client 0: event type 22
y11: client 0: request 4859 opcode 12 len 20 bytes: 0c 00 05 00 ca 02 10 00 60 00 10 00 ce 02 10 00 01 00 00 00
y11: client 0: event type 22
y11: client 0: request 4860 opcode 12 len 20 bytes: 0c 00 05 00 c6 02 10 00 60 00 10 00 ca 02 10 00 01 00 00 00
y11: client 0: event type 22
y11: client 0: request 4861 opcode 12 len 20 bytes: 0c 00 05 00 c2 02 10 00 60 00 10 00 c6 02 10 00 01 00 00 00
y11: client 0: event type 22
y11: client 0: request 4862 opcode 12 len 20 bytes: 0c 00 05 00 be 02 10 00 60 00 10 00 c2 02 10 00 01 00 00 00
y11: client 0: event type 22
y11: client 0: request 4863 opcode 12 len 20 bytes: 0c 00 05 00 ba 02 10 00 60 00 10 00 be 02 10 00 01 00 00 00
y11: client 0: event type 22
y11: client 0: request 4864 opcode 12 len 20 bytes: 0c 00 05 00 b6 02 10 00 60 00 10 00 ba 02 10 00 01 00 00 00
y11: client 0: event type 22
y11: client 0: request 4865 opcode 12 len 20 bytes: 0c 00 05 00 b2 02 10 00 60 00 10 00 b6 02 10 00 01 00 00 00
y11: client 0: event type 22
y11: client 0: request 4866 opcode 12 len 20 bytes: 0c 00 05 00 ae 02 10 00 60 00 10 00 b2 02 10 00 01 00 00 00
y11: client 0: event type 22
y11: client 0: request 4867 opcode 12 len 20 bytes: 0c 00 05 00 aa 02 10 00 60 00 10 00 ae 02 10 00 01 00 00 00
y11: client 0: event type 22
y11: client 0: request 4868 opcode 12 len 20 bytes: 0c 00 05 00 a6 02 10 00 60 00 10 00 aa 02 10 00 01 00 00 00
y11: client 0: event type 22
y11: client 0: request 4869 opcode 12 len 20 bytes: 0c 00 05 00 a2 02 10 00 60 00 10 00 a6 02 10 00 01 00 00 00
y11: client 0: event type 22
y11: client 0: request 4870 opcode 12 len 20 bytes: 0c 00 05 00 9e 02 10 00 60 00 10 00 a2 02 10 00 01 00 00 00
y11: client 0: event type 22
y11: client 0: request 4871 opcode 12 len 20 bytes: 0c 00 05 00 9a 02 10 00 60 00 10 00 9e 02 10 00 01 00 00 00
y11: client 0: event type 22
y11: client 0: request 4872 opcode 12 len 20 bytes: 0c 00 05 00 96 02 10 00 60 00 10 00 9a 02 10 00 01 00 00 00
y11: client 0: event type 22
y11: client 0: request 4873 opcode 12 len 20 bytes: 0c 00 05 00 92 02 10 00 60 00 10 00 96 02 10 00 01 00 00 00
y11: client 0: event type 22
y11: client 0: request 4874 opcode 12 len 20 bytes: 0c 00 05 00 8e 02 10 00 60 00 10 00 92 02 10 00 01 00 00 00
y11: client 0: event type 22
y11: client 0: request 4875 opcode 12 len 20 bytes: 0c 00 05 00 8a 02 10 00 60 00 10 00 8e 02 10 00 01 00 00 00
y11: client 0: event type 22
y11: client 0: request 4876 opcode 12 len 20 bytes: 0c 00 05 00 86 02 10 00 60 00 10 00 8a 02 10 00 01 00 00 00
y11: client 0: event type 22
y11: client 0: request 4877 opcode 12 len 20 bytes: 0c 00 05 00 82 02 10 00 60 00 10 00 86 02 10 00 01 00 00 00
y11: client 0: event type 22
y11: client 0: request 4878 opcode 12 len 20 bytes: 0c 00 05 00 7e 02 10 00 60 00 10 00 82 02 10 00 01 00 00 00
y11: client 0: event type 22
y11: client 0: request 4879 opcode 12 len 20 bytes: 0c 00 05 00 79 02 10 00 60 00 10 00 7e 02 10 00 01 00 00 00
y11: client 0: event type 22
y11: client 0: request 4880 opcode 12 len 20 bytes: 0c 00 05 00 75 02 10 00 60 00 10 00 79 02 10 00 01 00 00 00
y11: client 0: event type 22
y11: client 0: request 4881 opcode 12 len 20 bytes: 0c 00 05 00 71 02 10 00 60 00 10 00 75 02 10 00 01 00 00 00
y11: client 0: event type 22
y11: client 0: request 4882 opcode 12 len 20 bytes: 0c 00 05 00 6d 02 10 00 60 00 10 00 71 02 10 00 01 00 00 00
y11: client 0: event type 22
y11: client 0: request 4883 opcode 12 len 20 bytes: 0c 00 05 00 69 02 10 00 60 00 10 00 6d 02 10 00 01 00 00 00
y11: client 0: event type 22
y11: client 0: request 4884 opcode 12 len 20 bytes: 0c 00 05 00 65 02 10 00 60 00 10 00 69 02 10 00 01 00 00 00
y11: client 0: event type 22
y11: client 0: request 4885 opcode 12 len 20 bytes: 0c 00 05 00 e3 01 10 00 60 00 10 00 65 02 10 00 01 00 00 00
y11: client 0: event type 22
y11: client 0: request 4886 opcode 12 len 20 bytes: 0c 00 05 00 e1 01 10 00 60 00 10 00 e3 01 10 00 01 00 00 00
y11: client 0: event type 22
y11: client 0: request 4887 opcode 12 len 20 bytes: 0c 00 05 00 de 01 10 00 60 00 10 00 e1 01 10 00 01 00 00 00
y11: client 0: event type 22
y11: client 0: request 4888 opcode 12 len 20 bytes: 0c 00 05 00 dc 01 10 00 60 00 10 00 de 01 10 00 01 00 00 00
y11: client 0: event type 22
y11: client 0: request 4889 opcode 12 len 20 bytes: 0c 00 05 00 da 01 10 00 60 00 10 00 dc 01 10 00 01 00 00 00
y11: client 0: event type 22
y11: client 0: request 4890 opcode 12 len 20 bytes: 0c 00 05 00 d8 01 10 00 60 00 10 00 da 01 10 00 01 00 00 00
y11: client 0: event type 22
y11: client 0: request 4891 opcode 12 len 20 bytes: 0c 00 05 00 d4 01 10 00 60 00 10 00 d8 01 10 00 01 00 00 00
y11: client 0: event type 22
y11: client 0: request 4892 opcode 1 len 48 bytes: 01 18 0c 00 f3 02 10 00 f2 02 10 00 00 00 00 00 02 00 19 00
y11: client 0: request 4893 opcode 1 len 48 bytes: 01 18 0c 00 f4 02 10 00 f2 02 10 00 e9 ff 00 00 19 00 19 00
y11: client 0: request 4894 opcode 12 len 20 bytes: 0c 00 05 00 f3 02 10 00 03 00 00 00 00 00 00 00 00 00 00 00
y11: client 0: request 4895 opcode 12 len 16 bytes: 0c 00 04 00 f3 02 10 00 40 00 0c 00 00 00 00 00
y11: client 0: request 4896 opcode 8 len 8 bytes: 08 00 02 00 f3 02 10 00
y11: client 0: request 4897 opcode 12 len 20 bytes: 0c 00 05 00 f2 02 10 00 0c 00 00 00 01 00 00 00 1a 00 00 00
y11: client 0: event type 22
y11: client 0: request 4898 opcode 12 len 16 bytes: 0c 00 04 00 f2 02 10 00 10 00 00 00 01 00 00 00
y11: client 0: event type 22
y11: client 0: request 4899 opcode 84 len 16 bytes: 54 00 04 00 22 00 00 00 00 00 00 00 00 00 00 00
y11: client 0: reply seq 4899 len 32
y11: client 0: request 4900 opcode 84 len 16 bytes: 54 00 04 00 22 00 00 00 00 00 00 00 00 00 02 00
y11: client 0: reply seq 4900 len 32
y11: client 0: request 4901 opcode 84 len 16 bytes: 54 00 04 00 22 00 00 00 00 ff 00 ff 00 ff 02 00
y11: client 0: reply seq 4901 len 32
y11: client 0: request 4902 opcode 2 len 16 bytes: 02 00 04 00 f2 02 10 00 08 00 00 00 00 00 00 00
y11: client 0: request 4903 opcode 10 len 8 bytes: 0a 00 02 00 f4 02 10 00
y11: client 0: request 4904 opcode 12 len 20 bytes: 0c 00 05 00 f3 02 10 00 03 00 00 00 00 00 00 00 00 00 00 00
y11: client 0: request 4905 opcode 1 len 48 bytes: 01 18 0c 00 f5 02 10 00 f2 02 10 00 00 00 19 00 01 00 0a 00
y11: client 0: request 4906 opcode 8 len 8 bytes: 08 00 02 00 f5 02 10 00
y11: client 0: request 4907 opcode 12 len 20 bytes: 0c 00 05 00 dc 02 10 00 03 00 00 00 58 00 00 00 00 00 00 00
y11: client 0: request 4908 opcode 12 len 20 bytes: 0c 00 05 00 db 02 10 00 03 00 10 00 00 00 00 00 00 00 00 00
y11: client 0: request 4909 opcode 12 len 16 bytes: 0c 00 04 00 da 02 10 00 10 00 10 00 01 00 00 00
y11: client 0: event type 22
y11: client 0: request 4910 opcode 84 len 16 bytes: 54 00 04 00 22 00 00 00 00 00 00 00 00 00 00 00
y11: client 0: reply seq 4910 len 32
y11: client 0: request 4911 opcode 84 len 16 bytes: 54 00 04 00 22 00 00 00 00 00 00 00 00 00 00 00
y11: client 0: reply seq 4911 len 32
y11: client 0: request 4912 opcode 84 len 16 bytes: 54 00 04 00 22 00 00 00 00 ff 00 ff 00 ff 00 00
y11: client 0: reply seq 4912 len 32
y11: client 0: request 4913 opcode 2 len 16 bytes: 02 00 04 00 da 02 10 00 08 00 00 00 00 00 00 00
y11: client 0: request 4914 opcode 12 len 28 bytes: 0c 00 07 00 dd 02 10 00 0f 00 10 00 00 00 00 00 19 00 00 00
y11: client 0: request 4915 opcode 12 len 20 bytes: 0c 00 05 00 da 02 10 00 0c 00 00 00 70 00 00 00 5d 00 00 00
y11: client 0: event type 22
y11: client 0: request 4916 opcode 2 len 16 bytes: 02 00 04 00 dd 02 10 00 02 00 00 00 aa aa aa 00
y11: client 0: request 4917 opcode 61 len 16 bytes: 3d 00 04 00 dd 02 10 00 00 00 00 00 00 00 00 00
y11: client 0: request 4918 opcode 12 len 20 bytes: 0c 00 05 00 d8 02 10 00 03 00 00 00 58 00 00 00 00 00 00 00
y11: client 0: request 4919 opcode 12 len 20 bytes: 0c 00 05 00 d7 02 10 00 03 00 00 00 00 00 00 00 00 00 00 00
y11: client 0: request 4920 opcode 12 len 16 bytes: 0c 00 04 00 d6 02 10 00 10 00 00 00 01 00 00 00
y11: client 0: event type 22
y11: client 0: request 4921 opcode 84 len 16 bytes: 54 00 04 00 22 00 00 00 00 00 00 00 00 00 00 00
y11: client 0: reply seq 4921 len 32
y11: client 0: request 4922 opcode 84 len 16 bytes: 54 00 04 00 22 00 00 00 00 00 00 00 00 00 00 00
y11: client 0: reply seq 4922 len 32
y11: client 0: request 4923 opcode 84 len 16 bytes: 54 00 04 00 22 00 00 00 00 ff 00 ff 00 ff 00 00
y11: client 0: reply seq 4923 len 32
y11: client 0: request 4924 opcode 2 len 16 bytes: 02 00 04 00 d6 02 10 00 08 00 00 00 00 00 00 00
y11: client 0: request 4925 opcode 12 len 28 bytes: 0c 00 07 00 d9 02 10 00 0f 00 10 00 00 00 00 00 19 00 00 00
y11: client 0: request 4926 opcode 12 len 20 bytes: 0c 00 05 00 d6 02 10 00 0c 00 00 00 70 00 00 00 5d 00 00 00
y11: client 0: event type 22
y11: client 0: request 4927 opcode 2 len 16 bytes: 02 00 04 00 d9 02 10 00 02 00 00 00 aa aa aa 00
y11: client 0: request 4928 opcode 61 len 16 bytes: 3d 00 04 00 d9 02 10 00 00 00 00 00 00 00 00 00
y11: client 0: request 4929 opcode 1 len 52 bytes: 01 18 0d 00 f6 02 10 00 21 00 00 00 08 00 02 00 01 00 01 00
y11: client 0: event type 16
y11: client 0: request 4930 opcode 61 len 16 bytes: 3d 00 04 00 f6 02 10 00 00 00 00 00 00 00 00 00
y11: client 0: request 4931 opcode 12 len 20 bytes: 0c 00 05 00 f2 02 10 00 60 00 10 00 f6 02 10 00 01 00 00 00
y11: client 0: event type 22
y11: client 0: request 4932 opcode 12 len 20 bytes: 0c 00 05 00 ee 02 10 00 60 00 10 00 f2 02 10 00 01 00 00 00
y11: client 0: event type 22
y11: client 0: request 4933 opcode 12 len 20 bytes: 0c 00 05 00 ea 02 10 00 60 00 10 00 ee 02 10 00 01 00 00 00
y11: client 0: event type 22
y11: client 0: request 4934 opcode 12 len 20 bytes: 0c 00 05 00 e6 02 10 00 60 00 10 00 ea 02 10 00 01 00 00 00
y11: client 0: event type 22
y11: client 0: request 4935 opcode 12 len 20 bytes: 0c 00 05 00 e2 02 10 00 60 00 10 00 e6 02 10 00 01 00 00 00
y11: client 0: event type 22
y11: client 0: request 4936 opcode 12 len 20 bytes: 0c 00 05 00 de 02 10 00 60 00 10 00 e2 02 10 00 01 00 00 00
y11: client 0: event type 22
y11: client 0: request 4937 opcode 12 len 20 bytes: 0c 00 05 00 da 02 10 00 60 00 10 00 de 02 10 00 01 00 00 00
y11: client 0: event type 22
y11: client 0: request 4938 opcode 12 len 20 bytes: 0c 00 05 00 d6 02 10 00 60 00 10 00 da 02 10 00 01 00 00 00
y11: client 0: event type 22
y11: client 0: request 4939 opcode 12 len 20 bytes: 0c 00 05 00 d2 02 10 00 60 00 10 00 d6 02 10 00 01 00 00 00
y11: client 0: event type 22
y11: client 0: request 4940 opcode 12 len 20 bytes: 0c 00 05 00 ce 02 10 00 60 00 10 00 d2 02 10 00 01 00 00 00
y11: client 0: event type 22
y11: client 0: request 4941 opcode 12 len 20 bytes: 0c 00 05 00 ca 02 10 00 60 00 10 00 ce 02 10 00 01 00 00 00
y11: client 0: event type 22
y11: client 0: request 4942 opcode 12 len 20 bytes: 0c 00 05 00 c6 02 10 00 60 00 10 00 ca 02 10 00 01 00 00 00
y11: client 0: event type 22
y11: client 0: request 4943 opcode 12 len 20 bytes: 0c 00 05 00 c2 02 10 00 60 00 10 00 c6 02 10 00 01 00 00 00
y11: client 0: event type 22
y11: client 0: request 4944 opcode 12 len 20 bytes: 0c 00 05 00 be 02 10 00 60 00 10 00 c2 02 10 00 01 00 00 00
y11: client 0: event type 22
y11: client 0: request 4945 opcode 12 len 20 bytes: 0c 00 05 00 ba 02 10 00 60 00 10 00 be 02 10 00 01 00 00 00
y11: client 0: event type 22
y11: client 0: request 4946 opcode 12 len 20 bytes: 0c 00 05 00 b6 02 10 00 60 00 10 00 ba 02 10 00 01 00 00 00
y11: client 0: event type 22
y11: client 0: request 4947 opcode 12 len 20 bytes: 0c 00 05 00 b2 02 10 00 60 00 10 00 b6 02 10 00 01 00 00 00
y11: client 0: event type 22
y11: client 0: request 4948 opcode 12 len 20 bytes: 0c 00 05 00 ae 02 10 00 60 00 10 00 b2 02 10 00 01 00 00 00
y11: client 0: event type 22
y11: client 0: request 4949 opcode 12 len 20 bytes: 0c 00 05 00 aa 02 10 00 60 00 10 00 ae 02 10 00 01 00 00 00
y11: client 0: event type 22
y11: client 0: request 4950 opcode 12 len 20 bytes: 0c 00 05 00 a6 02 10 00 60 00 10 00 aa 02 10 00 01 00 00 00
y11: client 0: event type 22
y11: client 0: request 4951 opcode 12 len 20 bytes: 0c 00 05 00 a2 02 10 00 60 00 10 00 a6 02 10 00 01 00 00 00
y11: client 0: event type 22
y11: client 0: request 4952 opcode 12 len 20 bytes: 0c 00 05 00 9e 02 10 00 60 00 10 00 a2 02 10 00 01 00 00 00
y11: client 0: event type 22
y11: client 0: request 4953 opcode 12 len 20 bytes: 0c 00 05 00 9a 02 10 00 60 00 10 00 9e 02 10 00 01 00 00 00
y11: client 0: event type 22
y11: client 0: request 4954 opcode 12 len 20 bytes: 0c 00 05 00 96 02 10 00 60 00 10 00 9a 02 10 00 01 00 00 00
y11: client 0: event type 22
y11: client 0: request 4955 opcode 12 len 20 bytes: 0c 00 05 00 92 02 10 00 60 00 10 00 96 02 10 00 01 00 00 00
y11: client 0: event type 22
y11: client 0: request 4956 opcode 12 len 20 bytes: 0c 00 05 00 8e 02 10 00 60 00 10 00 92 02 10 00 01 00 00 00
y11: client 0: event type 22
y11: client 0: request 4957 opcode 12 len 20 bytes: 0c 00 05 00 8a 02 10 00 60 00 10 00 8e 02 10 00 01 00 00 00
y11: client 0: event type 22
y11: client 0: request 4958 opcode 12 len 20 bytes: 0c 00 05 00 86 02 10 00 60 00 10 00 8a 02 10 00 01 00 00 00
y11: client 0: event type 22
y11: client 0: request 4959 opcode 12 len 20 bytes: 0c 00 05 00 82 02 10 00 60 00 10 00 86 02 10 00 01 00 00 00
y11: client 0: event type 22
y11: client 0: request 4960 opcode 12 len 20 bytes: 0c 00 05 00 7e 02 10 00 60 00 10 00 82 02 10 00 01 00 00 00
y11: client 0: event type 22
y11: client 0: request 4961 opcode 12 len 20 bytes: 0c 00 05 00 79 02 10 00 60 00 10 00 7e 02 10 00 01 00 00 00
y11: client 0: event type 22
y11: client 0: request 4962 opcode 12 len 20 bytes: 0c 00 05 00 75 02 10 00 60 00 10 00 79 02 10 00 01 00 00 00
y11: client 0: event type 22
y11: client 0: request 4963 opcode 12 len 20 bytes: 0c 00 05 00 71 02 10 00 60 00 10 00 75 02 10 00 01 00 00 00
y11: client 0: event type 22
y11: client 0: request 4964 opcode 12 len 20 bytes: 0c 00 05 00 6d 02 10 00 60 00 10 00 71 02 10 00 01 00 00 00
y11: client 0: event type 22
y11: client 0: request 4965 opcode 12 len 20 bytes: 0c 00 05 00 69 02 10 00 60 00 10 00 6d 02 10 00 01 00 00 00
y11: client 0: event type 22
y11: client 0: request 4966 opcode 12 len 20 bytes: 0c 00 05 00 65 02 10 00 60 00 10 00 69 02 10 00 01 00 00 00
y11: client 0: event type 22
y11: client 0: request 4967 opcode 12 len 20 bytes: 0c 00 05 00 e3 01 10 00 60 00 10 00 65 02 10 00 01 00 00 00
y11: client 0: event type 22
y11: client 0: request 4968 opcode 12 len 20 bytes: 0c 00 05 00 e1 01 10 00 60 00 10 00 e3 01 10 00 01 00 00 00
y11: client 0: event type 22
y11: client 0: request 4969 opcode 12 len 20 bytes: 0c 00 05 00 de 01 10 00 60 00 00 00 e1 01 10 00 01 00 00 00
y11: client 0: event type 22
y11: client 0: request 4970 opcode 12 len 20 bytes: 0c 00 05 00 dc 01 10 00 60 00 00 00 de 01 10 00 01 00 00 00
y11: client 0: event type 22
y11: client 0: request 4971 opcode 12 len 20 bytes: 0c 00 05 00 da 01 10 00 60 00 19 00 dc 01 10 00 01 00 00 00
y11: client 0: event type 22
y11: client 0: request 4972 opcode 12 len 20 bytes: 0c 00 05 00 d8 01 10 00 60 00 00 00 da 01 10 00 01 00 00 00
y11: client 0: event type 22
y11: client 0: request 4973 opcode 12 len 20 bytes: 0c 00 05 00 d4 01 10 00 60 00 00 00 d8 01 10 00 01 00 00 00
y11: client 0: event type 22
y11: client 0: request 4974 opcode 1 len 48 bytes: 01 18 0c 00 f7 02 10 00 f6 02 10 00 00 00 00 00 02 00 19 00
y11: client 0: request 4975 opcode 1 len 48 bytes: 01 18 0c 00 f8 02 10 00 f6 02 10 00 e9 ff 00 00 19 00 19 00
y11: client 0: request 4976 opcode 12 len 20 bytes: 0c 00 05 00 f7 02 10 00 03 00 10 00 00 00 00 00 00 00 00 00
y11: client 0: request 4977 opcode 12 len 16 bytes: 0c 00 04 00 f7 02 10 00 40 00 10 00 00 00 00 00
y11: client 0: request 4978 opcode 8 len 8 bytes: 08 00 02 00 f7 02 10 00
y11: client 0: request 4979 opcode 12 len 20 bytes: 0c 00 05 00 f6 02 10 00 0c 00 00 00 01 00 00 00 1a 00 00 00
y11: client 0: event type 22
y11: client 0: request 4980 opcode 12 len 16 bytes: 0c 00 04 00 f6 02 10 00 10 00 00 00 01 00 00 00
y11: client 0: event type 22
y11: client 0: request 4981 opcode 84 len 16 bytes: 54 00 04 00 22 00 00 00 00 00 00 00 00 00 ff ff
y11: client 0: reply seq 4981 len 32
y11: client 0: request 4982 opcode 84 len 16 bytes: 54 00 04 00 22 00 00 00 00 00 00 00 00 00 00 00
y11: client 0: reply seq 4982 len 32
y11: client 0: request 4983 opcode 84 len 16 bytes: 54 00 04 00 22 00 00 00 00 ff 00 ff 00 ff 00 00
y11: client 0: reply seq 4983 len 32
y11: client 0: request 4984 opcode 2 len 16 bytes: 02 00 04 00 f6 02 10 00 08 00 00 00 00 00 00 00
y11: client 0: request 4985 opcode 10 len 8 bytes: 0a 00 02 00 f8 02 10 00
y11: client 0: request 4986 opcode 12 len 20 bytes: 0c 00 05 00 f7 02 10 00 03 00 00 00 00 00 00 00 00 00 00 00
y11: client 0: request 4987 opcode 1 len 48 bytes: 01 18 0c 00 f9 02 10 00 f6 02 10 00 00 00 19 00 01 00 0a 00
y11: client 0: request 4988 opcode 8 len 8 bytes: 08 00 02 00 f9 02 10 00
y11: client 0: request 4989 opcode 1 len 52 bytes: 01 18 0d 00 fa 02 10 00 21 00 00 00 08 00 02 00 01 00 01 00
y11: client 0: event type 16
y11: client 0: request 4990 opcode 61 len 16 bytes: 3d 00 04 00 fa 02 10 00 00 00 00 00 00 00 00 00
y11: client 0: request 4991 opcode 12 len 20 bytes: 0c 00 05 00 f6 02 10 00 60 00 e2 97 fa 02 10 00 01 00 00 00
y11: client 0: event type 22
y11: client 0: request 4992 opcode 12 len 20 bytes: 0c 00 05 00 f2 02 10 00 60 00 10 00 f6 02 10 00 01 00 00 00
y11: client 0: event type 22
y11: client 0: request 4993 opcode 12 len 20 bytes: 0c 00 05 00 ee 02 10 00 60 00 00 00 f2 02 10 00 01 00 00 00
y11: client 0: event type 22
y11: client 0: request 4994 opcode 12 len 20 bytes: 0c 00 05 00 ea 02 10 00 60 00 10 00 ee 02 10 00 01 00 00 00
y11: client 0: event type 22
y11: client 0: request 4995 opcode 12 len 20 bytes: 0c 00 05 00 e6 02 10 00 60 00 00 00 ea 02 10 00 01 00 00 00
y11: client 0: event type 22
y11: client 0: request 4996 opcode 12 len 20 bytes: 0c 00 05 00 e2 02 10 00 60 00 10 00 e6 02 10 00 01 00 00 00
y11: client 0: event type 22
y11: client 0: request 4997 opcode 12 len 20 bytes: 0c 00 05 00 de 02 10 00 60 00 10 00 e2 02 10 00 01 00 00 00
y11: client 0: event type 22
y11: client 0: request 4998 opcode 12 len 20 bytes: 0c 00 05 00 da 02 10 00 60 00 10 00 de 02 10 00 01 00 00 00
y11: client 0: event type 22
y11: client 0: request 4999 opcode 12 len 20 bytes: 0c 00 05 00 d6 02 10 00 60 00 10 00 da 02 10 00 01 00 00 00
y11: client 0: event type 22
y11: client 0: request 5000 opcode 12 len 20 bytes: 0c 00 05 00 d2 02 10 00 60 00 10 00 d6 02 10 00 01 00 00 00
y11: client 0: event type 22
y11: client 0: request 5001 opcode 12 len 20 bytes: 0c 00 05 00 ce 02 10 00 60 00 10 00 d2 02 10 00 01 00 00 00
y11: client 0: event type 22
y11: client 0: request 5002 opcode 12 len 20 bytes: 0c 00 05 00 ca 02 10 00 60 00 10 00 ce 02 10 00 01 00 00 00
y11: client 0: event type 22
y11: client 0: request 5003 opcode 12 len 20 bytes: 0c 00 05 00 c6 02 10 00 60 00 10 00 ca 02 10 00 01 00 00 00
y11: client 0: event type 22
y11: client 0: request 5004 opcode 12 len 20 bytes: 0c 00 05 00 c2 02 10 00 60 00 10 00 c6 02 10 00 01 00 00 00
y11: client 0: event type 22
y11: client 0: request 5005 opcode 12 len 20 bytes: 0c 00 05 00 be 02 10 00 60 00 10 00 c2 02 10 00 01 00 00 00
y11: client 0: event type 22
y11: client 0: request 5006 opcode 12 len 20 bytes: 0c 00 05 00 ba 02 10 00 60 00 10 00 be 02 10 00 01 00 00 00
y11: client 0: event type 22
y11: client 0: request 5007 opcode 12 len 20 bytes: 0c 00 05 00 b6 02 10 00 60 00 10 00 ba 02 10 00 01 00 00 00
y11: client 0: event type 22
y11: client 0: request 5008 opcode 12 len 20 bytes: 0c 00 05 00 b2 02 10 00 60 00 10 00 b6 02 10 00 01 00 00 00
y11: client 0: event type 22
y11: client 0: request 5009 opcode 12 len 20 bytes: 0c 00 05 00 ae 02 10 00 60 00 10 00 b2 02 10 00 01 00 00 00
y11: client 0: event type 22
y11: client 0: request 5010 opcode 12 len 20 bytes: 0c 00 05 00 aa 02 10 00 60 00 10 00 ae 02 10 00 01 00 00 00
y11: client 0: event type 22
y11: client 0: request 5011 opcode 12 len 20 bytes: 0c 00 05 00 a6 02 10 00 60 00 10 00 aa 02 10 00 01 00 00 00
y11: client 0: event type 22
y11: client 0: request 5012 opcode 12 len 20 bytes: 0c 00 05 00 a2 02 10 00 60 00 10 00 a6 02 10 00 01 00 00 00
y11: client 0: event type 22
y11: client 0: request 5013 opcode 12 len 20 bytes: 0c 00 05 00 9e 02 10 00 60 00 10 00 a2 02 10 00 01 00 00 00
y11: client 0: event type 22
y11: client 0: request 5014 opcode 12 len 20 bytes: 0c 00 05 00 9a 02 10 00 60 00 10 00 9e 02 10 00 01 00 00 00
y11: client 0: event type 22
y11: client 0: request 5015 opcode 12 len 20 bytes: 0c 00 05 00 96 02 10 00 60 00 10 00 9a 02 10 00 01 00 00 00
y11: client 0: event type 22
y11: client 0: request 5016 opcode 12 len 20 bytes: 0c 00 05 00 92 02 10 00 60 00 10 00 96 02 10 00 01 00 00 00
y11: client 0: event type 22
y11: client 0: request 5017 opcode 12 len 20 bytes: 0c 00 05 00 8e 02 10 00 60 00 10 00 92 02 10 00 01 00 00 00
y11: client 0: event type 22
y11: client 0: request 5018 opcode 12 len 20 bytes: 0c 00 05 00 8a 02 10 00 60 00 10 00 8e 02 10 00 01 00 00 00
y11: client 0: event type 22
y11: client 0: request 5019 opcode 12 len 20 bytes: 0c 00 05 00 86 02 10 00 60 00 10 00 8a 02 10 00 01 00 00 00
y11: client 0: event type 22
y11: client 0: request 5020 opcode 12 len 20 bytes: 0c 00 05 00 82 02 10 00 60 00 10 00 86 02 10 00 01 00 00 00
y11: client 0: event type 22
y11: client 0: request 5021 opcode 12 len 20 bytes: 0c 00 05 00 7e 02 10 00 60 00 10 00 82 02 10 00 01 00 00 00
y11: client 0: event type 22
y11: client 0: request 5022 opcode 12 len 20 bytes: 0c 00 05 00 79 02 10 00 60 00 10 00 7e 02 10 00 01 00 00 00
y11: client 0: event type 22
y11: client 0: request 5023 opcode 12 len 20 bytes: 0c 00 05 00 75 02 10 00 60 00 10 00 79 02 10 00 01 00 00 00
y11: client 0: event type 22
y11: client 0: request 5024 opcode 12 len 20 bytes: 0c 00 05 00 71 02 10 00 60 00 10 00 75 02 10 00 01 00 00 00
y11: client 0: event type 22
y11: client 0: request 5025 opcode 12 len 20 bytes: 0c 00 05 00 6d 02 10 00 60 00 10 00 71 02 10 00 01 00 00 00
y11: client 0: event type 22
y11: client 0: request 5026 opcode 12 len 20 bytes: 0c 00 05 00 69 02 10 00 60 00 10 00 6d 02 10 00 01 00 00 00
y11: client 0: event type 22
y11: client 0: request 5027 opcode 12 len 20 bytes: 0c 00 05 00 65 02 10 00 60 00 10 00 69 02 10 00 01 00 00 00
y11: client 0: event type 22
y11: client 0: request 5028 opcode 12 len 20 bytes: 0c 00 05 00 e3 01 10 00 60 00 10 00 65 02 10 00 01 00 00 00
y11: client 0: event type 22
y11: client 0: request 5029 opcode 12 len 20 bytes: 0c 00 05 00 e1 01 10 00 60 00 10 00 e3 01 10 00 01 00 00 00
y11: client 0: event type 22
y11: client 0: request 5030 opcode 12 len 20 bytes: 0c 00 05 00 de 01 10 00 60 00 10 00 e1 01 10 00 01 00 00 00
y11: client 0: event type 22
y11: client 0: request 5031 opcode 12 len 20 bytes: 0c 00 05 00 dc 01 10 00 60 00 10 00 de 01 10 00 01 00 00 00
y11: client 0: event type 22
y11: client 0: request 5032 opcode 12 len 20 bytes: 0c 00 05 00 da 01 10 00 60 00 10 00 dc 01 10 00 01 00 00 00
y11: client 0: event type 22
y11: client 0: request 5033 opcode 12 len 20 bytes: 0c 00 05 00 d8 01 10 00 60 00 10 00 da 01 10 00 01 00 00 00
y11: client 0: event type 22
y11: client 0: request 5034 opcode 12 len 20 bytes: 0c 00 05 00 d4 01 10 00 60 00 10 00 d8 01 10 00 01 00 00 00
y11: client 0: event type 22
y11: client 0: request 5035 opcode 1 len 48 bytes: 01 18 0c 00 fb 02 10 00 fa 02 10 00 00 00 00 00 02 00 19 00
y11: client 0: request 5036 opcode 1 len 48 bytes: 01 18 0c 00 fc 02 10 00 fa 02 10 00 e9 ff 00 00 19 00 19 00
y11: client 0: request 5037 opcode 12 len 20 bytes: 0c 00 05 00 fb 02 10 00 03 00 00 00 00 00 00 00 00 00 00 00
y11: client 0: request 5038 opcode 12 len 16 bytes: 0c 00 04 00 fb 02 10 00 40 00 0c 00 00 00 00 00
y11: client 0: request 5039 opcode 8 len 8 bytes: 08 00 02 00 fb 02 10 00
y11: client 0: request 5040 opcode 12 len 20 bytes: 0c 00 05 00 fa 02 10 00 0c 00 00 00 01 00 00 00 1a 00 00 00
y11: client 0: event type 22
y11: client 0: request 5041 opcode 12 len 16 bytes: 0c 00 04 00 fa 02 10 00 10 00 00 00 01 00 00 00
y11: client 0: event type 22
y11: client 0: request 5042 opcode 84 len 16 bytes: 54 00 04 00 22 00 00 00 00 00 00 00 00 00 00 00
y11: client 0: reply seq 5042 len 32
y11: client 0: request 5043 opcode 84 len 16 bytes: 54 00 04 00 22 00 00 00 00 00 00 00 00 00 02 00
y11: client 0: reply seq 5043 len 32
y11: client 0: request 5044 opcode 84 len 16 bytes: 54 00 04 00 22 00 00 00 00 ff 00 ff 00 ff 02 00
y11: client 0: reply seq 5044 len 32
y11: client 0: request 5045 opcode 2 len 16 bytes: 02 00 04 00 fa 02 10 00 08 00 00 00 00 00 00 00
y11: client 0: request 5046 opcode 10 len 8 bytes: 0a 00 02 00 fc 02 10 00
y11: client 0: request 5047 opcode 12 len 20 bytes: 0c 00 05 00 fb 02 10 00 03 00 00 00 00 00 00 00 00 00 00 00
y11: client 0: request 5048 opcode 1 len 48 bytes: 01 18 0c 00 fd 02 10 00 fa 02 10 00 00 00 19 00 01 00 0a 00
y11: client 0: request 5049 opcode 8 len 8 bytes: 08 00 02 00 fd 02 10 00
y11: client 0: request 5050 opcode 1 len 52 bytes: 01 18 0d 00 fe 02 10 00 21 00 00 00 08 00 02 00 01 00 01 00
y11: client 0: event type 16
y11: client 0: request 5051 opcode 61 len 16 bytes: 3d 00 04 00 fe 02 10 00 00 00 00 00 00 00 00 00
y11: client 0: request 5052 opcode 12 len 20 bytes: 0c 00 05 00 fa 02 10 00 60 00 e2 97 fe 02 10 00 01 00 00 00
y11: client 0: event type 22
y11: client 0: request 5053 opcode 12 len 20 bytes: 0c 00 05 00 f6 02 10 00 60 00 10 00 fa 02 10 00 01 00 00 00
y11: client 0: event type 22
y11: client 0: request 5054 opcode 12 len 20 bytes: 0c 00 05 00 f2 02 10 00 60 00 00 00 f6 02 10 00 01 00 00 00
y11: client 0: event type 22
y11: client 0: request 5055 opcode 12 len 20 bytes: 0c 00 05 00 ee 02 10 00 60 00 10 00 f2 02 10 00 01 00 00 00
y11: client 0: event type 22
y11: client 0: request 5056 opcode 12 len 20 bytes: 0c 00 05 00 ea 02 10 00 60 00 00 00 ee 02 10 00 01 00 00 00
y11: client 0: event type 22
y11: client 0: request 5057 opcode 12 len 20 bytes: 0c 00 05 00 e6 02 10 00 60 00 10 00 ea 02 10 00 01 00 00 00
y11: client 0: event type 22
y11: client 0: request 5058 opcode 12 len 20 bytes: 0c 00 05 00 e2 02 10 00 60 00 10 00 e6 02 10 00 01 00 00 00
y11: client 0: event type 22
y11: client 0: request 5059 opcode 12 len 20 bytes: 0c 00 05 00 de 02 10 00 60 00 10 00 e2 02 10 00 01 00 00 00
y11: client 0: event type 22
y11: client 0: request 5060 opcode 12 len 20 bytes: 0c 00 05 00 da 02 10 00 60 00 10 00 de 02 10 00 01 00 00 00
y11: client 0: event type 22
y11: client 0: request 5061 opcode 12 len 20 bytes: 0c 00 05 00 d6 02 10 00 60 00 10 00 da 02 10 00 01 00 00 00
y11: client 0: event type 22
y11: client 0: request 5062 opcode 12 len 20 bytes: 0c 00 05 00 d2 02 10 00 60 00 10 00 d6 02 10 00 01 00 00 00
y11: client 0: event type 22
y11: client 0: request 5063 opcode 12 len 20 bytes: 0c 00 05 00 ce 02 10 00 60 00 10 00 d2 02 10 00 01 00 00 00
y11: client 0: event type 22
y11: client 0: request 5064 opcode 12 len 20 bytes: 0c 00 05 00 ca 02 10 00 60 00 10 00 ce 02 10 00 01 00 00 00
y11: client 0: event type 22
y11: client 0: request 5065 opcode 12 len 20 bytes: 0c 00 05 00 c6 02 10 00 60 00 10 00 ca 02 10 00 01 00 00 00
y11: client 0: event type 22
y11: client 0: request 5066 opcode 12 len 20 bytes: 0c 00 05 00 c2 02 10 00 60 00 10 00 c6 02 10 00 01 00 00 00
y11: client 0: event type 22
y11: client 0: request 5067 opcode 12 len 20 bytes: 0c 00 05 00 be 02 10 00 60 00 10 00 c2 02 10 00 01 00 00 00
y11: client 0: event type 22
y11: client 0: request 5068 opcode 12 len 20 bytes: 0c 00 05 00 ba 02 10 00 60 00 10 00 be 02 10 00 01 00 00 00
y11: client 0: event type 22
y11: client 0: request 5069 opcode 12 len 20 bytes: 0c 00 05 00 b6 02 10 00 60 00 10 00 ba 02 10 00 01 00 00 00
y11: client 0: event type 22
y11: client 0: request 5070 opcode 12 len 20 bytes: 0c 00 05 00 b2 02 10 00 60 00 10 00 b6 02 10 00 01 00 00 00
y11: client 0: event type 22
y11: client 0: request 5071 opcode 12 len 20 bytes: 0c 00 05 00 ae 02 10 00 60 00 10 00 b2 02 10 00 01 00 00 00
y11: client 0: event type 22
y11: client 0: request 5072 opcode 12 len 20 bytes: 0c 00 05 00 aa 02 10 00 60 00 10 00 ae 02 10 00 01 00 00 00
y11: client 0: event type 22
y11: client 0: request 5073 opcode 12 len 20 bytes: 0c 00 05 00 a6 02 10 00 60 00 10 00 aa 02 10 00 01 00 00 00
y11: client 0: event type 22
y11: client 0: request 5074 opcode 12 len 20 bytes: 0c 00 05 00 a2 02 10 00 60 00 10 00 a6 02 10 00 01 00 00 00
y11: client 0: event type 22
y11: client 0: request 5075 opcode 12 len 20 bytes: 0c 00 05 00 9e 02 10 00 60 00 10 00 a2 02 10 00 01 00 00 00
y11: client 0: event type 22
y11: client 0: request 5076 opcode 12 len 20 bytes: 0c 00 05 00 9a 02 10 00 60 00 10 00 9e 02 10 00 01 00 00 00
y11: client 0: event type 22
y11: client 0: request 5077 opcode 12 len 20 bytes: 0c 00 05 00 96 02 10 00 60 00 10 00 9a 02 10 00 01 00 00 00
y11: client 0: event type 22
y11: client 0: request 5078 opcode 12 len 20 bytes: 0c 00 05 00 92 02 10 00 60 00 10 00 96 02 10 00 01 00 00 00
y11: client 0: event type 22
y11: client 0: request 5079 opcode 12 len 20 bytes: 0c 00 05 00 8e 02 10 00 60 00 10 00 92 02 10 00 01 00 00 00
y11: client 0: event type 22
y11: client 0: request 5080 opcode 12 len 20 bytes: 0c 00 05 00 8a 02 10 00 60 00 10 00 8e 02 10 00 01 00 00 00
y11: client 0: event type 22
y11: client 0: request 5081 opcode 12 len 20 bytes: 0c 00 05 00 86 02 10 00 60 00 10 00 8a 02 10 00 01 00 00 00
y11: client 0: event type 22
y11: client 0: request 5082 opcode 12 len 20 bytes: 0c 00 05 00 82 02 10 00 60 00 10 00 86 02 10 00 01 00 00 00
y11: client 0: event type 22
y11: client 0: request 5083 opcode 12 len 20 bytes: 0c 00 05 00 7e 02 10 00 60 00 10 00 82 02 10 00 01 00 00 00
y11: client 0: event type 22
y11: client 0: request 5084 opcode 12 len 20 bytes: 0c 00 05 00 79 02 10 00 60 00 10 00 7e 02 10 00 01 00 00 00
y11: client 0: event type 22
y11: client 0: request 5085 opcode 12 len 20 bytes: 0c 00 05 00 75 02 10 00 60 00 10 00 79 02 10 00 01 00 00 00
y11: client 0: event type 22
y11: client 0: request 5086 opcode 12 len 20 bytes: 0c 00 05 00 71 02 10 00 60 00 10 00 75 02 10 00 01 00 00 00
y11: client 0: event type 22
y11: client 0: request 5087 opcode 12 len 20 bytes: 0c 00 05 00 6d 02 10 00 60 00 10 00 71 02 10 00 01 00 00 00
y11: client 0: event type 22
y11: client 0: request 5088 opcode 12 len 20 bytes: 0c 00 05 00 69 02 10 00 60 00 10 00 6d 02 10 00 01 00 00 00
y11: client 0: event type 22
y11: client 0: request 5089 opcode 12 len 20 bytes: 0c 00 05 00 65 02 10 00 60 00 10 00 69 02 10 00 01 00 00 00
y11: client 0: event type 22
y11: client 0: request 5090 opcode 12 len 20 bytes: 0c 00 05 00 e3 01 10 00 60 00 10 00 65 02 10 00 01 00 00 00
y11: client 0: event type 22
y11: client 0: request 5091 opcode 12 len 20 bytes: 0c 00 05 00 e1 01 10 00 60 00 10 00 e3 01 10 00 01 00 00 00
y11: client 0: event type 22
y11: client 0: request 5092 opcode 12 len 20 bytes: 0c 00 05 00 de 01 10 00 60 00 10 00 e1 01 10 00 01 00 00 00
y11: client 0: event type 22
y11: client 0: request 5093 opcode 12 len 20 bytes: 0c 00 05 00 dc 01 10 00 60 00 10 00 de 01 10 00 01 00 00 00
y11: client 0: event type 22
y11: client 0: request 5094 opcode 12 len 20 bytes: 0c 00 05 00 da 01 10 00 60 00 10 00 dc 01 10 00 01 00 00 00
y11: client 0: event type 22
y11: client 0: request 5095 opcode 12 len 20 bytes: 0c 00 05 00 d8 01 10 00 60 00 10 00 da 01 10 00 01 00 00 00
y11: client 0: event type 22
y11: client 0: request 5096 opcode 12 len 20 bytes: 0c 00 05 00 d4 01 10 00 60 00 10 00 d8 01 10 00 01 00 00 00
y11: client 0: event type 22
y11: client 0: request 5097 opcode 1 len 48 bytes: 01 18 0c 00 ff 02 10 00 fe 02 10 00 00 00 00 00 02 00 19 00
y11: client 0: request 5098 opcode 1 len 48 bytes: 01 18 0c 00 00 03 10 00 fe 02 10 00 e9 ff 00 00 19 00 19 00
y11: client 0: request 5099 opcode 12 len 20 bytes: 0c 00 05 00 ff 02 10 00 03 00 0c 00 00 00 00 00 00 00 00 00
y11: client 0: request 5100 opcode 12 len 16 bytes: 0c 00 04 00 ff 02 10 00 40 00 10 00 00 00 00 00
y11: client 0: request 5101 opcode 8 len 8 bytes: 08 00 02 00 ff 02 10 00
y11: client 0: request 5102 opcode 12 len 20 bytes: 0c 00 05 00 fe 02 10 00 0c 00 00 00 01 00 00 00 1a 00 00 00
y11: client 0: event type 22
y11: client 0: request 5103 opcode 12 len 16 bytes: 0c 00 04 00 fe 02 10 00 10 00 00 00 01 00 00 00
y11: client 0: event type 22
y11: client 0: request 5104 opcode 84 len 16 bytes: 54 00 04 00 22 00 00 00 00 00 00 00 00 00 02 00
y11: client 0: reply seq 5104 len 32
y11: client 0: request 5105 opcode 84 len 16 bytes: 54 00 04 00 22 00 00 00 00 00 00 00 00 00 02 00
y11: client 0: reply seq 5105 len 32
y11: client 0: request 5106 opcode 84 len 16 bytes: 54 00 04 00 22 00 00 00 00 ff 00 ff 00 ff 02 00
y11: client 0: reply seq 5106 len 32
y11: client 0: request 5107 opcode 2 len 16 bytes: 02 00 04 00 fe 02 10 00 08 00 00 00 00 00 00 00
y11: client 0: request 5108 opcode 10 len 8 bytes: 0a 00 02 00 00 03 10 00
y11: client 0: request 5109 opcode 12 len 20 bytes: 0c 00 05 00 ff 02 10 00 03 00 00 00 00 00 00 00 00 00 00 00
y11: client 0: request 5110 opcode 1 len 48 bytes: 01 18 0c 00 01 03 10 00 fe 02 10 00 00 00 19 00 01 00 0a 00
y11: client 0: request 5111 opcode 8 len 8 bytes: 08 00 02 00 01 03 10 00
y11: client 0: request 5112 opcode 1 len 52 bytes: 01 18 0d 00 02 03 10 00 21 00 00 00 08 00 02 00 01 00 01 00
y11: client 0: event type 16
y11: client 0: request 5113 opcode 61 len 16 bytes: 3d 00 04 00 02 03 10 00 00 00 00 00 00 00 00 00
y11: client 0: request 5114 opcode 12 len 20 bytes: 0c 00 05 00 fe 02 10 00 60 00 e2 97 02 03 10 00 01 00 00 00
y11: client 0: event type 22
y11: client 0: request 5115 opcode 12 len 20 bytes: 0c 00 05 00 fa 02 10 00 60 00 10 00 fe 02 10 00 01 00 00 00
y11: client 0: event type 22
y11: client 0: request 5116 opcode 12 len 20 bytes: 0c 00 05 00 f6 02 10 00 60 00 00 00 fa 02 10 00 01 00 00 00
y11: client 0: event type 22
y11: client 0: request 5117 opcode 12 len 20 bytes: 0c 00 05 00 f2 02 10 00 60 00 10 00 f6 02 10 00 01 00 00 00
y11: client 0: event type 22
y11: client 0: request 5118 opcode 12 len 20 bytes: 0c 00 05 00 ee 02 10 00 60 00 00 00 f2 02 10 00 01 00 00 00
y11: client 0: event type 22
y11: client 0: request 5119 opcode 12 len 20 bytes: 0c 00 05 00 ea 02 10 00 60 00 10 00 ee 02 10 00 01 00 00 00
y11: client 0: event type 22
y11: client 0: request 5120 opcode 12 len 20 bytes: 0c 00 05 00 e6 02 10 00 60 00 10 00 ea 02 10 00 01 00 00 00
y11: client 0: event type 22
y11: client 0: request 5121 opcode 12 len 20 bytes: 0c 00 05 00 e2 02 10 00 60 00 10 00 e6 02 10 00 01 00 00 00
y11: client 0: event type 22
y11: client 0: request 5122 opcode 12 len 20 bytes: 0c 00 05 00 de 02 10 00 60 00 10 00 e2 02 10 00 01 00 00 00
y11: client 0: event type 22
y11: client 0: request 5123 opcode 12 len 20 bytes: 0c 00 05 00 da 02 10 00 60 00 10 00 de 02 10 00 01 00 00 00
y11: client 0: event type 22
y11: client 0: request 5124 opcode 12 len 20 bytes: 0c 00 05 00 d6 02 10 00 60 00 10 00 da 02 10 00 01 00 00 00
y11: client 0: event type 22
y11: client 0: request 5125 opcode 12 len 20 bytes: 0c 00 05 00 d2 02 10 00 60 00 10 00 d6 02 10 00 01 00 00 00
y11: client 0: event type 22
y11: client 0: request 5126 opcode 12 len 20 bytes: 0c 00 05 00 ce 02 10 00 60 00 10 00 d2 02 10 00 01 00 00 00
y11: client 0: event type 22
y11: client 0: request 5127 opcode 12 len 20 bytes: 0c 00 05 00 ca 02 10 00 60 00 10 00 ce 02 10 00 01 00 00 00
y11: client 0: event type 22
y11: client 0: request 5128 opcode 12 len 20 bytes: 0c 00 05 00 c6 02 10 00 60 00 10 00 ca 02 10 00 01 00 00 00
y11: client 0: event type 22
y11: client 0: request 5129 opcode 12 len 20 bytes: 0c 00 05 00 c2 02 10 00 60 00 10 00 c6 02 10 00 01 00 00 00
y11: client 0: event type 22
y11: client 0: request 5130 opcode 12 len 20 bytes: 0c 00 05 00 be 02 10 00 60 00 10 00 c2 02 10 00 01 00 00 00
y11: client 0: event type 22
y11: client 0: request 5131 opcode 12 len 20 bytes: 0c 00 05 00 ba 02 10 00 60 00 10 00 be 02 10 00 01 00 00 00
y11: client 0: event type 22
y11: client 0: request 5132 opcode 12 len 20 bytes: 0c 00 05 00 b6 02 10 00 60 00 10 00 ba 02 10 00 01 00 00 00
y11: client 0: event type 22
y11: client 0: request 5133 opcode 12 len 20 bytes: 0c 00 05 00 b2 02 10 00 60 00 10 00 b6 02 10 00 01 00 00 00
y11: client 0: event type 22
y11: client 0: request 5134 opcode 12 len 20 bytes: 0c 00 05 00 ae 02 10 00 60 00 10 00 b2 02 10 00 01 00 00 00
y11: client 0: event type 22
y11: client 0: request 5135 opcode 12 len 20 bytes: 0c 00 05 00 aa 02 10 00 60 00 10 00 ae 02 10 00 01 00 00 00
y11: client 0: event type 22
y11: client 0: request 5136 opcode 12 len 20 bytes: 0c 00 05 00 a6 02 10 00 60 00 10 00 aa 02 10 00 01 00 00 00
y11: client 0: event type 22
y11: client 0: request 5137 opcode 12 len 20 bytes: 0c 00 05 00 a2 02 10 00 60 00 10 00 a6 02 10 00 01 00 00 00
y11: client 0: event type 22
y11: client 0: request 5138 opcode 12 len 20 bytes: 0c 00 05 00 9e 02 10 00 60 00 10 00 a2 02 10 00 01 00 00 00
y11: client 0: event type 22
y11: client 0: request 5139 opcode 12 len 20 bytes: 0c 00 05 00 9a 02 10 00 60 00 10 00 9e 02 10 00 01 00 00 00
y11: client 0: event type 22
y11: client 0: request 5140 opcode 12 len 20 bytes: 0c 00 05 00 96 02 10 00 60 00 10 00 9a 02 10 00 01 00 00 00
y11: client 0: event type 22
y11: client 0: request 5141 opcode 12 len 20 bytes: 0c 00 05 00 92 02 10 00 60 00 10 00 96 02 10 00 01 00 00 00
y11: client 0: event type 22
y11: client 0: request 5142 opcode 12 len 20 bytes: 0c 00 05 00 8e 02 10 00 60 00 10 00 92 02 10 00 01 00 00 00
y11: client 0: event type 22
y11: client 0: request 5143 opcode 12 len 20 bytes: 0c 00 05 00 8a 02 10 00 60 00 10 00 8e 02 10 00 01 00 00 00
y11: client 0: event type 22
y11: client 0: request 5144 opcode 12 len 20 bytes: 0c 00 05 00 86 02 10 00 60 00 10 00 8a 02 10 00 01 00 00 00
y11: client 0: event type 22
y11: client 0: request 5145 opcode 12 len 20 bytes: 0c 00 05 00 82 02 10 00 60 00 10 00 86 02 10 00 01 00 00 00
y11: client 0: event type 22
y11: client 0: request 5146 opcode 12 len 20 bytes: 0c 00 05 00 7e 02 10 00 60 00 10 00 82 02 10 00 01 00 00 00
y11: client 0: event type 22
y11: client 0: request 5147 opcode 12 len 20 bytes: 0c 00 05 00 79 02 10 00 60 00 10 00 7e 02 10 00 01 00 00 00
y11: client 0: event type 22
y11: client 0: request 5148 opcode 12 len 20 bytes: 0c 00 05 00 75 02 10 00 60 00 10 00 79 02 10 00 01 00 00 00
y11: client 0: event type 22
y11: client 0: request 5149 opcode 12 len 20 bytes: 0c 00 05 00 71 02 10 00 60 00 10 00 75 02 10 00 01 00 00 00
y11: client 0: event type 22
y11: client 0: request 5150 opcode 12 len 20 bytes: 0c 00 05 00 6d 02 10 00 60 00 10 00 71 02 10 00 01 00 00 00
y11: client 0: event type 22
y11: client 0: request 5151 opcode 12 len 20 bytes: 0c 00 05 00 69 02 10 00 60 00 10 00 6d 02 10 00 01 00 00 00
y11: client 0: event type 22
y11: client 0: request 5152 opcode 12 len 20 bytes: 0c 00 05 00 65 02 10 00 60 00 10 00 69 02 10 00 01 00 00 00
y11: client 0: event type 22
y11: client 0: request 5153 opcode 12 len 20 bytes: 0c 00 05 00 e3 01 10 00 60 00 10 00 65 02 10 00 01 00 00 00
y11: client 0: event type 22
y11: client 0: request 5154 opcode 12 len 20 bytes: 0c 00 05 00 e1 01 10 00 60 00 10 00 e3 01 10 00 01 00 00 00
y11: client 0: event type 22
y11: client 0: request 5155 opcode 12 len 20 bytes: 0c 00 05 00 de 01 10 00 60 00 10 00 e1 01 10 00 01 00 00 00
y11: client 0: event type 22
y11: client 0: request 5156 opcode 12 len 20 bytes: 0c 00 05 00 dc 01 10 00 60 00 10 00 de 01 10 00 01 00 00 00
y11: client 0: event type 22
y11: client 0: request 5157 opcode 12 len 20 bytes: 0c 00 05 00 da 01 10 00 60 00 10 00 dc 01 10 00 01 00 00 00
y11: client 0: event type 22
y11: client 0: request 5158 opcode 12 len 20 bytes: 0c 00 05 00 d8 01 10 00 60 00 10 00 da 01 10 00 01 00 00 00
y11: client 0: event type 22
y11: client 0: request 5159 opcode 12 len 20 bytes: 0c 00 05 00 d4 01 10 00 60 00 10 00 d8 01 10 00 01 00 00 00
y11: client 0: event type 22
y11: client 0: request 5160 opcode 1 len 48 bytes: 01 18 0c 00 03 03 10 00 02 03 10 00 00 00 00 00 02 00 19 00
y11: client 0: request 5161 opcode 1 len 48 bytes: 01 18 0c 00 04 03 10 00 02 03 10 00 e9 ff 00 00 19 00 19 00
y11: client 0: request 5162 opcode 12 len 20 bytes: 0c 00 05 00 03 03 10 00 03 00 10 00 00 00 00 00 00 00 00 00
y11: client 0: request 5163 opcode 12 len 16 bytes: 0c 00 04 00 03 03 10 00 40 00 10 00 00 00 00 00
y11: client 0: request 5164 opcode 8 len 8 bytes: 08 00 02 00 03 03 10 00
y11: client 0: request 5165 opcode 12 len 20 bytes: 0c 00 05 00 02 03 10 00 0c 00 00 00 01 00 00 00 1a 00 00 00
y11: client 0: event type 22
y11: client 0: request 5166 opcode 12 len 16 bytes: 0c 00 04 00 02 03 10 00 10 00 02 00 01 00 00 00
y11: client 0: event type 22
y11: client 0: request 5167 opcode 84 len 16 bytes: 54 00 04 00 22 00 00 00 00 00 00 00 00 00 00 00
y11: client 0: reply seq 5167 len 32
y11: client 0: request 5168 opcode 84 len 16 bytes: 54 00 04 00 22 00 00 00 00 00 00 00 00 00 02 00
y11: client 0: reply seq 5168 len 32
y11: client 0: request 5169 opcode 84 len 16 bytes: 54 00 04 00 22 00 00 00 00 ff 00 ff 00 ff 02 00
y11: client 0: reply seq 5169 len 32
y11: client 0: request 5170 opcode 2 len 16 bytes: 02 00 04 00 02 03 10 00 08 00 00 00 00 00 00 00
y11: client 0: request 5171 opcode 10 len 8 bytes: 0a 00 02 00 04 03 10 00
y11: client 0: request 5172 opcode 12 len 20 bytes: 0c 00 05 00 03 03 10 00 03 00 00 00 00 00 00 00 00 00 00 00
y11: client 0: request 5173 opcode 1 len 48 bytes: 01 18 0c 00 05 03 10 00 02 03 10 00 00 00 19 00 01 00 0a 00
y11: client 0: request 5174 opcode 8 len 8 bytes: 08 00 02 00 05 03 10 00
y11: client 0: request 5175 opcode 12 len 20 bytes: 0c 00 05 00 fc 02 10 00 03 00 00 00 e9 ff ff ff 00 00 00 00
y11: client 0: request 5176 opcode 12 len 20 bytes: 0c 00 05 00 fb 02 10 00 03 00 10 00 00 00 00 00 00 00 00 00
y11: client 0: request 5177 opcode 139 len 100 bytes: 8b 14 19 00 7d 02 10 00 01 00 00 00 25 00 00 00 07 00 09 00
y11: client 0: request 5178 opcode 12 len 16 bytes: 0c 00 04 00 fa 02 10 00 10 00 05 00 01 00 00 00
y11: client 0: event type 22
y11: client 0: request 5179 opcode 84 len 16 bytes: 54 00 04 00 22 00 00 00 00 00 00 00 00 00 05 00
y11: client 0: reply seq 5179 len 32
y11: client 0: request 5180 opcode 84 len 16 bytes: 54 00 04 00 22 00 00 00 00 00 00 00 00 00 ff ff
y11: client 0: reply seq 5180 len 32
y11: client 0: request 5181 opcode 84 len 16 bytes: 54 00 04 00 22 00 00 00 00 ff 00 ff 00 ff ff ff
y11: client 0: reply seq 5181 len 32
y11: client 0: request 5182 opcode 2 len 16 bytes: 02 00 04 00 fa 02 10 00 08 00 00 00 00 00 00 00
y11: client 0: request 5183 opcode 12 len 28 bytes: 0c 00 07 00 fd 02 10 00 0f 00 10 00 00 00 00 00 19 00 00 00
y11: client 0: request 5184 opcode 12 len 20 bytes: 0c 00 05 00 fa 02 10 00 0c 00 00 00 72 00 00 00 2f 00 00 00
y11: client 0: event type 22
y11: client 0: request 5185 opcode 12 len 20 bytes: 0c 00 05 00 fc 02 10 00 03 00 00 00 5a 00 00 00 00 00 00 00
y11: client 0: request 5186 opcode 12 len 28 bytes: 0c 00 07 00 fb 02 10 00 0f 00 20 3f 00 00 00 00 00 00 00 00
y11: client 0: request 5187 opcode 2 len 16 bytes: 02 00 04 00 fd 02 10 00 02 00 00 00 aa aa aa 00
y11: client 0: request 5188 opcode 61 len 16 bytes: 3d 00 04 00 fd 02 10 00 00 00 00 00 00 00 00 00
y11: client 0: request 5189 opcode 12 len 20 bytes: 0c 00 05 00 f8 02 10 00 03 00 00 00 e9 ff ff ff 00 00 00 00
y11: client 0: request 5190 opcode 12 len 20 bytes: 0c 00 05 00 f7 02 10 00 03 00 10 00 00 00 00 00 00 00 00 00
y11: client 0: request 5191 opcode 12 len 16 bytes: 0c 00 04 00 f6 02 10 00 10 00 10 00 01 00 00 00
y11: client 0: event type 22
y11: client 0: request 5192 opcode 84 len 16 bytes: 54 00 04 00 22 00 00 00 00 00 00 00 00 00 10 00
y11: client 0: reply seq 5192 len 32
y11: client 0: request 5193 opcode 84 len 16 bytes: 54 00 04 00 22 00 00 00 00 00 00 00 00 00 00 00
y11: client 0: reply seq 5193 len 32
y11: client 0: request 5194 opcode 84 len 16 bytes: 54 00 04 00 22 00 00 00 00 ff 00 ff 00 ff 00 00
y11: client 0: reply seq 5194 len 32
y11: client 0: request 5195 opcode 2 len 16 bytes: 02 00 04 00 f6 02 10 00 08 00 00 00 00 00 00 00
y11: client 0: request 5196 opcode 12 len 28 bytes: 0c 00 07 00 f9 02 10 00 0f 00 10 00 00 00 00 00 19 00 00 00
y11: client 0: request 5197 opcode 12 len 20 bytes: 0c 00 05 00 f6 02 10 00 0c 00 00 00 72 00 00 00 2f 00 00 00
y11: client 0: event type 22
y11: client 0: request 5198 opcode 12 len 20 bytes: 0c 00 05 00 f8 02 10 00 03 00 00 00 5a 00 00 00 00 00 00 00
y11: client 0: request 5199 opcode 12 len 28 bytes: 0c 00 07 00 f7 02 10 00 0f 00 20 3f 00 00 00 00 00 00 00 00
y11: client 0: request 5200 opcode 2 len 16 bytes: 02 00 04 00 f9 02 10 00 02 00 00 00 aa aa aa 00
y11: client 0: request 5201 opcode 61 len 16 bytes: 3d 00 04 00 f9 02 10 00 00 00 00 00 00 00 00 00
y11: client 0: request 5202 opcode 1 len 52 bytes: 01 18 0d 00 06 03 10 00 21 00 00 00 08 00 02 00 01 00 01 00
y11: client 0: event type 16
y11: client 0: request 5203 opcode 61 len 16 bytes: 3d 00 04 00 06 03 10 00 00 00 00 00 00 00 00 00
y11: client 0: request 5204 opcode 12 len 20 bytes: 0c 00 05 00 02 03 10 00 60 00 10 00 06 03 10 00 01 00 00 00
y11: client 0: event type 22
y11: client 0: request 5205 opcode 12 len 20 bytes: 0c 00 05 00 fe 02 10 00 60 00 10 00 02 03 10 00 01 00 00 00
y11: client 0: event type 22
y11: client 0: request 5206 opcode 12 len 20 bytes: 0c 00 05 00 fa 02 10 00 60 00 10 00 fe 02 10 00 01 00 00 00
y11: client 0: event type 22
y11: client 0: request 5207 opcode 12 len 20 bytes: 0c 00 05 00 f6 02 10 00 60 00 10 00 fa 02 10 00 01 00 00 00
y11: client 0: event type 22
y11: client 0: request 5208 opcode 12 len 20 bytes: 0c 00 05 00 f2 02 10 00 60 00 10 00 f6 02 10 00 01 00 00 00
y11: client 0: event type 22
y11: client 0: request 5209 opcode 12 len 20 bytes: 0c 00 05 00 ee 02 10 00 60 00 10 00 f2 02 10 00 01 00 00 00
y11: client 0: event type 22
y11: client 0: request 5210 opcode 12 len 20 bytes: 0c 00 05 00 ea 02 10 00 60 00 10 00 ee 02 10 00 01 00 00 00
y11: client 0: event type 22
y11: client 0: request 5211 opcode 12 len 20 bytes: 0c 00 05 00 e6 02 10 00 60 00 10 00 ea 02 10 00 01 00 00 00
y11: client 0: event type 22
y11: client 0: request 5212 opcode 12 len 20 bytes: 0c 00 05 00 e2 02 10 00 60 00 10 00 e6 02 10 00 01 00 00 00
y11: client 0: event type 22
y11: client 0: request 5213 opcode 12 len 20 bytes: 0c 00 05 00 de 02 10 00 60 00 10 00 e2 02 10 00 01 00 00 00
y11: client 0: event type 22
y11: client 0: request 5214 opcode 12 len 20 bytes: 0c 00 05 00 da 02 10 00 60 00 10 00 de 02 10 00 01 00 00 00
y11: client 0: event type 22
y11: client 0: request 5215 opcode 12 len 20 bytes: 0c 00 05 00 d6 02 10 00 60 00 10 00 da 02 10 00 01 00 00 00
y11: client 0: event type 22
y11: client 0: request 5216 opcode 12 len 20 bytes: 0c 00 05 00 d2 02 10 00 60 00 10 00 d6 02 10 00 01 00 00 00
y11: client 0: event type 22
y11: client 0: request 5217 opcode 12 len 20 bytes: 0c 00 05 00 ce 02 10 00 60 00 10 00 d2 02 10 00 01 00 00 00
y11: client 0: event type 22
y11: client 0: request 5218 opcode 12 len 20 bytes: 0c 00 05 00 ca 02 10 00 60 00 10 00 ce 02 10 00 01 00 00 00
y11: client 0: event type 22
y11: client 0: request 5219 opcode 12 len 20 bytes: 0c 00 05 00 c6 02 10 00 60 00 10 00 ca 02 10 00 01 00 00 00
y11: client 0: event type 22
y11: client 0: request 5220 opcode 12 len 20 bytes: 0c 00 05 00 c2 02 10 00 60 00 10 00 c6 02 10 00 01 00 00 00
y11: client 0: event type 22
y11: client 0: request 5221 opcode 12 len 20 bytes: 0c 00 05 00 be 02 10 00 60 00 10 00 c2 02 10 00 01 00 00 00
y11: client 0: event type 22
y11: client 0: request 5222 opcode 12 len 20 bytes: 0c 00 05 00 ba 02 10 00 60 00 10 00 be 02 10 00 01 00 00 00
y11: client 0: event type 22
y11: client 0: request 5223 opcode 12 len 20 bytes: 0c 00 05 00 b6 02 10 00 60 00 10 00 ba 02 10 00 01 00 00 00
y11: client 0: event type 22
y11: client 0: request 5224 opcode 12 len 20 bytes: 0c 00 05 00 b2 02 10 00 60 00 10 00 b6 02 10 00 01 00 00 00
y11: client 0: event type 22
y11: client 0: request 5225 opcode 12 len 20 bytes: 0c 00 05 00 ae 02 10 00 60 00 10 00 b2 02 10 00 01 00 00 00
y11: client 0: event type 22
y11: client 0: request 5226 opcode 12 len 20 bytes: 0c 00 05 00 aa 02 10 00 60 00 10 00 ae 02 10 00 01 00 00 00
y11: client 0: event type 22
y11: client 0: request 5227 opcode 12 len 20 bytes: 0c 00 05 00 a6 02 10 00 60 00 10 00 aa 02 10 00 01 00 00 00
y11: client 0: event type 22
y11: client 0: request 5228 opcode 12 len 20 bytes: 0c 00 05 00 a2 02 10 00 60 00 10 00 a6 02 10 00 01 00 00 00
y11: client 0: event type 22
y11: client 0: request 5229 opcode 12 len 20 bytes: 0c 00 05 00 9e 02 10 00 60 00 10 00 a2 02 10 00 01 00 00 00
y11: client 0: event type 22
y11: client 0: request 5230 opcode 12 len 20 bytes: 0c 00 05 00 9a 02 10 00 60 00 10 00 9e 02 10 00 01 00 00 00
y11: client 0: event type 22
y11: client 0: request 5231 opcode 12 len 20 bytes: 0c 00 05 00 96 02 10 00 60 00 10 00 9a 02 10 00 01 00 00 00
y11: client 0: event type 22
y11: client 0: request 5232 opcode 12 len 20 bytes: 0c 00 05 00 92 02 10 00 60 00 10 00 96 02 10 00 01 00 00 00
y11: client 0: event type 22
y11: client 0: request 5233 opcode 12 len 20 bytes: 0c 00 05 00 8e 02 10 00 60 00 10 00 92 02 10 00 01 00 00 00
y11: client 0: event type 22
y11: client 0: request 5234 opcode 12 len 20 bytes: 0c 00 05 00 8a 02 10 00 60 00 10 00 8e 02 10 00 01 00 00 00
y11: client 0: event type 22
y11: client 0: request 5235 opcode 12 len 20 bytes: 0c 00 05 00 86 02 10 00 60 00 10 00 8a 02 10 00 01 00 00 00
y11: client 0: event type 22
y11: client 0: request 5236 opcode 12 len 20 bytes: 0c 00 05 00 82 02 10 00 60 00 10 00 86 02 10 00 01 00 00 00
y11: client 0: event type 22
y11: client 0: request 5237 opcode 12 len 20 bytes: 0c 00 05 00 7e 02 10 00 60 00 10 00 82 02 10 00 01 00 00 00
y11: client 0: event type 22
y11: client 0: request 5238 opcode 12 len 20 bytes: 0c 00 05 00 79 02 10 00 60 00 10 00 7e 02 10 00 01 00 00 00
y11: client 0: event type 22
y11: client 0: request 5239 opcode 12 len 20 bytes: 0c 00 05 00 75 02 10 00 60 00 10 00 79 02 10 00 01 00 00 00
y11: client 0: event type 22
y11: client 0: request 5240 opcode 12 len 20 bytes: 0c 00 05 00 71 02 10 00 60 00 10 00 75 02 10 00 01 00 00 00
y11: client 0: event type 22
y11: client 0: request 5241 opcode 12 len 20 bytes: 0c 00 05 00 6d 02 10 00 60 00 10 00 71 02 10 00 01 00 00 00
y11: client 0: event type 22
y11: client 0: request 5242 opcode 12 len 20 bytes: 0c 00 05 00 69 02 10 00 60 00 10 00 6d 02 10 00 01 00 00 00
y11: client 0: event type 22
y11: client 0: request 5243 opcode 12 len 20 bytes: 0c 00 05 00 65 02 10 00 60 00 00 00 69 02 10 00 01 00 00 00
y11: client 0: event type 22
y11: client 0: request 5244 opcode 12 len 20 bytes: 0c 00 05 00 e3 01 10 00 60 00 6f 9b 65 02 10 00 01 00 00 00
y11: client 0: event type 22
y11: client 0: request 5245 opcode 12 len 20 bytes: 0c 00 05 00 e1 01 10 00 60 00 10 00 e3 01 10 00 01 00 00 00
y11: client 0: event type 22
y11: client 0: request 5246 opcode 12 len 20 bytes: 0c 00 05 00 de 01 10 00 60 00 00 00 e1 01 10 00 01 00 00 00
y11: client 0: event type 22
y11: client 0: request 5247 opcode 12 len 20 bytes: 0c 00 05 00 dc 01 10 00 60 00 00 00 de 01 10 00 01 00 00 00
y11: client 0: event type 22
y11: client 0: request 5248 opcode 12 len 20 bytes: 0c 00 05 00 da 01 10 00 60 00 00 00 dc 01 10 00 01 00 00 00
y11: client 0: event type 22
y11: client 0: request 5249 opcode 12 len 20 bytes: 0c 00 05 00 d8 01 10 00 60 00 02 00 da 01 10 00 01 00 00 00
y11: client 0: event type 22
y11: client 0: request 5250 opcode 12 len 20 bytes: 0c 00 05 00 d4 01 10 00 60 00 00 00 d8 01 10 00 01 00 00 00
y11: client 0: event type 22
y11: client 0: request 5251 opcode 1 len 48 bytes: 01 18 0c 00 07 03 10 00 06 03 10 00 00 00 00 00 02 00 19 00
y11: client 0: request 5252 opcode 1 len 48 bytes: 01 18 0c 00 08 03 10 00 06 03 10 00 e9 ff 00 00 19 00 19 00
y11: client 0: request 5253 opcode 12 len 20 bytes: 0c 00 05 00 07 03 10 00 03 00 00 00 00 00 00 00 00 00 00 00
y11: client 0: request 5254 opcode 12 len 16 bytes: 0c 00 04 00 07 03 10 00 40 00 10 00 00 00 00 00
y11: client 0: request 5255 opcode 8 len 8 bytes: 08 00 02 00 07 03 10 00
y11: client 0: request 5256 opcode 12 len 20 bytes: 0c 00 05 00 06 03 10 00 0c 00 09 03 01 00 00 00 1a 00 00 00
y11: client 0: event type 22
y11: client 0: request 5257 opcode 12 len 16 bytes: 0c 00 04 00 06 03 10 00 10 00 00 00 01 00 00 00
y11: client 0: event type 22
y11: client 0: request 5258 opcode 84 len 16 bytes: 54 00 04 00 22 00 00 00 00 00 00 00 00 00 ed 76
y11: client 0: reply seq 5258 len 32
y11: client 0: request 5259 opcode 84 len 16 bytes: 54 00 04 00 22 00 00 00 00 00 00 00 00 00 00 00
y11: client 0: reply seq 5259 len 32
y11: client 0: request 5260 opcode 84 len 16 bytes: 54 00 04 00 22 00 00 00 00 ff 00 ff 00 ff 00 00
y11: client 0: reply seq 5260 len 32
y11: client 0: request 5261 opcode 2 len 16 bytes: 02 00 04 00 06 03 10 00 08 00 00 00 00 00 00 00
y11: client 0: request 5262 opcode 10 len 8 bytes: 0a 00 02 00 08 03 10 00
y11: client 0: request 5263 opcode 12 len 20 bytes: 0c 00 05 00 07 03 10 00 03 00 00 00 00 00 00 00 00 00 00 00
y11: client 0: request 5264 opcode 1 len 48 bytes: 01 18 0c 00 09 03 10 00 06 03 10 00 00 00 19 00 01 00 0a 00
y11: client 0: request 5265 opcode 8 len 8 bytes: 08 00 02 00 09 03 10 00
y11: client 0: request 5266 opcode 1 len 52 bytes: 01 18 0d 00 0a 03 10 00 21 00 00 00 08 00 02 00 01 00 01 00
y11: client 0: event type 16
y11: client 0: request 5267 opcode 61 len 16 bytes: 3d 00 04 00 0a 03 10 00 00 00 00 00 00 00 00 00
y11: client 0: request 5268 opcode 12 len 20 bytes: 0c 00 05 00 06 03 10 00 60 00 e2 97 0a 03 10 00 01 00 00 00
y11: client 0: event type 22
y11: client 0: request 5269 opcode 12 len 20 bytes: 0c 00 05 00 02 03 10 00 60 00 10 00 06 03 10 00 01 00 00 00
y11: client 0: event type 22
y11: client 0: request 5270 opcode 12 len 20 bytes: 0c 00 05 00 fe 02 10 00 60 00 10 00 02 03 10 00 01 00 00 00
y11: client 0: event type 22
y11: client 0: request 5271 opcode 12 len 20 bytes: 0c 00 05 00 fa 02 10 00 60 00 00 00 fe 02 10 00 01 00 00 00
y11: client 0: event type 22
y11: client 0: request 5272 opcode 12 len 20 bytes: 0c 00 05 00 f6 02 10 00 60 00 02 00 fa 02 10 00 01 00 00 00
y11: client 0: event type 22
y11: client 0: request 5273 opcode 12 len 20 bytes: 0c 00 05 00 f2 02 10 00 60 00 00 00 f6 02 10 00 01 00 00 00
y11: client 0: event type 22
y11: client 0: request 5274 opcode 12 len 20 bytes: 0c 00 05 00 ee 02 10 00 60 00 04 00 f2 02 10 00 01 00 00 00
y11: client 0: event type 22
y11: client 0: request 5275 opcode 12 len 20 bytes: 0c 00 05 00 ea 02 10 00 60 00 10 00 ee 02 10 00 01 00 00 00
y11: client 0: event type 22
y11: client 0: request 5276 opcode 12 len 20 bytes: 0c 00 05 00 e6 02 10 00 60 00 10 00 ea 02 10 00 01 00 00 00
y11: client 0: event type 22
y11: client 0: request 5277 opcode 12 len 20 bytes: 0c 00 05 00 e2 02 10 00 60 00 10 00 e6 02 10 00 01 00 00 00
y11: client 0: event type 22
y11: client 0: request 5278 opcode 12 len 20 bytes: 0c 00 05 00 de 02 10 00 60 00 10 00 e2 02 10 00 01 00 00 00
y11: client 0: event type 22
y11: client 0: request 5279 opcode 12 len 20 bytes: 0c 00 05 00 da 02 10 00 60 00 10 00 de 02 10 00 01 00 00 00
y11: client 0: event type 22
y11: client 0: request 5280 opcode 12 len 20 bytes: 0c 00 05 00 d6 02 10 00 60 00 10 00 da 02 10 00 01 00 00 00
y11: client 0: event type 22
y11: client 0: request 5281 opcode 12 len 20 bytes: 0c 00 05 00 d2 02 10 00 60 00 10 00 d6 02 10 00 01 00 00 00
y11: client 0: event type 22
y11: client 0: request 5282 opcode 12 len 20 bytes: 0c 00 05 00 ce 02 10 00 60 00 10 00 d2 02 10 00 01 00 00 00
y11: client 0: event type 22
y11: client 0: request 5283 opcode 12 len 20 bytes: 0c 00 05 00 ca 02 10 00 60 00 10 00 ce 02 10 00 01 00 00 00
y11: client 0: event type 22
y11: client 0: request 5284 opcode 12 len 20 bytes: 0c 00 05 00 c6 02 10 00 60 00 10 00 ca 02 10 00 01 00 00 00
y11: client 0: event type 22
y11: client 0: request 5285 opcode 12 len 20 bytes: 0c 00 05 00 c2 02 10 00 60 00 10 00 c6 02 10 00 01 00 00 00
y11: client 0: event type 22
y11: client 0: request 5286 opcode 12 len 20 bytes: 0c 00 05 00 be 02 10 00 60 00 10 00 c2 02 10 00 01 00 00 00
y11: client 0: event type 22
y11: client 0: request 5287 opcode 12 len 20 bytes: 0c 00 05 00 ba 02 10 00 60 00 10 00 be 02 10 00 01 00 00 00
y11: client 0: event type 22
y11: client 0: request 5288 opcode 12 len 20 bytes: 0c 00 05 00 b6 02 10 00 60 00 10 00 ba 02 10 00 01 00 00 00
y11: client 0: event type 22
y11: client 0: request 5289 opcode 12 len 20 bytes: 0c 00 05 00 b2 02 10 00 60 00 10 00 b6 02 10 00 01 00 00 00
y11: client 0: event type 22
y11: client 0: request 5290 opcode 12 len 20 bytes: 0c 00 05 00 ae 02 10 00 60 00 10 00 b2 02 10 00 01 00 00 00
y11: client 0: event type 22
y11: client 0: request 5291 opcode 12 len 20 bytes: 0c 00 05 00 aa 02 10 00 60 00 10 00 ae 02 10 00 01 00 00 00
y11: client 0: event type 22
y11: client 0: request 5292 opcode 12 len 20 bytes: 0c 00 05 00 a6 02 10 00 60 00 10 00 aa 02 10 00 01 00 00 00
y11: client 0: event type 22
y11: client 0: request 5293 opcode 12 len 20 bytes: 0c 00 05 00 a2 02 10 00 60 00 10 00 a6 02 10 00 01 00 00 00
y11: client 0: event type 22
y11: client 0: request 5294 opcode 12 len 20 bytes: 0c 00 05 00 9e 02 10 00 60 00 10 00 a2 02 10 00 01 00 00 00
y11: client 0: event type 22
y11: client 0: request 5295 opcode 12 len 20 bytes: 0c 00 05 00 9a 02 10 00 60 00 10 00 9e 02 10 00 01 00 00 00
y11: client 0: event type 22
y11: client 0: request 5296 opcode 12 len 20 bytes: 0c 00 05 00 96 02 10 00 60 00 10 00 9a 02 10 00 01 00 00 00
y11: client 0: event type 22
y11: client 0: request 5297 opcode 12 len 20 bytes: 0c 00 05 00 92 02 10 00 60 00 10 00 96 02 10 00 01 00 00 00
y11: client 0: event type 22
y11: client 0: request 5298 opcode 12 len 20 bytes: 0c 00 05 00 8e 02 10 00 60 00 10 00 92 02 10 00 01 00 00 00
y11: client 0: event type 22
y11: client 0: request 5299 opcode 12 len 20 bytes: 0c 00 05 00 8a 02 10 00 60 00 10 00 8e 02 10 00 01 00 00 00
y11: client 0: event type 22
y11: client 0: request 5300 opcode 12 len 20 bytes: 0c 00 05 00 86 02 10 00 60 00 10 00 8a 02 10 00 01 00 00 00
y11: client 0: event type 22
y11: client 0: request 5301 opcode 12 len 20 bytes: 0c 00 05 00 82 02 10 00 60 00 10 00 86 02 10 00 01 00 00 00
y11: client 0: event type 22
y11: client 0: request 5302 opcode 12 len 20 bytes: 0c 00 05 00 7e 02 10 00 60 00 10 00 82 02 10 00 01 00 00 00
y11: client 0: event type 22
y11: client 0: request 5303 opcode 12 len 20 bytes: 0c 00 05 00 79 02 10 00 60 00 10 00 7e 02 10 00 01 00 00 00
y11: client 0: event type 22
y11: client 0: request 5304 opcode 12 len 20 bytes: 0c 00 05 00 75 02 10 00 60 00 10 00 79 02 10 00 01 00 00 00
y11: client 0: event type 22
y11: client 0: request 5305 opcode 12 len 20 bytes: 0c 00 05 00 71 02 10 00 60 00 10 00 75 02 10 00 01 00 00 00
y11: client 0: event type 22
y11: client 0: request 5306 opcode 12 len 20 bytes: 0c 00 05 00 6d 02 10 00 60 00 10 00 71 02 10 00 01 00 00 00
y11: client 0: event type 22
y11: client 0: request 5307 opcode 12 len 20 bytes: 0c 00 05 00 69 02 10 00 60 00 10 00 6d 02 10 00 01 00 00 00
y11: client 0: event type 22
y11: client 0: request 5308 opcode 12 len 20 bytes: 0c 00 05 00 65 02 10 00 60 00 10 00 69 02 10 00 01 00 00 00
y11: client 0: event type 22
y11: client 0: request 5309 opcode 12 len 20 bytes: 0c 00 05 00 e3 01 10 00 60 00 10 00 65 02 10 00 01 00 00 00
y11: client 0: event type 22
y11: client 0: request 5310 opcode 12 len 20 bytes: 0c 00 05 00 e1 01 10 00 60 00 10 00 e3 01 10 00 01 00 00 00
y11: client 0: event type 22
y11: client 0: request 5311 opcode 12 len 20 bytes: 0c 00 05 00 de 01 10 00 60 00 10 00 e1 01 10 00 01 00 00 00
y11: client 0: event type 22
y11: client 0: request 5312 opcode 12 len 20 bytes: 0c 00 05 00 dc 01 10 00 60 00 10 00 de 01 10 00 01 00 00 00
y11: client 0: event type 22
y11: client 0: request 5313 opcode 12 len 20 bytes: 0c 00 05 00 da 01 10 00 60 00 10 00 dc 01 10 00 01 00 00 00
y11: client 0: event type 22
y11: client 0: request 5314 opcode 12 len 20 bytes: 0c 00 05 00 d8 01 10 00 60 00 10 00 da 01 10 00 01 00 00 00
y11: client 0: event type 22
y11: client 0: request 5315 opcode 12 len 20 bytes: 0c 00 05 00 d4 01 10 00 60 00 10 00 d8 01 10 00 01 00 00 00
y11: client 0: event type 22
y11: client 0: request 5316 opcode 1 len 48 bytes: 01 18 0c 00 0b 03 10 00 0a 03 10 00 00 00 00 00 02 00 19 00
y11: client 0: request 5317 opcode 1 len 48 bytes: 01 18 0c 00 0c 03 10 00 0a 03 10 00 e9 ff 00 00 19 00 19 00
y11: client 0: request 5318 opcode 12 len 20 bytes: 0c 00 05 00 0b 03 10 00 03 00 05 00 00 00 00 00 00 00 00 00
y11: client 0: request 5319 opcode 12 len 16 bytes: 0c 00 04 00 0b 03 10 00 40 00 0c 00 00 00 00 00
y11: client 0: request 5320 opcode 8 len 8 bytes: 08 00 02 00 0b 03 10 00
y11: client 0: request 5321 opcode 12 len 20 bytes: 0c 00 05 00 0a 03 10 00 0c 00 00 00 01 00 00 00 1a 00 00 00
y11: client 0: event type 22
y11: client 0: request 5322 opcode 12 len 16 bytes: 0c 00 04 00 0a 03 10 00 10 00 00 00 01 00 00 00
y11: client 0: event type 22
y11: client 0: request 5323 opcode 84 len 16 bytes: 54 00 04 00 22 00 00 00 00 00 00 00 00 00 19 00
y11: client 0: reply seq 5323 len 32
y11: client 0: request 5324 opcode 84 len 16 bytes: 54 00 04 00 22 00 00 00 00 00 00 00 00 00 02 00
y11: client 0: reply seq 5324 len 32
y11: client 0: request 5325 opcode 84 len 16 bytes: 54 00 04 00 22 00 00 00 00 ff 00 ff 00 ff 02 00
y11: client 0: reply seq 5325 len 32
y11: client 0: request 5326 opcode 2 len 16 bytes: 02 00 04 00 0a 03 10 00 08 00 00 00 00 00 00 00
y11: client 0: request 5327 opcode 10 len 8 bytes: 0a 00 02 00 0c 03 10 00
y11: client 0: request 5328 opcode 12 len 20 bytes: 0c 00 05 00 0b 03 10 00 03 00 00 00 00 00 00 00 00 00 00 00
y11: client 0: request 5329 opcode 1 len 48 bytes: 01 18 0c 00 0d 03 10 00 0a 03 10 00 00 00 19 00 01 00 0a 00
y11: client 0: request 5330 opcode 8 len 8 bytes: 08 00 02 00 0d 03 10 00
y11: client 0: request 5331 opcode 12 len 20 bytes: 0c 00 05 00 fc 02 10 00 03 00 00 00 5a 00 00 00 00 00 00 00
y11: client 0: request 5332 opcode 12 len 20 bytes: 0c 00 05 00 fb 02 10 00 03 00 10 00 00 00 00 00 00 00 00 00
y11: client 0: request 5333 opcode 12 len 16 bytes: 0c 00 04 00 fa 02 10 00 10 00 10 00 01 00 00 00
y11: client 0: event type 22
y11: client 0: request 5334 opcode 84 len 16 bytes: 54 00 04 00 22 00 00 00 00 00 00 00 00 00 00 00
y11: client 0: reply seq 5334 len 32
y11: client 0: request 5335 opcode 84 len 16 bytes: 54 00 04 00 22 00 00 00 00 00 00 00 00 00 00 00
y11: client 0: reply seq 5335 len 32
y11: client 0: request 5336 opcode 84 len 16 bytes: 54 00 04 00 22 00 00 00 00 ff 00 ff 00 ff 00 00
y11: client 0: reply seq 5336 len 32
y11: client 0: request 5337 opcode 2 len 16 bytes: 02 00 04 00 fa 02 10 00 08 00 00 00 00 00 00 00
y11: client 0: request 5338 opcode 12 len 28 bytes: 0c 00 07 00 fd 02 10 00 0f 00 10 00 00 00 00 00 19 00 00 00
y11: client 0: request 5339 opcode 12 len 20 bytes: 0c 00 05 00 fa 02 10 00 0c 00 00 00 72 00 00 00 46 00 00 00
y11: client 0: event type 22
y11: client 0: request 5340 opcode 2 len 16 bytes: 02 00 04 00 fd 02 10 00 02 00 00 00 aa aa aa 00
y11: client 0: request 5341 opcode 61 len 16 bytes: 3d 00 04 00 fd 02 10 00 00 00 00 00 00 00 00 00
y11: client 0: request 5342 opcode 12 len 20 bytes: 0c 00 05 00 f8 02 10 00 03 00 00 00 5a 00 00 00 00 00 00 00
y11: client 0: request 5343 opcode 12 len 20 bytes: 0c 00 05 00 f7 02 10 00 03 00 00 00 00 00 00 00 00 00 00 00
y11: client 0: request 5344 opcode 12 len 16 bytes: 0c 00 04 00 f6 02 10 00 10 00 00 00 01 00 00 00
y11: client 0: event type 22
y11: client 0: request 5345 opcode 84 len 16 bytes: 54 00 04 00 22 00 00 00 00 00 00 00 00 00 00 00
y11: client 0: reply seq 5345 len 32
y11: client 0: request 5346 opcode 84 len 16 bytes: 54 00 04 00 22 00 00 00 00 00 00 00 00 00 00 00
y11: client 0: reply seq 5346 len 32
y11: client 0: request 5347 opcode 84 len 16 bytes: 54 00 04 00 22 00 00 00 00 ff 00 ff 00 ff 00 00
y11: client 0: reply seq 5347 len 32
y11: client 0: request 5348 opcode 2 len 16 bytes: 02 00 04 00 f6 02 10 00 08 00 00 00 00 00 00 00
y11: client 0: request 5349 opcode 12 len 28 bytes: 0c 00 07 00 f9 02 10 00 0f 00 10 00 00 00 00 00 19 00 00 00
y11: client 0: request 5350 opcode 12 len 20 bytes: 0c 00 05 00 f6 02 10 00 0c 00 00 00 72 00 00 00 46 00 00 00
y11: client 0: event type 22
y11: client 0: request 5351 opcode 2 len 16 bytes: 02 00 04 00 f9 02 10 00 02 00 00 00 aa aa aa 00
y11: client 0: request 5352 opcode 61 len 16 bytes: 3d 00 04 00 f9 02 10 00 00 00 00 00 00 00 00 00
y11: client 0: request 5353 opcode 1 len 52 bytes: 01 18 0d 00 0e 03 10 00 21 00 00 00 08 00 02 00 01 00 01 00
y11: client 0: event type 16
y11: client 0: request 5354 opcode 61 len 16 bytes: 3d 00 04 00 0e 03 10 00 00 00 00 00 00 00 00 00
y11: client 0: request 5355 opcode 12 len 20 bytes: 0c 00 05 00 0a 03 10 00 60 00 10 00 0e 03 10 00 01 00 00 00
y11: client 0: event type 22
y11: client 0: request 5356 opcode 12 len 20 bytes: 0c 00 05 00 06 03 10 00 60 00 10 00 0a 03 10 00 01 00 00 00
y11: client 0: event type 22
y11: client 0: request 5357 opcode 12 len 20 bytes: 0c 00 05 00 02 03 10 00 60 00 10 00 06 03 10 00 01 00 00 00
y11: client 0: event type 22
y11: client 0: request 5358 opcode 12 len 20 bytes: 0c 00 05 00 fe 02 10 00 60 00 10 00 02 03 10 00 01 00 00 00
y11: client 0: event type 22
y11: client 0: request 5359 opcode 12 len 20 bytes: 0c 00 05 00 fa 02 10 00 60 00 10 00 fe 02 10 00 01 00 00 00
y11: client 0: event type 22
y11: client 0: request 5360 opcode 12 len 20 bytes: 0c 00 05 00 f6 02 10 00 60 00 10 00 fa 02 10 00 01 00 00 00
y11: client 0: event type 22
y11: client 0: request 5361 opcode 12 len 20 bytes: 0c 00 05 00 f2 02 10 00 60 00 10 00 f6 02 10 00 01 00 00 00
y11: client 0: event type 22
y11: client 0: request 5362 opcode 12 len 20 bytes: 0c 00 05 00 ee 02 10 00 60 00 10 00 f2 02 10 00 01 00 00 00
y11: client 0: event type 22
y11: client 0: request 5363 opcode 12 len 20 bytes: 0c 00 05 00 ea 02 10 00 60 00 10 00 ee 02 10 00 01 00 00 00
y11: client 0: event type 22
y11: client 0: request 5364 opcode 12 len 20 bytes: 0c 00 05 00 e6 02 10 00 60 00 10 00 ea 02 10 00 01 00 00 00
y11: client 0: event type 22
y11: client 0: request 5365 opcode 12 len 20 bytes: 0c 00 05 00 e2 02 10 00 60 00 10 00 e6 02 10 00 01 00 00 00
y11: client 0: event type 22
y11: client 0: request 5366 opcode 12 len 20 bytes: 0c 00 05 00 de 02 10 00 60 00 10 00 e2 02 10 00 01 00 00 00
y11: client 0: event type 22
y11: client 0: request 5367 opcode 12 len 20 bytes: 0c 00 05 00 da 02 10 00 60 00 10 00 de 02 10 00 01 00 00 00
y11: client 0: event type 22
y11: client 0: request 5368 opcode 12 len 20 bytes: 0c 00 05 00 d6 02 10 00 60 00 10 00 da 02 10 00 01 00 00 00
y11: client 0: event type 22
y11: client 0: request 5369 opcode 12 len 20 bytes: 0c 00 05 00 d2 02 10 00 60 00 10 00 d6 02 10 00 01 00 00 00
y11: client 0: event type 22
y11: client 0: request 5370 opcode 12 len 20 bytes: 0c 00 05 00 ce 02 10 00 60 00 10 00 d2 02 10 00 01 00 00 00
y11: client 0: event type 22
y11: client 0: request 5371 opcode 12 len 20 bytes: 0c 00 05 00 ca 02 10 00 60 00 10 00 ce 02 10 00 01 00 00 00
y11: client 0: event type 22
y11: client 0: request 5372 opcode 12 len 20 bytes: 0c 00 05 00 c6 02 10 00 60 00 10 00 ca 02 10 00 01 00 00 00
y11: client 0: event type 22
y11: client 0: request 5373 opcode 12 len 20 bytes: 0c 00 05 00 c2 02 10 00 60 00 10 00 c6 02 10 00 01 00 00 00
y11: client 0: event type 22
y11: client 0: request 5374 opcode 12 len 20 bytes: 0c 00 05 00 be 02 10 00 60 00 10 00 c2 02 10 00 01 00 00 00
y11: client 0: event type 22
y11: client 0: request 5375 opcode 12 len 20 bytes: 0c 00 05 00 ba 02 10 00 60 00 10 00 be 02 10 00 01 00 00 00
y11: client 0: event type 22
y11: client 0: request 5376 opcode 12 len 20 bytes: 0c 00 05 00 b6 02 10 00 60 00 10 00 ba 02 10 00 01 00 00 00
y11: client 0: event type 22
y11: client 0: request 5377 opcode 12 len 20 bytes: 0c 00 05 00 b2 02 10 00 60 00 10 00 b6 02 10 00 01 00 00 00
y11: client 0: event type 22
y11: client 0: request 5378 opcode 12 len 20 bytes: 0c 00 05 00 ae 02 10 00 60 00 10 00 b2 02 10 00 01 00 00 00
y11: client 0: event type 22
y11: client 0: request 5379 opcode 12 len 20 bytes: 0c 00 05 00 aa 02 10 00 60 00 10 00 ae 02 10 00 01 00 00 00
y11: client 0: event type 22
y11: client 0: request 5380 opcode 12 len 20 bytes: 0c 00 05 00 a6 02 10 00 60 00 10 00 aa 02 10 00 01 00 00 00
y11: client 0: event type 22
y11: client 0: request 5381 opcode 12 len 20 bytes: 0c 00 05 00 a2 02 10 00 60 00 10 00 a6 02 10 00 01 00 00 00
y11: client 0: event type 22
y11: client 0: request 5382 opcode 12 len 20 bytes: 0c 00 05 00 9e 02 10 00 60 00 10 00 a2 02 10 00 01 00 00 00
y11: client 0: event type 22
y11: client 0: request 5383 opcode 12 len 20 bytes: 0c 00 05 00 9a 02 10 00 60 00 10 00 9e 02 10 00 01 00 00 00
y11: client 0: event type 22
y11: client 0: request 5384 opcode 12 len 20 bytes: 0c 00 05 00 96 02 10 00 60 00 10 00 9a 02 10 00 01 00 00 00
y11: client 0: event type 22
y11: client 0: request 5385 opcode 12 len 20 bytes: 0c 00 05 00 92 02 10 00 60 00 10 00 96 02 10 00 01 00 00 00
y11: client 0: event type 22
y11: client 0: request 5386 opcode 12 len 20 bytes: 0c 00 05 00 8e 02 10 00 60 00 10 00 92 02 10 00 01 00 00 00
y11: client 0: event type 22
y11: client 0: request 5387 opcode 12 len 20 bytes: 0c 00 05 00 8a 02 10 00 60 00 10 00 8e 02 10 00 01 00 00 00
y11: client 0: event type 22
y11: client 0: request 5388 opcode 12 len 20 bytes: 0c 00 05 00 86 02 10 00 60 00 10 00 8a 02 10 00 01 00 00 00
y11: client 0: event type 22
y11: client 0: request 5389 opcode 12 len 20 bytes: 0c 00 05 00 82 02 10 00 60 00 10 00 86 02 10 00 01 00 00 00
y11: client 0: event type 22
y11: client 0: request 5390 opcode 12 len 20 bytes: 0c 00 05 00 7e 02 10 00 60 00 10 00 82 02 10 00 01 00 00 00
y11: client 0: event type 22
y11: client 0: request 5391 opcode 12 len 20 bytes: 0c 00 05 00 79 02 10 00 60 00 10 00 7e 02 10 00 01 00 00 00
y11: client 0: event type 22
y11: client 0: request 5392 opcode 12 len 20 bytes: 0c 00 05 00 75 02 10 00 60 00 10 00 79 02 10 00 01 00 00 00
y11: client 0: event type 22
y11: client 0: request 5393 opcode 12 len 20 bytes: 0c 00 05 00 71 02 10 00 60 00 10 00 75 02 10 00 01 00 00 00
y11: client 0: event type 22
y11: client 0: request 5394 opcode 12 len 20 bytes: 0c 00 05 00 6d 02 10 00 60 00 10 00 71 02 10 00 01 00 00 00
y11: client 0: event type 22
y11: client 0: request 5395 opcode 12 len 20 bytes: 0c 00 05 00 69 02 10 00 60 00 10 00 6d 02 10 00 01 00 00 00
y11: client 0: event type 22
y11: client 0: request 5396 opcode 12 len 20 bytes: 0c 00 05 00 65 02 10 00 60 00 10 00 69 02 10 00 01 00 00 00
y11: client 0: event type 22
y11: client 0: request 5397 opcode 12 len 20 bytes: 0c 00 05 00 e3 01 10 00 60 00 10 00 65 02 10 00 01 00 00 00
y11: client 0: event type 22
y11: client 0: request 5398 opcode 12 len 20 bytes: 0c 00 05 00 e1 01 10 00 60 00 10 00 e3 01 10 00 01 00 00 00
y11: client 0: event type 22
y11: client 0: request 5399 opcode 12 len 20 bytes: 0c 00 05 00 de 01 10 00 60 00 00 00 e1 01 10 00 01 00 00 00
y11: client 0: event type 22
y11: client 0: request 5400 opcode 12 len 20 bytes: 0c 00 05 00 dc 01 10 00 60 00 00 00 de 01 10 00 01 00 00 00
y11: client 0: event type 22
y11: client 0: request 5401 opcode 12 len 20 bytes: 0c 00 05 00 da 01 10 00 60 00 19 00 dc 01 10 00 01 00 00 00
y11: client 0: event type 22
y11: client 0: request 5402 opcode 12 len 20 bytes: 0c 00 05 00 d8 01 10 00 60 00 00 00 da 01 10 00 01 00 00 00
y11: client 0: event type 22
y11: client 0: request 5403 opcode 12 len 20 bytes: 0c 00 05 00 d4 01 10 00 60 00 05 00 d8 01 10 00 01 00 00 00
y11: client 0: event type 22
y11: client 0: request 5404 opcode 1 len 48 bytes: 01 18 0c 00 0f 03 10 00 0e 03 10 00 00 00 00 00 02 00 19 00
y11: client 0: request 5405 opcode 1 len 48 bytes: 01 18 0c 00 10 03 10 00 0e 03 10 00 e9 ff 00 00 19 00 19 00
y11: client 0: request 5406 opcode 12 len 20 bytes: 0c 00 05 00 0f 03 10 00 03 00 05 00 00 00 00 00 00 00 00 00
y11: client 0: request 5407 opcode 12 len 16 bytes: 0c 00 04 00 0f 03 10 00 40 00 04 00 00 00 00 00
y11: client 0: request 5408 opcode 8 len 8 bytes: 08 00 02 00 0f 03 10 00
y11: client 0: request 5409 opcode 12 len 20 bytes: 0c 00 05 00 0e 03 10 00 0c 00 05 00 01 00 00 00 1a 00 00 00
y11: client 0: event type 22
y11: client 0: request 5410 opcode 12 len 16 bytes: 0c 00 04 00 0e 03 10 00 10 00 04 00 01 00 00 00
y11: client 0: event type 22
y11: client 0: request 5411 opcode 84 len 16 bytes: 54 00 04 00 22 00 00 00 00 00 00 00 00 00 00 00
y11: client 0: reply seq 5411 len 32
y11: client 0: request 5412 opcode 84 len 16 bytes: 54 00 04 00 22 00 00 00 00 00 00 00 00 00 00 00
y11: client 0: reply seq 5412 len 32
y11: client 0: request 5413 opcode 84 len 16 bytes: 54 00 04 00 22 00 00 00 00 ff 00 ff 00 ff 00 00
y11: client 0: reply seq 5413 len 32
y11: client 0: request 5414 opcode 2 len 16 bytes: 02 00 04 00 0e 03 10 00 08 00 00 00 00 00 00 00
y11: client 0: request 5415 opcode 10 len 8 bytes: 0a 00 02 00 10 03 10 00
y11: client 0: request 5416 opcode 12 len 20 bytes: 0c 00 05 00 0f 03 10 00 03 00 00 00 00 00 00 00 00 00 00 00
y11: client 0: request 5417 opcode 1 len 48 bytes: 01 18 0c 00 11 03 10 00 0e 03 10 00 00 00 19 00 01 00 0a 00
y11: client 0: request 5418 opcode 8 len 8 bytes: 08 00 02 00 11 03 10 00
y11: client 0: request 5419 opcode 1 len 52 bytes: 01 18 0d 00 12 03 10 00 21 00 00 00 08 00 02 00 01 00 01 00
y11: client 0: event type 16
y11: client 0: request 5420 opcode 61 len 16 bytes: 3d 00 04 00 12 03 10 00 00 00 00 00 00 00 00 00
y11: client 0: request 5421 opcode 12 len 20 bytes: 0c 00 05 00 0e 03 10 00 60 00 e2 97 12 03 10 00 01 00 00 00
y11: client 0: event type 22
y11: client 0: request 5422 opcode 12 len 20 bytes: 0c 00 05 00 0a 03 10 00 60 00 10 00 0e 03 10 00 01 00 00 00
y11: client 0: event type 22
y11: client 0: request 5423 opcode 12 len 20 bytes: 0c 00 05 00 06 03 10 00 60 00 00 00 0a 03 10 00 01 00 00 00
y11: client 0: event type 22
y11: client 0: request 5424 opcode 12 len 20 bytes: 0c 00 05 00 02 03 10 00 60 00 10 00 06 03 10 00 01 00 00 00
y11: client 0: event type 22
y11: client 0: request 5425 opcode 12 len 20 bytes: 0c 00 05 00 fe 02 10 00 60 00 00 00 02 03 10 00 01 00 00 00
y11: client 0: event type 22
y11: client 0: request 5426 opcode 12 len 20 bytes: 0c 00 05 00 fa 02 10 00 60 00 10 00 fe 02 10 00 01 00 00 00
y11: client 0: event type 22
y11: client 0: request 5427 opcode 12 len 20 bytes: 0c 00 05 00 f6 02 10 00 60 00 10 00 fa 02 10 00 01 00 00 00
y11: client 0: event type 22
y11: client 0: request 5428 opcode 12 len 20 bytes: 0c 00 05 00 f2 02 10 00 60 00 10 00 f6 02 10 00 01 00 00 00
y11: client 0: event type 22
y11: client 0: request 5429 opcode 12 len 20 bytes: 0c 00 05 00 ee 02 10 00 60 00 10 00 f2 02 10 00 01 00 00 00
y11: client 0: event type 22
y11: client 0: request 5430 opcode 12 len 20 bytes: 0c 00 05 00 ea 02 10 00 60 00 10 00 ee 02 10 00 01 00 00 00
y11: client 0: event type 22
y11: client 0: request 5431 opcode 12 len 20 bytes: 0c 00 05 00 e6 02 10 00 60 00 10 00 ea 02 10 00 01 00 00 00
y11: client 0: event type 22
y11: client 0: request 5432 opcode 12 len 20 bytes: 0c 00 05 00 e2 02 10 00 60 00 10 00 e6 02 10 00 01 00 00 00
y11: client 0: event type 22
y11: client 0: request 5433 opcode 12 len 20 bytes: 0c 00 05 00 de 02 10 00 60 00 10 00 e2 02 10 00 01 00 00 00
y11: client 0: event type 22
y11: client 0: request 5434 opcode 12 len 20 bytes: 0c 00 05 00 da 02 10 00 60 00 10 00 de 02 10 00 01 00 00 00
y11: client 0: event type 22
y11: client 0: request 5435 opcode 12 len 20 bytes: 0c 00 05 00 d6 02 10 00 60 00 10 00 da 02 10 00 01 00 00 00
y11: client 0: event type 22
y11: client 0: request 5436 opcode 12 len 20 bytes: 0c 00 05 00 d2 02 10 00 60 00 10 00 d6 02 10 00 01 00 00 00
y11: client 0: event type 22
y11: client 0: request 5437 opcode 12 len 20 bytes: 0c 00 05 00 ce 02 10 00 60 00 10 00 d2 02 10 00 01 00 00 00
y11: client 0: event type 22
y11: client 0: request 5438 opcode 12 len 20 bytes: 0c 00 05 00 ca 02 10 00 60 00 10 00 ce 02 10 00 01 00 00 00
y11: client 0: event type 22
y11: client 0: request 5439 opcode 12 len 20 bytes: 0c 00 05 00 c6 02 10 00 60 00 10 00 ca 02 10 00 01 00 00 00
y11: client 0: event type 22
y11: client 0: request 5440 opcode 12 len 20 bytes: 0c 00 05 00 c2 02 10 00 60 00 10 00 c6 02 10 00 01 00 00 00
y11: client 0: event type 22
y11: client 0: request 5441 opcode 12 len 20 bytes: 0c 00 05 00 be 02 10 00 60 00 10 00 c2 02 10 00 01 00 00 00
y11: client 0: event type 22
y11: client 0: request 5442 opcode 12 len 20 bytes: 0c 00 05 00 ba 02 10 00 60 00 10 00 be 02 10 00 01 00 00 00
y11: client 0: event type 22
y11: client 0: request 5443 opcode 12 len 20 bytes: 0c 00 05 00 b6 02 10 00 60 00 10 00 ba 02 10 00 01 00 00 00
y11: client 0: event type 22
y11: client 0: request 5444 opcode 12 len 20 bytes: 0c 00 05 00 b2 02 10 00 60 00 10 00 b6 02 10 00 01 00 00 00
y11: client 0: event type 22
y11: client 0: request 5445 opcode 12 len 20 bytes: 0c 00 05 00 ae 02 10 00 60 00 10 00 b2 02 10 00 01 00 00 00
y11: client 0: event type 22
y11: client 0: request 5446 opcode 12 len 20 bytes: 0c 00 05 00 aa 02 10 00 60 00 10 00 ae 02 10 00 01 00 00 00
y11: client 0: event type 22
y11: client 0: request 5447 opcode 12 len 20 bytes: 0c 00 05 00 a6 02 10 00 60 00 10 00 aa 02 10 00 01 00 00 00
y11: client 0: event type 22
y11: client 0: request 5448 opcode 12 len 20 bytes: 0c 00 05 00 a2 02 10 00 60 00 10 00 a6 02 10 00 01 00 00 00
y11: client 0: event type 22
y11: client 0: request 5449 opcode 12 len 20 bytes: 0c 00 05 00 9e 02 10 00 60 00 10 00 a2 02 10 00 01 00 00 00
y11: client 0: event type 22
y11: client 0: request 5450 opcode 12 len 20 bytes: 0c 00 05 00 9a 02 10 00 60 00 10 00 9e 02 10 00 01 00 00 00
y11: client 0: event type 22
y11: client 0: request 5451 opcode 12 len 20 bytes: 0c 00 05 00 96 02 10 00 60 00 10 00 9a 02 10 00 01 00 00 00
y11: client 0: event type 22
y11: client 0: request 5452 opcode 12 len 20 bytes: 0c 00 05 00 92 02 10 00 60 00 10 00 96 02 10 00 01 00 00 00
y11: client 0: event type 22
y11: client 0: request 5453 opcode 12 len 20 bytes: 0c 00 05 00 8e 02 10 00 60 00 10 00 92 02 10 00 01 00 00 00
y11: client 0: event type 22
y11: client 0: request 5454 opcode 12 len 20 bytes: 0c 00 05 00 8a 02 10 00 60 00 10 00 8e 02 10 00 01 00 00 00
y11: client 0: event type 22
y11: client 0: request 5455 opcode 12 len 20 bytes: 0c 00 05 00 86 02 10 00 60 00 10 00 8a 02 10 00 01 00 00 00
y11: client 0: event type 22
y11: client 0: request 5456 opcode 12 len 20 bytes: 0c 00 05 00 82 02 10 00 60 00 10 00 86 02 10 00 01 00 00 00
y11: client 0: event type 22
y11: client 0: request 5457 opcode 12 len 20 bytes: 0c 00 05 00 7e 02 10 00 60 00 10 00 82 02 10 00 01 00 00 00
y11: client 0: event type 22
y11: client 0: request 5458 opcode 12 len 20 bytes: 0c 00 05 00 79 02 10 00 60 00 10 00 7e 02 10 00 01 00 00 00
y11: client 0: event type 22
y11: client 0: request 5459 opcode 12 len 20 bytes: 0c 00 05 00 75 02 10 00 60 00 10 00 79 02 10 00 01 00 00 00
y11: client 0: event type 22
y11: client 0: request 5460 opcode 12 len 20 bytes: 0c 00 05 00 71 02 10 00 60 00 10 00 75 02 10 00 01 00 00 00
y11: client 0: event type 22
y11: client 0: request 5461 opcode 12 len 20 bytes: 0c 00 05 00 6d 02 10 00 60 00 10 00 71 02 10 00 01 00 00 00
y11: client 0: event type 22
y11: client 0: request 5462 opcode 12 len 20 bytes: 0c 00 05 00 69 02 10 00 60 00 10 00 6d 02 10 00 01 00 00 00
y11: client 0: event type 22
y11: client 0: request 5463 opcode 12 len 20 bytes: 0c 00 05 00 65 02 10 00 60 00 10 00 69 02 10 00 01 00 00 00
y11: client 0: event type 22
y11: client 0: request 5464 opcode 12 len 20 bytes: 0c 00 05 00 e3 01 10 00 60 00 10 00 65 02 10 00 01 00 00 00
y11: client 0: event type 22
y11: client 0: request 5465 opcode 12 len 20 bytes: 0c 00 05 00 e1 01 10 00 60 00 10 00 e3 01 10 00 01 00 00 00
y11: client 0: event type 22
y11: client 0: request 5466 opcode 12 len 20 bytes: 0c 00 05 00 de 01 10 00 60 00 10 00 e1 01 10 00 01 00 00 00
y11: client 0: event type 22
y11: client 0: request 5467 opcode 12 len 20 bytes: 0c 00 05 00 dc 01 10 00 60 00 10 00 de 01 10 00 01 00 00 00
y11: client 0: event type 22
y11: client 0: request 5468 opcode 12 len 20 bytes: 0c 00 05 00 da 01 10 00 60 00 10 00 dc 01 10 00 01 00 00 00
y11: client 0: event type 22
y11: client 0: request 5469 opcode 12 len 20 bytes: 0c 00 05 00 d8 01 10 00 60 00 10 00 da 01 10 00 01 00 00 00
y11: client 0: event type 22
y11: client 0: request 5470 opcode 12 len 20 bytes: 0c 00 05 00 d4 01 10 00 60 00 10 00 d8 01 10 00 01 00 00 00
y11: client 0: event type 22
y11: client 0: request 5471 opcode 1 len 48 bytes: 01 18 0c 00 13 03 10 00 12 03 10 00 00 00 00 00 02 00 19 00
y11: client 0: request 5472 opcode 1 len 48 bytes: 01 18 0c 00 14 03 10 00 12 03 10 00 e9 ff 00 00 19 00 19 00
y11: client 0: request 5473 opcode 12 len 20 bytes: 0c 00 05 00 13 03 10 00 03 00 00 00 00 00 00 00 00 00 00 00
y11: client 0: request 5474 opcode 12 len 16 bytes: 0c 00 04 00 13 03 10 00 40 00 0c 00 00 00 00 00
y11: client 0: request 5475 opcode 8 len 8 bytes: 08 00 02 00 13 03 10 00
y11: client 0: request 5476 opcode 12 len 20 bytes: 0c 00 05 00 12 03 10 00 0c 00 00 00 01 00 00 00 1a 00 00 00
y11: client 0: event type 22
y11: client 0: request 5477 opcode 12 len 16 bytes: 0c 00 04 00 12 03 10 00 10 00 00 00 01 00 00 00
y11: client 0: event type 22
y11: client 0: request 5478 opcode 84 len 16 bytes: 54 00 04 00 22 00 00 00 00 00 00 00 00 00 00 00
y11: client 0: reply seq 5478 len 32
y11: client 0: request 5479 opcode 84 len 16 bytes: 54 00 04 00 22 00 00 00 00 00 00 00 00 00 02 00
y11: client 0: reply seq 5479 len 32
y11: client 0: request 5480 opcode 84 len 16 bytes: 54 00 04 00 22 00 00 00 00 ff 00 ff 00 ff 02 00
y11: client 0: reply seq 5480 len 32
y11: client 0: request 5481 opcode 2 len 16 bytes: 02 00 04 00 12 03 10 00 08 00 00 00 00 00 00 00
y11: client 0: request 5482 opcode 10 len 8 bytes: 0a 00 02 00 14 03 10 00
y11: client 0: request 5483 opcode 12 len 20 bytes: 0c 00 05 00 13 03 10 00 03 00 00 00 00 00 00 00 00 00 00 00
y11: client 0: request 5484 opcode 1 len 48 bytes: 01 18 0c 00 15 03 10 00 12 03 10 00 00 00 19 00 01 00 0a 00
y11: client 0: request 5485 opcode 8 len 8 bytes: 08 00 02 00 15 03 10 00
y11: client 0: request 5486 opcode 12 len 20 bytes: 0c 00 05 00 fc 02 10 00 03 00 00 00 5a 00 00 00 00 00 00 00
y11: client 0: request 5487 opcode 12 len 20 bytes: 0c 00 05 00 fb 02 10 00 03 00 10 00 00 00 00 00 00 00 00 00
y11: client 0: request 5488 opcode 12 len 16 bytes: 0c 00 04 00 fa 02 10 00 10 00 10 00 01 00 00 00
y11: client 0: event type 22
y11: client 0: request 5489 opcode 84 len 16 bytes: 54 00 04 00 22 00 00 00 00 00 00 00 00 00 00 00
y11: client 0: reply seq 5489 len 32
y11: client 0: request 5490 opcode 84 len 16 bytes: 54 00 04 00 22 00 00 00 00 00 00 00 00 00 00 00
y11: client 0: reply seq 5490 len 32
y11: client 0: request 5491 opcode 84 len 16 bytes: 54 00 04 00 22 00 00 00 00 ff 00 ff 00 ff 00 00
y11: client 0: reply seq 5491 len 32
y11: client 0: request 5492 opcode 2 len 16 bytes: 02 00 04 00 fa 02 10 00 08 00 00 00 00 00 00 00
y11: client 0: request 5493 opcode 12 len 28 bytes: 0c 00 07 00 fd 02 10 00 0f 00 10 00 00 00 00 00 19 00 00 00
y11: client 0: request 5494 opcode 12 len 20 bytes: 0c 00 05 00 fa 02 10 00 0c 00 00 00 72 00 00 00 5d 00 00 00
y11: client 0: event type 22
y11: client 0: request 5495 opcode 2 len 16 bytes: 02 00 04 00 fd 02 10 00 02 00 00 00 aa aa aa 00
y11: client 0: request 5496 opcode 61 len 16 bytes: 3d 00 04 00 fd 02 10 00 00 00 00 00 00 00 00 00
y11: client 0: request 5497 opcode 12 len 20 bytes: 0c 00 05 00 f8 02 10 00 03 00 00 00 5a 00 00 00 00 00 00 00
y11: client 0: request 5498 opcode 12 len 20 bytes: 0c 00 05 00 f7 02 10 00 03 00 00 00 00 00 00 00 00 00 00 00
y11: client 0: request 5499 opcode 12 len 16 bytes: 0c 00 04 00 f6 02 10 00 10 00 00 00 01 00 00 00
y11: client 0: event type 22
y11: client 0: request 5500 opcode 84 len 16 bytes: 54 00 04 00 22 00 00 00 00 00 00 00 00 00 00 00
y11: client 0: reply seq 5500 len 32
y11: client 0: request 5501 opcode 84 len 16 bytes: 54 00 04 00 22 00 00 00 00 00 00 00 00 00 00 00
y11: client 0: reply seq 5501 len 32
y11: client 0: request 5502 opcode 84 len 16 bytes: 54 00 04 00 22 00 00 00 00 ff 00 ff 00 ff 00 00
y11: client 0: reply seq 5502 len 32
y11: client 0: request 5503 opcode 2 len 16 bytes: 02 00 04 00 f6 02 10 00 08 00 00 00 00 00 00 00
y11: client 0: request 5504 opcode 12 len 28 bytes: 0c 00 07 00 f9 02 10 00 0f 00 10 00 00 00 00 00 19 00 00 00
y11: client 0: request 5505 opcode 12 len 20 bytes: 0c 00 05 00 f6 02 10 00 0c 00 00 00 72 00 00 00 5d 00 00 00
y11: client 0: event type 22
y11: client 0: request 5506 opcode 2 len 16 bytes: 02 00 04 00 f9 02 10 00 02 00 00 00 aa aa aa 00
y11: client 0: request 5507 opcode 61 len 16 bytes: 3d 00 04 00 f9 02 10 00 00 00 00 00 00 00 00 00
y11: client 0: request 5508 opcode 12 len 20 bytes: 0c 00 05 00 dc 02 10 00 03 00 00 00 58 00 00 00 00 00 00 00
y11: client 0: request 5509 opcode 12 len 20 bytes: 0c 00 05 00 db 02 10 00 03 00 00 00 00 00 00 00 00 00 00 00
y11: client 0: request 5510 opcode 12 len 16 bytes: 0c 00 04 00 da 02 10 00 10 00 00 00 01 00 00 00
y11: client 0: event type 22
y11: client 0: request 5511 opcode 84 len 16 bytes: 54 00 04 00 22 00 00 00 00 00 00 00 00 00 00 00
y11: client 0: reply seq 5511 len 32
y11: client 0: request 5512 opcode 84 len 16 bytes: 54 00 04 00 22 00 00 00 00 00 00 00 00 00 00 00
y11: client 0: reply seq 5512 len 32
y11: client 0: request 5513 opcode 84 len 16 bytes: 54 00 04 00 22 00 00 00 00 ff 00 ff 00 ff 00 00
y11: client 0: reply seq 5513 len 32
y11: client 0: request 5514 opcode 2 len 16 bytes: 02 00 04 00 da 02 10 00 08 00 00 00 00 00 00 00
y11: client 0: request 5515 opcode 139 len 100 bytes: 8b 14 19 00 e0 01 10 00 01 00 00 00 25 00 00 00 07 00 09 00
y11: client 0: request 5516 opcode 12 len 28 bytes: 0c 00 07 00 dd 02 10 00 0f 00 00 00 00 00 00 00 19 00 00 00
y11: client 0: request 5517 opcode 12 len 20 bytes: 0c 00 05 00 da 02 10 00 0c 00 04 00 70 00 00 00 74 00 00 00
y11: client 0: event type 22
y11: client 0: request 5518 opcode 2 len 16 bytes: 02 00 04 00 dd 02 10 00 02 00 00 00 aa aa aa 00
y11: client 0: request 5519 opcode 61 len 16 bytes: 3d 00 04 00 dd 02 10 00 00 00 00 00 00 00 00 00
y11: client 0: request 5520 opcode 12 len 20 bytes: 0c 00 05 00 d8 02 10 00 03 00 00 00 58 00 00 00 00 00 00 00
y11: client 0: request 5521 opcode 12 len 20 bytes: 0c 00 05 00 d7 02 10 00 03 00 00 00 00 00 00 00 00 00 00 00
y11: client 0: request 5522 opcode 12 len 16 bytes: 0c 00 04 00 d6 02 10 00 10 00 00 00 01 00 00 00
y11: client 0: event type 22
y11: client 0: request 5523 opcode 84 len 16 bytes: 54 00 04 00 22 00 00 00 00 00 00 00 00 00 00 00
y11: client 0: reply seq 5523 len 32
y11: client 0: request 5524 opcode 84 len 16 bytes: 54 00 04 00 22 00 00 00 00 00 00 00 00 00 00 00
y11: client 0: reply seq 5524 len 32
y11: client 0: request 5525 opcode 84 len 16 bytes: 54 00 04 00 22 00 00 00 00 ff 00 ff 00 ff 00 00
y11: client 0: reply seq 5525 len 32
y11: client 0: request 5526 opcode 2 len 16 bytes: 02 00 04 00 d6 02 10 00 08 00 00 00 00 00 00 00
y11: client 0: request 5527 opcode 12 len 28 bytes: 0c 00 07 00 d9 02 10 00 0f 00 00 00 00 00 00 00 19 00 00 00
y11: client 0: request 5528 opcode 12 len 20 bytes: 0c 00 05 00 d6 02 10 00 0c 00 00 16 70 00 00 00 74 00 00 00
y11: client 0: event type 22
y11: client 0: request 5529 opcode 2 len 16 bytes: 02 00 04 00 d9 02 10 00 02 00 00 00 aa aa aa 00
y11: client 0: request 5530 opcode 61 len 16 bytes: 3d 00 04 00 d9 02 10 00 00 00 00 00 00 00 00 00
y11: client 0: request 5531 opcode 12 len 20 bytes: 0c 00 05 00 6b 02 10 00 03 00 07 00 6a 00 00 00 00 00 00 00
y11: client 0: request 5532 opcode 12 len 20 bytes: 0c 00 05 00 6a 02 10 00 03 00 00 00 00 00 00 00 00 00 00 00
y11: client 0: request 5533 opcode 12 len 16 bytes: 0c 00 04 00 69 02 10 00 10 00 05 00 01 00 00 00
y11: client 0: event type 22
y11: client 0: request 5534 opcode 84 len 16 bytes: 54 00 04 00 22 00 00 00 00 00 00 00 00 00 04 00
y11: client 0: reply seq 5534 len 32
y11: client 0: request 5535 opcode 84 len 16 bytes: 54 00 04 00 22 00 00 00 00 00 00 00 00 00 00 00
y11: client 0: reply seq 5535 len 32
y11: client 0: request 5536 opcode 84 len 16 bytes: 54 00 04 00 22 00 00 00 00 ff 00 ff 00 ff 00 00
y11: client 0: reply seq 5536 len 32
y11: client 0: request 5537 opcode 2 len 16 bytes: 02 00 04 00 69 02 10 00 08 00 00 00 00 00 00 00
y11: client 0: request 5538 opcode 12 len 28 bytes: 0c 00 07 00 6c 02 10 00 0f 00 00 00 00 00 00 00 19 00 00 00
y11: client 0: request 5539 opcode 12 len 20 bytes: 0c 00 05 00 69 02 10 00 0c 00 00 16 82 00 00 00 5d 00 00 00
y11: client 0: event type 22
y11: client 0: request 5540 opcode 2 len 16 bytes: 02 00 04 00 6c 02 10 00 02 00 00 00 aa aa aa 00
y11: client 0: request 5541 opcode 61 len 16 bytes: 3d 00 04 00 6c 02 10 00 00 00 00 00 00 00 00 00
y11: client 0: request 5542 opcode 12 len 20 bytes: 0c 00 05 00 67 02 10 00 03 00 07 00 6a 00 00 00 00 00 00 00
y11: client 0: request 5543 opcode 12 len 20 bytes: 0c 00 05 00 66 02 10 00 03 00 00 00 00 00 00 00 00 00 00 00
y11: client 0: request 5544 opcode 12 len 16 bytes: 0c 00 04 00 65 02 10 00 10 00 05 00 01 00 00 00
y11: client 0: event type 22
y11: client 0: request 5545 opcode 84 len 16 bytes: 54 00 04 00 22 00 00 00 00 00 00 00 00 00 04 00
y11: client 0: reply seq 5545 len 32
y11: client 0: request 5546 opcode 84 len 16 bytes: 54 00 04 00 22 00 00 00 00 00 00 00 00 00 00 00
y11: client 0: reply seq 5546 len 32
y11: client 0: request 5547 opcode 84 len 16 bytes: 54 00 04 00 22 00 00 00 00 ff 00 ff 00 ff 00 00
y11: client 0: reply seq 5547 len 32
y11: client 0: request 5548 opcode 2 len 16 bytes: 02 00 04 00 65 02 10 00 08 00 00 00 00 00 00 00
y11: client 0: request 5549 opcode 12 len 28 bytes: 0c 00 07 00 68 02 10 00 0f 00 00 00 00 00 00 00 19 00 00 00
y11: client 0: request 5550 opcode 12 len 20 bytes: 0c 00 05 00 65 02 10 00 0c 00 00 16 82 00 00 00 5d 00 00 00
y11: client 0: event type 22
y11: client 0: request 5551 opcode 2 len 16 bytes: 02 00 04 00 68 02 10 00 02 00 00 00 aa aa aa 00
y11: client 0: request 5552 opcode 61 len 16 bytes: 3d 00 04 00 68 02 10 00 00 00 00 00 00 00 00 00
y11: client 0: request 5553 opcode 1 len 52 bytes: 01 18 0d 00 16 03 10 00 21 00 00 00 08 00 02 00 01 00 01 00
y11: client 0: event type 16
y11: client 0: request 5554 opcode 61 len 16 bytes: 3d 00 04 00 16 03 10 00 00 00 00 00 00 00 00 00
y11: client 0: request 5555 opcode 12 len 20 bytes: 0c 00 05 00 12 03 10 00 60 00 00 00 16 03 10 00 01 00 00 00
y11: client 0: event type 22
y11: client 0: request 5556 opcode 12 len 20 bytes: 0c 00 05 00 0e 03 10 00 60 00 00 00 12 03 10 00 01 00 00 00
y11: client 0: event type 22
y11: client 0: request 5557 opcode 12 len 20 bytes: 0c 00 05 00 0a 03 10 00 60 00 00 00 0e 03 10 00 01 00 00 00
y11: client 0: event type 22
y11: client 0: request 5558 opcode 12 len 20 bytes: 0c 00 05 00 06 03 10 00 60 00 00 00 0a 03 10 00 01 00 00 00
y11: client 0: event type 22
y11: client 0: request 5559 opcode 12 len 20 bytes: 0c 00 05 00 02 03 10 00 60 00 04 00 06 03 10 00 01 00 00 00
y11: client 0: event type 22
y11: client 0: request 5560 opcode 12 len 20 bytes: 0c 00 05 00 fe 02 10 00 60 00 10 00 02 03 10 00 01 00 00 00
y11: client 0: event type 22
y11: client 0: request 5561 opcode 12 len 20 bytes: 0c 00 05 00 fa 02 10 00 60 00 10 00 fe 02 10 00 01 00 00 00
y11: client 0: event type 22
y11: client 0: request 5562 opcode 12 len 20 bytes: 0c 00 05 00 f6 02 10 00 60 00 10 00 fa 02 10 00 01 00 00 00
y11: client 0: event type 22
y11: client 0: request 5563 opcode 12 len 20 bytes: 0c 00 05 00 f2 02 10 00 60 00 10 00 f6 02 10 00 01 00 00 00
y11: client 0: event type 22
y11: client 0: request 5564 opcode 12 len 20 bytes: 0c 00 05 00 ee 02 10 00 60 00 10 00 f2 02 10 00 01 00 00 00
y11: client 0: event type 22
y11: client 0: request 5565 opcode 12 len 20 bytes: 0c 00 05 00 ea 02 10 00 60 00 10 00 ee 02 10 00 01 00 00 00
y11: client 0: event type 22
y11: client 0: request 5566 opcode 12 len 20 bytes: 0c 00 05 00 e6 02 10 00 60 00 10 00 ea 02 10 00 01 00 00 00
y11: client 0: event type 22
y11: client 0: request 5567 opcode 12 len 20 bytes: 0c 00 05 00 e2 02 10 00 60 00 10 00 e6 02 10 00 01 00 00 00
y11: client 0: event type 22
y11: client 0: request 5568 opcode 12 len 20 bytes: 0c 00 05 00 de 02 10 00 60 00 10 00 e2 02 10 00 01 00 00 00
y11: client 0: event type 22
y11: client 0: request 5569 opcode 12 len 20 bytes: 0c 00 05 00 da 02 10 00 60 00 10 00 de 02 10 00 01 00 00 00
y11: client 0: event type 22
y11: client 0: request 5570 opcode 12 len 20 bytes: 0c 00 05 00 d6 02 10 00 60 00 10 00 da 02 10 00 01 00 00 00
y11: client 0: event type 22
y11: client 0: request 5571 opcode 12 len 20 bytes: 0c 00 05 00 d2 02 10 00 60 00 10 00 d6 02 10 00 01 00 00 00
y11: client 0: event type 22
y11: client 0: request 5572 opcode 12 len 20 bytes: 0c 00 05 00 ce 02 10 00 60 00 10 00 d2 02 10 00 01 00 00 00
y11: client 0: event type 22
y11: client 0: request 5573 opcode 12 len 20 bytes: 0c 00 05 00 ca 02 10 00 60 00 10 00 ce 02 10 00 01 00 00 00
y11: client 0: event type 22
y11: client 0: request 5574 opcode 12 len 20 bytes: 0c 00 05 00 c6 02 10 00 60 00 10 00 ca 02 10 00 01 00 00 00
y11: client 0: event type 22
y11: client 0: request 5575 opcode 12 len 20 bytes: 0c 00 05 00 c2 02 10 00 60 00 10 00 c6 02 10 00 01 00 00 00
y11: client 0: event type 22
y11: client 0: request 5576 opcode 12 len 20 bytes: 0c 00 05 00 be 02 10 00 60 00 10 00 c2 02 10 00 01 00 00 00
y11: client 0: event type 22
y11: client 0: request 5577 opcode 12 len 20 bytes: 0c 00 05 00 ba 02 10 00 60 00 10 00 be 02 10 00 01 00 00 00
y11: client 0: event type 22
y11: client 0: request 5578 opcode 12 len 20 bytes: 0c 00 05 00 b6 02 10 00 60 00 10 00 ba 02 10 00 01 00 00 00
y11: client 0: event type 22
y11: client 0: request 5579 opcode 12 len 20 bytes: 0c 00 05 00 b2 02 10 00 60 00 10 00 b6 02 10 00 01 00 00 00
y11: client 0: event type 22
y11: client 0: request 5580 opcode 12 len 20 bytes: 0c 00 05 00 ae 02 10 00 60 00 10 00 b2 02 10 00 01 00 00 00
y11: client 0: event type 22
y11: client 0: request 5581 opcode 12 len 20 bytes: 0c 00 05 00 aa 02 10 00 60 00 10 00 ae 02 10 00 01 00 00 00
y11: client 0: event type 22
y11: client 0: request 5582 opcode 12 len 20 bytes: 0c 00 05 00 a6 02 10 00 60 00 10 00 aa 02 10 00 01 00 00 00
y11: client 0: event type 22
y11: client 0: request 5583 opcode 12 len 20 bytes: 0c 00 05 00 a2 02 10 00 60 00 10 00 a6 02 10 00 01 00 00 00
y11: client 0: event type 22
y11: client 0: request 5584 opcode 12 len 20 bytes: 0c 00 05 00 9e 02 10 00 60 00 10 00 a2 02 10 00 01 00 00 00
y11: client 0: event type 22
y11: client 0: request 5585 opcode 12 len 20 bytes: 0c 00 05 00 9a 02 10 00 60 00 10 00 9e 02 10 00 01 00 00 00
y11: client 0: event type 22
y11: client 0: request 5586 opcode 12 len 20 bytes: 0c 00 05 00 96 02 10 00 60 00 10 00 9a 02 10 00 01 00 00 00
y11: client 0: event type 22
y11: client 0: request 5587 opcode 12 len 20 bytes: 0c 00 05 00 92 02 10 00 60 00 10 00 96 02 10 00 01 00 00 00
y11: client 0: event type 22
y11: client 0: request 5588 opcode 12 len 20 bytes: 0c 00 05 00 8e 02 10 00 60 00 10 00 92 02 10 00 01 00 00 00
y11: client 0: event type 22
y11: client 0: request 5589 opcode 12 len 20 bytes: 0c 00 05 00 8a 02 10 00 60 00 10 00 8e 02 10 00 01 00 00 00
y11: client 0: event type 22
y11: client 0: request 5590 opcode 12 len 20 bytes: 0c 00 05 00 86 02 10 00 60 00 10 00 8a 02 10 00 01 00 00 00
y11: client 0: event type 22
y11: client 0: request 5591 opcode 12 len 20 bytes: 0c 00 05 00 82 02 10 00 60 00 10 00 86 02 10 00 01 00 00 00
y11: client 0: event type 22
y11: client 0: request 5592 opcode 12 len 20 bytes: 0c 00 05 00 7e 02 10 00 60 00 10 00 82 02 10 00 01 00 00 00
y11: client 0: event type 22
y11: client 0: request 5593 opcode 12 len 20 bytes: 0c 00 05 00 79 02 10 00 60 00 10 00 7e 02 10 00 01 00 00 00
y11: client 0: event type 22
y11: client 0: request 5594 opcode 12 len 20 bytes: 0c 00 05 00 75 02 10 00 60 00 10 00 79 02 10 00 01 00 00 00
y11: client 0: event type 22
y11: client 0: request 5595 opcode 12 len 20 bytes: 0c 00 05 00 71 02 10 00 60 00 10 00 75 02 10 00 01 00 00 00
y11: client 0: event type 22
y11: client 0: request 5596 opcode 12 len 20 bytes: 0c 00 05 00 6d 02 10 00 60 00 10 00 71 02 10 00 01 00 00 00
y11: client 0: event type 22
y11: client 0: request 5597 opcode 12 len 20 bytes: 0c 00 05 00 69 02 10 00 60 00 10 00 6d 02 10 00 01 00 00 00
y11: client 0: event type 22
y11: client 0: request 5598 opcode 12 len 20 bytes: 0c 00 05 00 65 02 10 00 60 00 10 00 69 02 10 00 01 00 00 00
y11: client 0: event type 22
y11: client 0: request 5599 opcode 12 len 20 bytes: 0c 00 05 00 e3 01 10 00 60 00 10 00 65 02 10 00 01 00 00 00
y11: client 0: event type 22
y11: client 0: request 5600 opcode 12 len 20 bytes: 0c 00 05 00 e1 01 10 00 60 00 10 00 e3 01 10 00 01 00 00 00
y11: client 0: event type 22
y11: client 0: request 5601 opcode 12 len 20 bytes: 0c 00 05 00 de 01 10 00 60 00 00 00 e1 01 10 00 01 00 00 00
y11: client 0: event type 22
y11: client 0: request 5602 opcode 12 len 20 bytes: 0c 00 05 00 dc 01 10 00 60 00 00 00 de 01 10 00 01 00 00 00
y11: client 0: event type 22
y11: client 0: request 5603 opcode 12 len 20 bytes: 0c 00 05 00 da 01 10 00 60 00 19 00 dc 01 10 00 01 00 00 00
y11: client 0: event type 22
y11: client 0: request 5604 opcode 12 len 20 bytes: 0c 00 05 00 d8 01 10 00 60 00 00 00 da 01 10 00 01 00 00 00
y11: client 0: event type 22
y11: client 0: request 5605 opcode 12 len 20 bytes: 0c 00 05 00 d4 01 10 00 60 00 00 00 d8 01 10 00 01 00 00 00
y11: client 0: event type 22
y11: client 0: request 5606 opcode 1 len 48 bytes: 01 18 0c 00 17 03 10 00 16 03 10 00 00 00 00 00 02 00 19 00
y11: client 0: request 5607 opcode 1 len 48 bytes: 01 18 0c 00 18 03 10 00 16 03 10 00 e9 ff 00 00 19 00 19 00
y11: client 0: request 5608 opcode 12 len 20 bytes: 0c 00 05 00 17 03 10 00 03 00 10 00 00 00 00 00 00 00 00 00
y11: client 0: request 5609 opcode 12 len 16 bytes: 0c 00 04 00 17 03 10 00 40 00 10 00 00 00 00 00
y11: client 0: request 5610 opcode 8 len 8 bytes: 08 00 02 00 17 03 10 00
y11: client 0: request 5611 opcode 12 len 20 bytes: 0c 00 05 00 16 03 10 00 0c 00 00 00 01 00 00 00 1a 00 00 00
y11: client 0: event type 22
y11: client 0: request 5612 opcode 12 len 16 bytes: 0c 00 04 00 16 03 10 00 10 00 ff bc 01 00 00 00
y11: client 0: event type 22
y11: client 0: request 5613 opcode 84 len 16 bytes: 54 00 04 00 22 00 00 00 00 00 00 00 00 00 ff fa
y11: client 0: reply seq 5613 len 32
y11: client 0: request 5614 opcode 84 len 16 bytes: 54 00 04 00 22 00 00 00 00 00 00 00 00 00 00 00
y11: client 0: reply seq 5614 len 32
y11: client 0: request 5615 opcode 84 len 16 bytes: 54 00 04 00 22 00 00 00 00 ff 00 ff 00 ff 00 00
y11: client 0: reply seq 5615 len 32
y11: client 0: request 5616 opcode 2 len 16 bytes: 02 00 04 00 16 03 10 00 08 00 00 00 00 00 00 00
y11: client 0: request 5617 opcode 10 len 8 bytes: 0a 00 02 00 18 03 10 00
y11: client 0: request 5618 opcode 12 len 20 bytes: 0c 00 05 00 17 03 10 00 03 00 00 00 00 00 00 00 00 00 00 00
y11: client 0: request 5619 opcode 1 len 48 bytes: 01 18 0c 00 19 03 10 00 16 03 10 00 00 00 19 00 01 00 0a 00
y11: client 0: request 5620 opcode 8 len 8 bytes: 08 00 02 00 19 03 10 00
y11: client 0: request 5621 opcode 1 len 52 bytes: 01 18 0d 00 1a 03 10 00 21 00 00 00 08 00 02 00 01 00 01 00
y11: client 0: event type 16
y11: client 0: request 5622 opcode 61 len 16 bytes: 3d 00 04 00 1a 03 10 00 00 00 00 00 00 00 00 00
y11: client 0: request 5623 opcode 12 len 20 bytes: 0c 00 05 00 16 03 10 00 60 00 e2 97 1a 03 10 00 01 00 00 00
y11: client 0: event type 22
y11: client 0: request 5624 opcode 12 len 20 bytes: 0c 00 05 00 12 03 10 00 60 00 10 00 16 03 10 00 01 00 00 00
y11: client 0: event type 22
y11: client 0: request 5625 opcode 12 len 20 bytes: 0c 00 05 00 0e 03 10 00 60 00 00 00 12 03 10 00 01 00 00 00
y11: client 0: event type 22
y11: client 0: request 5626 opcode 12 len 20 bytes: 0c 00 05 00 0a 03 10 00 60 00 10 00 0e 03 10 00 01 00 00 00
y11: client 0: event type 22
y11: client 0: request 5627 opcode 12 len 20 bytes: 0c 00 05 00 06 03 10 00 60 00 00 00 0a 03 10 00 01 00 00 00
y11: client 0: event type 22
y11: client 0: request 5628 opcode 12 len 20 bytes: 0c 00 05 00 02 03 10 00 60 00 10 00 06 03 10 00 01 00 00 00
y11: client 0: event type 22
y11: client 0: request 5629 opcode 12 len 20 bytes: 0c 00 05 00 fe 02 10 00 60 00 10 00 02 03 10 00 01 00 00 00
y11: client 0: event type 22
y11: client 0: request 5630 opcode 12 len 20 bytes: 0c 00 05 00 fa 02 10 00 60 00 10 00 fe 02 10 00 01 00 00 00
y11: client 0: event type 22
y11: client 0: request 5631 opcode 12 len 20 bytes: 0c 00 05 00 f6 02 10 00 60 00 10 00 fa 02 10 00 01 00 00 00
y11: client 0: event type 22
y11: client 0: request 5632 opcode 12 len 20 bytes: 0c 00 05 00 f2 02 10 00 60 00 10 00 f6 02 10 00 01 00 00 00
y11: client 0: event type 22
y11: client 0: request 5633 opcode 12 len 20 bytes: 0c 00 05 00 ee 02 10 00 60 00 10 00 f2 02 10 00 01 00 00 00
y11: client 0: event type 22
y11: client 0: request 5634 opcode 12 len 20 bytes: 0c 00 05 00 ea 02 10 00 60 00 10 00 ee 02 10 00 01 00 00 00
y11: client 0: event type 22
y11: client 0: request 5635 opcode 12 len 20 bytes: 0c 00 05 00 e6 02 10 00 60 00 10 00 ea 02 10 00 01 00 00 00
y11: client 0: event type 22
y11: client 0: request 5636 opcode 12 len 20 bytes: 0c 00 05 00 e2 02 10 00 60 00 10 00 e6 02 10 00 01 00 00 00
y11: client 0: event type 22
y11: client 0: request 5637 opcode 12 len 20 bytes: 0c 00 05 00 de 02 10 00 60 00 10 00 e2 02 10 00 01 00 00 00
y11: client 0: event type 22
y11: client 0: request 5638 opcode 12 len 20 bytes: 0c 00 05 00 da 02 10 00 60 00 10 00 de 02 10 00 01 00 00 00
y11: client 0: event type 22
y11: client 0: request 5639 opcode 12 len 20 bytes: 0c 00 05 00 d6 02 10 00 60 00 10 00 da 02 10 00 01 00 00 00
y11: client 0: event type 22
y11: client 0: request 5640 opcode 12 len 20 bytes: 0c 00 05 00 d2 02 10 00 60 00 10 00 d6 02 10 00 01 00 00 00
y11: client 0: event type 22
y11: client 0: request 5641 opcode 12 len 20 bytes: 0c 00 05 00 ce 02 10 00 60 00 10 00 d2 02 10 00 01 00 00 00
y11: client 0: event type 22
y11: client 0: request 5642 opcode 12 len 20 bytes: 0c 00 05 00 ca 02 10 00 60 00 10 00 ce 02 10 00 01 00 00 00
y11: client 0: event type 22
y11: client 0: request 5643 opcode 12 len 20 bytes: 0c 00 05 00 c6 02 10 00 60 00 10 00 ca 02 10 00 01 00 00 00
y11: client 0: event type 22
y11: client 0: request 5644 opcode 12 len 20 bytes: 0c 00 05 00 c2 02 10 00 60 00 10 00 c6 02 10 00 01 00 00 00
y11: client 0: event type 22
y11: client 0: request 5645 opcode 12 len 20 bytes: 0c 00 05 00 be 02 10 00 60 00 10 00 c2 02 10 00 01 00 00 00
y11: client 0: event type 22
y11: client 0: request 5646 opcode 12 len 20 bytes: 0c 00 05 00 ba 02 10 00 60 00 10 00 be 02 10 00 01 00 00 00
y11: client 0: event type 22
y11: client 0: request 5647 opcode 12 len 20 bytes: 0c 00 05 00 b6 02 10 00 60 00 10 00 ba 02 10 00 01 00 00 00
y11: client 0: event type 22
y11: client 0: request 5648 opcode 12 len 20 bytes: 0c 00 05 00 b2 02 10 00 60 00 10 00 b6 02 10 00 01 00 00 00
y11: client 0: event type 22
y11: client 0: request 5649 opcode 12 len 20 bytes: 0c 00 05 00 ae 02 10 00 60 00 10 00 b2 02 10 00 01 00 00 00
y11: client 0: event type 22
y11: client 0: request 5650 opcode 12 len 20 bytes: 0c 00 05 00 aa 02 10 00 60 00 10 00 ae 02 10 00 01 00 00 00
y11: client 0: event type 22
y11: client 0: request 5651 opcode 12 len 20 bytes: 0c 00 05 00 a6 02 10 00 60 00 10 00 aa 02 10 00 01 00 00 00
y11: client 0: event type 22
y11: client 0: request 5652 opcode 12 len 20 bytes: 0c 00 05 00 a2 02 10 00 60 00 10 00 a6 02 10 00 01 00 00 00
y11: client 0: event type 22
y11: client 0: request 5653 opcode 12 len 20 bytes: 0c 00 05 00 9e 02 10 00 60 00 10 00 a2 02 10 00 01 00 00 00
y11: client 0: event type 22
y11: client 0: request 5654 opcode 12 len 20 bytes: 0c 00 05 00 9a 02 10 00 60 00 10 00 9e 02 10 00 01 00 00 00
y11: client 0: event type 22
y11: client 0: request 5655 opcode 12 len 20 bytes: 0c 00 05 00 96 02 10 00 60 00 10 00 9a 02 10 00 01 00 00 00
y11: client 0: event type 22
y11: client 0: request 5656 opcode 12 len 20 bytes: 0c 00 05 00 92 02 10 00 60 00 10 00 96 02 10 00 01 00 00 00
y11: client 0: event type 22
y11: client 0: request 5657 opcode 12 len 20 bytes: 0c 00 05 00 8e 02 10 00 60 00 10 00 92 02 10 00 01 00 00 00
y11: client 0: event type 22
y11: client 0: request 5658 opcode 12 len 20 bytes: 0c 00 05 00 8a 02 10 00 60 00 10 00 8e 02 10 00 01 00 00 00
y11: client 0: event type 22
y11: client 0: request 5659 opcode 12 len 20 bytes: 0c 00 05 00 86 02 10 00 60 00 10 00 8a 02 10 00 01 00 00 00
y11: client 0: event type 22
y11: client 0: request 5660 opcode 12 len 20 bytes: 0c 00 05 00 82 02 10 00 60 00 10 00 86 02 10 00 01 00 00 00
y11: client 0: event type 22
y11: client 0: request 5661 opcode 12 len 20 bytes: 0c 00 05 00 7e 02 10 00 60 00 10 00 82 02 10 00 01 00 00 00
y11: client 0: event type 22
y11: client 0: request 5662 opcode 12 len 20 bytes: 0c 00 05 00 79 02 10 00 60 00 10 00 7e 02 10 00 01 00 00 00
y11: client 0: event type 22
y11: client 0: request 5663 opcode 12 len 20 bytes: 0c 00 05 00 75 02 10 00 60 00 10 00 79 02 10 00 01 00 00 00
y11: client 0: event type 22
y11: client 0: request 5664 opcode 12 len 20 bytes: 0c 00 05 00 71 02 10 00 60 00 10 00 75 02 10 00 01 00 00 00
y11: client 0: event type 22
y11: client 0: request 5665 opcode 12 len 20 bytes: 0c 00 05 00 6d 02 10 00 60 00 10 00 71 02 10 00 01 00 00 00
y11: client 0: event type 22
y11: client 0: request 5666 opcode 12 len 20 bytes: 0c 00 05 00 69 02 10 00 60 00 10 00 6d 02 10 00 01 00 00 00
y11: client 0: event type 22
y11: client 0: request 5667 opcode 12 len 20 bytes: 0c 00 05 00 65 02 10 00 60 00 10 00 69 02 10 00 01 00 00 00
y11: client 0: event type 22
y11: client 0: request 5668 opcode 12 len 20 bytes: 0c 00 05 00 e3 01 10 00 60 00 10 00 65 02 10 00 01 00 00 00
y11: client 0: event type 22
y11: client 0: request 5669 opcode 12 len 20 bytes: 0c 00 05 00 e1 01 10 00 60 00 10 00 e3 01 10 00 01 00 00 00
y11: client 0: event type 22
y11: client 0: request 5670 opcode 12 len 20 bytes: 0c 00 05 00 de 01 10 00 60 00 10 00 e1 01 10 00 01 00 00 00
y11: client 0: event type 22
y11: client 0: request 5671 opcode 12 len 20 bytes: 0c 00 05 00 dc 01 10 00 60 00 10 00 de 01 10 00 01 00 00 00
y11: client 0: event type 22
y11: client 0: request 5672 opcode 12 len 20 bytes: 0c 00 05 00 da 01 10 00 60 00 10 00 dc 01 10 00 01 00 00 00
y11: client 0: event type 22
y11: client 0: request 5673 opcode 12 len 20 bytes: 0c 00 05 00 d8 01 10 00 60 00 10 00 da 01 10 00 01 00 00 00
y11: client 0: event type 22
y11: client 0: request 5674 opcode 12 len 20 bytes: 0c 00 05 00 d4 01 10 00 60 00 10 00 d8 01 10 00 01 00 00 00
y11: client 0: event type 22
y11: client 0: request 5675 opcode 1 len 48 bytes: 01 18 0c 00 1b 03 10 00 1a 03 10 00 00 00 00 00 02 00 19 00
y11: client 0: request 5676 opcode 1 len 48 bytes: 01 18 0c 00 1c 03 10 00 1a 03 10 00 e9 ff 00 00 19 00 19 00
y11: client 0: request 5677 opcode 12 len 20 bytes: 0c 00 05 00 1b 03 10 00 03 00 00 00 00 00 00 00 00 00 00 00
y11: client 0: request 5678 opcode 12 len 16 bytes: 0c 00 04 00 1b 03 10 00 40 00 0c 00 00 00 00 00
y11: client 0: request 5679 opcode 8 len 8 bytes: 08 00 02 00 1b 03 10 00
y11: client 0: request 5680 opcode 12 len 20 bytes: 0c 00 05 00 1a 03 10 00 0c 00 00 00 01 00 00 00 1a 00 00 00
y11: client 0: event type 22
y11: client 0: request 5681 opcode 12 len 16 bytes: 0c 00 04 00 1a 03 10 00 10 00 00 00 01 00 00 00
y11: client 0: event type 22
y11: client 0: request 5682 opcode 84 len 16 bytes: 54 00 04 00 22 00 00 00 00 00 00 00 00 00 00 00
y11: client 0: reply seq 5682 len 32
y11: client 0: request 5683 opcode 84 len 16 bytes: 54 00 04 00 22 00 00 00 00 00 00 00 00 00 02 00
y11: client 0: reply seq 5683 len 32
y11: client 0: request 5684 opcode 84 len 16 bytes: 54 00 04 00 22 00 00 00 00 ff 00 ff 00 ff 02 00
y11: client 0: reply seq 5684 len 32
y11: client 0: request 5685 opcode 2 len 16 bytes: 02 00 04 00 1a 03 10 00 08 00 00 00 00 00 00 00
y11: client 0: request 5686 opcode 10 len 8 bytes: 0a 00 02 00 1c 03 10 00
y11: client 0: request 5687 opcode 12 len 20 bytes: 0c 00 05 00 1b 03 10 00 03 00 00 00 00 00 00 00 00 00 00 00
y11: client 0: request 5688 opcode 1 len 48 bytes: 01 18 0c 00 1d 03 10 00 1a 03 10 00 00 00 19 00 01 00 0a 00
y11: client 0: request 5689 opcode 8 len 8 bytes: 08 00 02 00 1d 03 10 00
y11: client 0: request 5690 opcode 12 len 20 bytes: 0c 00 05 00 6b 02 10 00 03 00 00 00 6a 00 00 00 00 00 00 00
y11: client 0: request 5691 opcode 12 len 20 bytes: 0c 00 05 00 6a 02 10 00 03 00 10 00 00 00 00 00 00 00 00 00
y11: client 0: request 5692 opcode 12 len 16 bytes: 0c 00 04 00 69 02 10 00 10 00 10 00 01 00 00 00
y11: client 0: event type 22
y11: client 0: request 5693 opcode 84 len 16 bytes: 54 00 04 00 22 00 00 00 00 00 00 00 00 00 00 00
y11: client 0: reply seq 5693 len 32
y11: client 0: request 5694 opcode 84 len 16 bytes: 54 00 04 00 22 00 00 00 00 00 00 00 00 00 00 00
y11: client 0: reply seq 5694 len 32
y11: client 0: request 5695 opcode 84 len 16 bytes: 54 00 04 00 22 00 00 00 00 ff 00 ff 00 ff 00 00
y11: client 0: reply seq 5695 len 32
y11: client 0: request 5696 opcode 2 len 16 bytes: 02 00 04 00 69 02 10 00 08 00 00 00 00 00 00 00
y11: client 0: request 5697 opcode 12 len 28 bytes: 0c 00 07 00 6c 02 10 00 0f 00 10 00 00 00 00 00 19 00 00 00
y11: client 0: request 5698 opcode 12 len 20 bytes: 0c 00 05 00 69 02 10 00 0c 00 00 00 82 00 00 00 74 00 00 00
y11: client 0: event type 22
y11: client 0: request 5699 opcode 2 len 16 bytes: 02 00 04 00 6c 02 10 00 02 00 00 00 aa aa aa 00
y11: client 0: request 5700 opcode 61 len 16 bytes: 3d 00 04 00 6c 02 10 00 00 00 00 00 00 00 00 00
y11: client 0: request 5701 opcode 12 len 20 bytes: 0c 00 05 00 67 02 10 00 03 00 00 00 6a 00 00 00 00 00 00 00
y11: client 0: request 5702 opcode 12 len 20 bytes: 0c 00 05 00 66 02 10 00 03 00 00 00 00 00 00 00 00 00 00 00
y11: client 0: request 5703 opcode 12 len 16 bytes: 0c 00 04 00 65 02 10 00 10 00 00 00 01 00 00 00
y11: client 0: event type 22
y11: client 0: request 5704 opcode 84 len 16 bytes: 54 00 04 00 22 00 00 00 00 00 00 00 00 00 00 00
y11: client 0: reply seq 5704 len 32
y11: client 0: request 5705 opcode 84 len 16 bytes: 54 00 04 00 22 00 00 00 00 00 00 00 00 00 00 00
y11: client 0: reply seq 5705 len 32
y11: client 0: request 5706 opcode 84 len 16 bytes: 54 00 04 00 22 00 00 00 00 ff 00 ff 00 ff 00 00
y11: client 0: reply seq 5706 len 32
y11: client 0: request 5707 opcode 2 len 16 bytes: 02 00 04 00 65 02 10 00 08 00 00 00 00 00 00 00
y11: client 0: request 5708 opcode 12 len 28 bytes: 0c 00 07 00 68 02 10 00 0f 00 10 00 00 00 00 00 19 00 00 00
y11: client 0: request 5709 opcode 12 len 20 bytes: 0c 00 05 00 65 02 10 00 0c 00 00 00 82 00 00 00 74 00 00 00
y11: client 0: event type 22
y11: client 0: request 5710 opcode 2 len 16 bytes: 02 00 04 00 68 02 10 00 02 00 00 00 aa aa aa 00
y11: client 0: request 5711 opcode 61 len 16 bytes: 3d 00 04 00 68 02 10 00 00 00 00 00 00 00 00 00
y11: client 0: request 5712 opcode 101 len 8 bytes: 65 00 02 00 0a 01 10 00
y11: client 0: reply seq 5712 len 32
y11: client 0: request 5713 opcode 12 len 20 bytes: 0c 00 05 00 1c 03 10 00 03 00 00 00 e9 ff ff ff 00 00 00 00
y11: client 0: request 5714 opcode 12 len 20 bytes: 0c 00 05 00 1b 03 10 00 03 00 00 00 00 00 00 00 00 00 00 00
y11: client 0: request 5715 opcode 12 len 16 bytes: 0c 00 04 00 1a 03 10 00 10 00 10 00 01 00 00 00
y11: client 0: event type 22
y11: client 0: request 5716 opcode 84 len 16 bytes: 54 00 04 00 22 00 00 00 00 00 00 00 00 00 10 00
y11: client 0: reply seq 5716 len 32
y11: client 0: request 5717 opcode 84 len 16 bytes: 54 00 04 00 22 00 00 00 00 00 00 00 00 00 ff ff
y11: client 0: reply seq 5717 len 32
y11: client 0: request 5718 opcode 84 len 16 bytes: 54 00 04 00 22 00 00 00 00 ff 00 ff 00 ff ff ff
y11: client 0: reply seq 5718 len 32
y11: client 0: request 5719 opcode 2 len 16 bytes: 02 00 04 00 1a 03 10 00 08 00 00 00 00 00 00 00
y11: client 0: request 5720 opcode 139 len 100 bytes: 8b 14 19 00 e0 01 10 00 01 00 00 00 2f 00 00 00 05 00 09 00
y11: client 0: request 5721 opcode 12 len 28 bytes: 0c 00 07 00 1d 03 10 00 0f 00 00 00 00 00 00 00 19 00 00 00
y11: client 0: request 5722 opcode 12 len 20 bytes: 0c 00 05 00 1a 03 10 00 0c 00 04 00 88 00 00 00 74 00 00 00
y11: client 0: event type 22
y11: client 0: request 5723 opcode 12 len 20 bytes: 0c 00 05 00 1c 03 10 00 03 00 10 00 70 00 00 00 00 00 00 00
y11: client 0: request 5724 opcode 12 len 28 bytes: 0c 00 07 00 1b 03 10 00 0f 00 10 00 00 00 00 00 00 00 00 00
y11: client 0: request 5725 opcode 2 len 16 bytes: 02 00 04 00 1d 03 10 00 02 00 00 00 aa aa aa 00
y11: client 0: request 5726 opcode 61 len 16 bytes: 3d 00 04 00 1d 03 10 00 00 00 00 00 00 00 00 00
y11: client 0: request 5727 opcode 12 len 20 bytes: 0c 00 05 00 18 03 10 00 03 00 10 00 e9 ff ff ff 00 00 00 00
y11: client 0: request 5728 opcode 12 len 20 bytes: 0c 00 05 00 17 03 10 00 03 00 10 00 00 00 00 00 00 00 00 00
y11: client 0: request 5729 opcode 12 len 16 bytes: 0c 00 04 00 16 03 10 00 10 00 10 00 01 00 00 00
y11: client 0: event type 22
y11: client 0: request 5730 opcode 84 len 16 bytes: 54 00 04 00 22 00 00 00 00 00 00 00 00 00 10 00
y11: client 0: reply seq 5730 len 32
y11: client 0: request 5731 opcode 84 len 16 bytes: 54 00 04 00 22 00 00 00 00 00 00 00 00 00 00 00
y11: client 0: reply seq 5731 len 32
y11: client 0: request 5732 opcode 84 len 16 bytes: 54 00 04 00 22 00 00 00 00 ff 00 ff 00 ff 00 00
y11: client 0: reply seq 5732 len 32
y11: client 0: request 5733 opcode 2 len 16 bytes: 02 00 04 00 16 03 10 00 08 00 00 00 00 00 00 00
y11: client 0: request 5734 opcode 12 len 28 bytes: 0c 00 07 00 19 03 10 00 0f 00 00 00 00 00 00 00 19 00 00 00
y11: client 0: request 5735 opcode 12 len 20 bytes: 0c 00 05 00 16 03 10 00 0c 00 00 00 88 00 00 00 74 00 00 00
y11: client 0: event type 22
y11: client 0: request 5736 opcode 12 len 20 bytes: 0c 00 05 00 18 03 10 00 03 00 00 00 70 00 00 00 00 00 00 00
y11: client 0: request 5737 opcode 12 len 28 bytes: 0c 00 07 00 17 03 10 00 0f 00 00 00 00 00 00 00 00 00 00 00
y11: client 0: request 5738 opcode 2 len 16 bytes: 02 00 04 00 19 03 10 00 02 00 00 00 aa aa aa 00
y11: client 0: request 5739 opcode 61 len 16 bytes: 3d 00 04 00 19 03 10 00 00 00 00 00 00 00 00 00
y11: client 0: request 5740 opcode 61 len 16 bytes: 3d 00 04 00 19 03 10 00 00 00 18 00 87 00 14 00
y11: client 0: request 5741 opcode 66 len 28 bytes: 42 00 07 00 19 03 10 00 50 01 10 00 87 00 17 00 87 00 2d 00
y11: client 0: request 5742 opcode 66 len 28 bytes: 42 00 07 00 19 03 10 00 4f 01 10 00 00 00 17 00 00 00 2d 00
y11: client 0: request 5743 opcode 66 len 20 bytes: 42 00 05 00 19 03 10 00 51 01 10 00 00 00 2d 00 87 00 2d 00
y11: client 0: request 5744 opcode 139 len 20 bytes: 8b 04 05 00 1e 03 10 00 19 03 10 00 02 01 00 00 00 00 00 00
y11: client 0: request 5745 opcode 139 len 16 bytes: 8b 21 04 00 1f 03 10 00 ff 7f ff 7f ff 7f ff ff
y11: client 0: request 5746 opcode 139 len 48 bytes: 8b 17 0c 00 03 00 00 00 1f 03 10 00 1e 03 10 00 03 01 00 00
y11: client 0: request 5747 opcode 61 len 16 bytes: 3d 00 04 00 1d 03 10 00 00 00 18 00 87 00 14 00
y11: client 0: request 5748 opcode 66 len 28 bytes: 42 00 07 00 1d 03 10 00 50 01 10 00 87 00 17 00 87 00 2d 00
y11: client 0: request 5749 opcode 66 len 28 bytes: 42 00 07 00 1d 03 10 00 4f 01 10 00 00 00 17 00 00 00 2d 00
y11: client 0: request 5750 opcode 66 len 20 bytes: 42 00 05 00 1d 03 10 00 51 01 10 00 00 00 2d 00 87 00 2d 00
y11: client 0: request 5751 opcode 139 len 8 bytes: 8b 07 02 00 1e 03 10 00
y11: client 0: request 5752 opcode 139 len 20 bytes: 8b 04 05 00 20 03 10 00 1d 03 10 00 02 01 00 00 00 00 00 00
y11: client 0: request 5753 opcode 139 len 48 bytes: 8b 17 0c 00 03 00 00 00 1f 03 10 00 20 03 10 00 03 01 00 00
y11: client 0: request 5754 opcode 61 len 16 bytes: 3d 00 04 00 19 03 10 00 00 00 2f 00 87 00 14 00
y11: client 0: request 5755 opcode 66 len 28 bytes: 42 00 07 00 19 03 10 00 50 01 10 00 87 00 2e 00 87 00 44 00
y11: client 0: request 5756 opcode 66 len 28 bytes: 42 00 07 00 19 03 10 00 4f 01 10 00 00 00 2e 00 00 00 44 00
y11: client 0: request 5757 opcode 66 len 20 bytes: 42 00 05 00 19 03 10 00 51 01 10 00 00 00 44 00 87 00 44 00
y11: client 0: request 5758 opcode 139 len 8 bytes: 8b 07 02 00 20 03 10 00
y11: client 0: request 5759 opcode 139 len 20 bytes: 8b 04 05 00 21 03 10 00 19 03 10 00 02 01 00 00 00 00 00 00
y11: client 0: request 5760 opcode 139 len 48 bytes: 8b 17 0c 00 03 02 10 00 1f 03 10 00 21 03 10 00 03 01 00 00
y11: client 0: request 5761 opcode 61 len 16 bytes: 3d 00 04 00 1d 03 10 00 00 00 2f 00 87 00 14 00
y11: client 0: request 5762 opcode 66 len 28 bytes: 42 00 07 00 1d 03 10 00 50 01 10 00 87 00 2e 00 87 00 44 00
y11: client 0: request 5763 opcode 66 len 28 bytes: 42 00 07 00 1d 03 10 00 4f 01 10 00 00 00 2e 00 00 00 44 00
y11: client 0: request 5764 opcode 66 len 20 bytes: 42 00 05 00 1d 03 10 00 51 01 10 00 00 00 44 00 87 00 44 00
y11: client 0: request 5765 opcode 139 len 8 bytes: 8b 07 02 00 21 03 10 00
y11: client 0: request 5766 opcode 139 len 20 bytes: 8b 04 05 00 22 03 10 00 1d 03 10 00 02 01 00 00 00 00 00 00
y11: client 0: request 5767 opcode 139 len 48 bytes: 8b 17 0c 00 03 02 10 00 1f 03 10 00 22 03 10 00 03 01 00 00
y11: client 0: request 5768 opcode 1 len 52 bytes: 01 18 0d 00 23 03 10 00 21 00 00 00 08 00 02 00 01 00 01 00
y11: client 0: event type 16
y11: client 0: request 5769 opcode 61 len 16 bytes: 3d 00 04 00 23 03 10 00 00 00 00 00 00 00 00 00
y11: client 0: request 5770 opcode 12 len 20 bytes: 0c 00 05 00 1a 03 10 00 60 00 10 00 23 03 10 00 01 00 00 00
y11: client 0: event type 22
y11: client 0: request 5771 opcode 12 len 20 bytes: 0c 00 05 00 16 03 10 00 60 00 10 00 1a 03 10 00 01 00 00 00
y11: client 0: event type 22
y11: client 0: request 5772 opcode 12 len 20 bytes: 0c 00 05 00 12 03 10 00 60 00 10 00 16 03 10 00 01 00 00 00
y11: client 0: event type 22
y11: client 0: request 5773 opcode 12 len 20 bytes: 0c 00 05 00 0e 03 10 00 60 00 10 00 12 03 10 00 01 00 00 00
y11: client 0: event type 22
y11: client 0: request 5774 opcode 12 len 20 bytes: 0c 00 05 00 0a 03 10 00 60 00 10 00 0e 03 10 00 01 00 00 00
y11: client 0: event type 22
y11: client 0: request 5775 opcode 12 len 20 bytes: 0c 00 05 00 06 03 10 00 60 00 10 00 0a 03 10 00 01 00 00 00
y11: client 0: event type 22
y11: client 0: request 5776 opcode 12 len 20 bytes: 0c 00 05 00 02 03 10 00 60 00 10 00 06 03 10 00 01 00 00 00
y11: client 0: event type 22
y11: client 0: request 5777 opcode 12 len 20 bytes: 0c 00 05 00 fe 02 10 00 60 00 10 00 02 03 10 00 01 00 00 00
y11: client 0: event type 22
y11: client 0: request 5778 opcode 12 len 20 bytes: 0c 00 05 00 fa 02 10 00 60 00 10 00 fe 02 10 00 01 00 00 00
y11: client 0: event type 22
y11: client 0: request 5779 opcode 12 len 20 bytes: 0c 00 05 00 f6 02 10 00 60 00 10 00 fa 02 10 00 01 00 00 00
y11: client 0: event type 22
y11: client 0: request 5780 opcode 12 len 20 bytes: 0c 00 05 00 f2 02 10 00 60 00 10 00 f6 02 10 00 01 00 00 00
y11: client 0: event type 22
y11: client 0: request 5781 opcode 12 len 20 bytes: 0c 00 05 00 ee 02 10 00 60 00 00 00 f2 02 10 00 01 00 00 00
y11: client 0: event type 22
y11: client 0: request 5782 opcode 12 len 20 bytes: 0c 00 05 00 ea 02 10 00 60 00 6f 9b ee 02 10 00 01 00 00 00
y11: client 0: event type 22
y11: client 0: request 5783 opcode 12 len 20 bytes: 0c 00 05 00 e6 02 10 00 60 00 10 00 ea 02 10 00 01 00 00 00
y11: client 0: event type 22
y11: client 0: request 5784 opcode 12 len 20 bytes: 0c 00 05 00 e2 02 10 00 60 00 00 00 e6 02 10 00 01 00 00 00
y11: client 0: event type 22
y11: client 0: request 5785 opcode 12 len 20 bytes: 0c 00 05 00 de 02 10 00 60 00 00 00 e2 02 10 00 01 00 00 00
y11: client 0: event type 22
y11: client 0: request 5786 opcode 12 len 20 bytes: 0c 00 05 00 da 02 10 00 60 00 00 00 de 02 10 00 01 00 00 00
y11: client 0: event type 22
y11: client 0: request 5787 opcode 12 len 20 bytes: 0c 00 05 00 d6 02 10 00 60 00 02 00 da 02 10 00 01 00 00 00
y11: client 0: event type 22
y11: client 0: request 5788 opcode 12 len 20 bytes: 0c 00 05 00 d2 02 10 00 60 00 00 00 d6 02 10 00 01 00 00 00
y11: client 0: event type 22
y11: client 0: request 5789 opcode 12 len 20 bytes: 0c 00 05 00 ce 02 10 00 60 00 00 00 d2 02 10 00 01 00 00 00
y11: client 0: event type 22
y11: client 0: request 5790 opcode 12 len 20 bytes: 0c 00 05 00 ca 02 10 00 60 00 04 00 ce 02 10 00 01 00 00 00
y11: client 0: event type 22
y11: client 0: request 5791 opcode 12 len 20 bytes: 0c 00 05 00 c6 02 10 00 60 00 10 00 ca 02 10 00 01 00 00 00
y11: client 0: event type 22
y11: client 0: request 5792 opcode 12 len 20 bytes: 0c 00 05 00 c2 02 10 00 60 00 00 00 c6 02 10 00 01 00 00 00
y11: client 0: event type 22
y11: client 0: request 5793 opcode 12 len 20 bytes: 0c 00 05 00 be 02 10 00 60 00 04 00 c2 02 10 00 01 00 00 00
y11: client 0: event type 22
y11: client 0: request 5794 opcode 12 len 20 bytes: 0c 00 05 00 ba 02 10 00 60 00 00 00 be 02 10 00 01 00 00 00
y11: client 0: event type 22
y11: client 0: request 5795 opcode 12 len 20 bytes: 0c 00 05 00 b6 02 10 00 60 00 07 00 ba 02 10 00 01 00 00 00
y11: client 0: event type 22
y11: client 0: request 5796 opcode 12 len 20 bytes: 0c 00 05 00 b2 02 10 00 60 00 74 e3 b6 02 10 00 01 00 00 00
y11: client 0: event type 22
y11: client 0: request 5797 opcode 12 len 20 bytes: 0c 00 05 00 ae 02 10 00 60 00 00 00 b2 02 10 00 01 00 00 00
y11: client 0: event type 22
y11: client 0: request 5798 opcode 12 len 20 bytes: 0c 00 05 00 aa 02 10 00 60 00 ff ff ae 02 10 00 01 00 00 00
y11: client 0: event type 22
y11: client 0: request 5799 opcode 12 len 20 bytes: 0c 00 05 00 a6 02 10 00 60 00 00 00 aa 02 10 00 01 00 00 00
y11: client 0: event type 22
y11: client 0: request 5800 opcode 12 len 20 bytes: 0c 00 05 00 a2 02 10 00 60 00 00 00 a6 02 10 00 01 00 00 00
y11: client 0: event type 22
y11: client 0: request 5801 opcode 12 len 20 bytes: 0c 00 05 00 9e 02 10 00 60 00 b5 00 a2 02 10 00 01 00 00 00
y11: client 0: event type 22
y11: client 0: request 5802 opcode 12 len 20 bytes: 0c 00 05 00 9a 02 10 00 60 00 00 00 9e 02 10 00 01 00 00 00
y11: client 0: event type 22
y11: client 0: request 5803 opcode 12 len 20 bytes: 0c 00 05 00 96 02 10 00 60 00 00 00 9a 02 10 00 01 00 00 00
y11: client 0: event type 22
y11: client 0: request 5804 opcode 12 len 20 bytes: 0c 00 05 00 92 02 10 00 60 00 00 00 96 02 10 00 01 00 00 00
y11: client 0: event type 22
y11: client 0: request 5805 opcode 12 len 20 bytes: 0c 00 05 00 8e 02 10 00 60 00 b4 00 92 02 10 00 01 00 00 00
y11: client 0: event type 22
y11: client 0: request 5806 opcode 12 len 20 bytes: 0c 00 05 00 8a 02 10 00 60 00 92 00 8e 02 10 00 01 00 00 00
y11: client 0: event type 22
y11: client 0: request 5807 opcode 12 len 20 bytes: 0c 00 05 00 86 02 10 00 60 00 b4 00 8a 02 10 00 01 00 00 00
y11: client 0: event type 22
y11: client 0: request 5808 opcode 12 len 20 bytes: 0c 00 05 00 82 02 10 00 60 00 1b 00 86 02 10 00 01 00 00 00
y11: client 0: event type 22
y11: client 0: request 5809 opcode 12 len 20 bytes: 0c 00 05 00 7e 02 10 00 60 00 07 00 82 02 10 00 01 00 00 00
y11: client 0: event type 22
y11: client 0: request 5810 opcode 12 len 20 bytes: 0c 00 05 00 79 02 10 00 60 00 b4 00 7e 02 10 00 01 00 00 00
y11: client 0: event type 22
y11: client 0: request 5811 opcode 12 len 20 bytes: 0c 00 05 00 75 02 10 00 60 00 8b 00 79 02 10 00 01 00 00 00
y11: client 0: event type 22
y11: client 0: request 5812 opcode 12 len 20 bytes: 0c 00 05 00 71 02 10 00 60 00 b4 00 75 02 10 00 01 00 00 00
y11: client 0: event type 22
y11: client 0: request 5813 opcode 12 len 20 bytes: 0c 00 05 00 6d 02 10 00 60 00 00 00 71 02 10 00 01 00 00 00
y11: client 0: event type 22
y11: client 0: request 5814 opcode 12 len 20 bytes: 0c 00 05 00 69 02 10 00 60 00 00 00 6d 02 10 00 01 00 00 00
y11: client 0: event type 22
y11: client 0: request 5815 opcode 12 len 20 bytes: 0c 00 05 00 65 02 10 00 60 00 e8 00 69 02 10 00 01 00 00 00
y11: client 0: event type 22
y11: client 0: request 5816 opcode 12 len 20 bytes: 0c 00 05 00 e3 01 10 00 60 00 a8 00 65 02 10 00 01 00 00 00
y11: client 0: event type 22
y11: client 0: request 5817 opcode 12 len 20 bytes: 0c 00 05 00 e1 01 10 00 60 00 e8 00 e3 01 10 00 01 00 00 00
y11: client 0: event type 22
y11: client 0: request 5818 opcode 12 len 20 bytes: 0c 00 05 00 de 01 10 00 60 00 00 00 e1 01 10 00 01 00 00 00
y11: client 0: event type 22
y11: client 0: request 5819 opcode 12 len 20 bytes: 0c 00 05 00 dc 01 10 00 60 00 b8 00 de 01 10 00 01 00 00 00
y11: client 0: event type 22
y11: client 0: request 5820 opcode 12 len 20 bytes: 0c 00 05 00 da 01 10 00 60 00 00 00 dc 01 10 00 01 00 00 00
y11: client 0: event type 22
y11: client 0: request 5821 opcode 12 len 20 bytes: 0c 00 05 00 d8 01 10 00 60 00 b5 d1 da 01 10 00 01 00 00 00
y11: client 0: event type 22
y11: client 0: request 5822 opcode 12 len 20 bytes: 0c 00 05 00 d4 01 10 00 60 00 00 00 d8 01 10 00 01 00 00 00
y11: client 0: event type 22
y11: client 0: request 5823 opcode 1 len 48 bytes: 01 18 0c 00 24 03 10 00 23 03 10 00 00 00 00 00 02 00 19 00
y11: client 0: request 5824 opcode 1 len 48 bytes: 01 18 0c 00 25 03 10 00 23 03 10 00 e9 ff 00 00 19 00 19 00
y11: client 0: request 5825 opcode 12 len 20 bytes: 0c 00 05 00 24 03 10 00 03 00 00 00 00 00 00 00 00 00 00 00
y11: client 0: request 5826 opcode 12 len 16 bytes: 0c 00 04 00 24 03 10 00 40 00 00 00 00 00 00 00
y11: client 0: request 5827 opcode 8 len 8 bytes: 08 00 02 00 24 03 10 00
y11: client 0: request 5828 opcode 12 len 20 bytes: 0c 00 05 00 23 03 10 00 0c 00 bd 77 01 00 00 00 1a 00 00 00
y11: client 0: event type 22
y11: client 0: request 5829 opcode 12 len 16 bytes: 0c 00 04 00 23 03 10 00 10 00 ff b0 01 00 00 00
y11: client 0: event type 22
y11: client 0: request 5830 opcode 84 len 16 bytes: 54 00 04 00 22 00 00 00 00 00 00 00 00 00 ff 88
y11: client 0: reply seq 5830 len 32
y11: client 0: request 5831 opcode 84 len 16 bytes: 54 00 04 00 22 00 00 00 00 00 00 00 00 00 00 00
y11: client 0: reply seq 5831 len 32
y11: client 0: request 5832 opcode 84 len 16 bytes: 54 00 04 00 22 00 00 00 00 ff 00 ff 00 ff 00 00
y11: client 0: reply seq 5832 len 32
y11: client 0: request 5833 opcode 2 len 16 bytes: 02 00 04 00 23 03 10 00 08 00 00 00 00 00 00 00
y11: client 0: request 5834 opcode 10 len 8 bytes: 0a 00 02 00 25 03 10 00
y11: client 0: request 5835 opcode 12 len 20 bytes: 0c 00 05 00 24 03 10 00 03 00 00 00 00 00 00 00 00 00 00 00
y11: client 0: request 5836 opcode 1 len 48 bytes: 01 18 0c 00 26 03 10 00 23 03 10 00 00 00 19 00 01 00 0a 00
y11: client 0: request 5837 opcode 8 len 8 bytes: 08 00 02 00 26 03 10 00
y11: client 0: request 5838 opcode 1 len 52 bytes: 01 18 0d 00 27 03 10 00 21 00 00 00 08 00 02 00 01 00 01 00
y11: client 0: event type 16
y11: client 0: request 5839 opcode 61 len 16 bytes: 3d 00 04 00 27 03 10 00 00 00 00 00 00 00 00 00
y11: client 0: request 5840 opcode 12 len 20 bytes: 0c 00 05 00 23 03 10 00 60 00 e2 97 27 03 10 00 01 00 00 00
y11: client 0: event type 22
y11: client 0: request 5841 opcode 12 len 20 bytes: 0c 00 05 00 1a 03 10 00 60 00 10 00 23 03 10 00 01 00 00 00
y11: client 0: event type 22
y11: client 0: request 5842 opcode 12 len 20 bytes: 0c 00 05 00 16 03 10 00 60 00 10 00 1a 03 10 00 01 00 00 00
y11: client 0: event type 22
y11: client 0: request 5843 opcode 12 len 20 bytes: 0c 00 05 00 12 03 10 00 60 00 00 00 16 03 10 00 01 00 00 00
y11: client 0: event type 22
y11: client 0: request 5844 opcode 12 len 20 bytes: 0c 00 05 00 0e 03 10 00 60 00 14 00 12 03 10 00 01 00 00 00
y11: client 0: event type 22
y11: client 0: request 5845 opcode 12 len 20 bytes: 0c 00 05 00 0a 03 10 00 60 00 2d 00 0e 03 10 00 01 00 00 00
y11: client 0: event type 22
y11: client 0: request 5846 opcode 12 len 20 bytes: 0c 00 05 00 06 03 10 00 60 00 10 00 0a 03 10 00 01 00 00 00
y11: client 0: event type 22
y11: client 0: request 5847 opcode 12 len 20 bytes: 0c 00 05 00 02 03 10 00 60 00 05 00 06 03 10 00 01 00 00 00
y11: client 0: event type 22
y11: client 0: request 5848 opcode 12 len 20 bytes: 0c 00 05 00 fe 02 10 00 60 00 05 00 02 03 10 00 01 00 00 00
y11: client 0: event type 22
y11: client 0: request 5849 opcode 12 len 20 bytes: 0c 00 05 00 fa 02 10 00 60 00 04 00 fe 02 10 00 01 00 00 00
y11: client 0: event type 22
y11: client 0: request 5850 opcode 12 len 20 bytes: 0c 00 05 00 f6 02 10 00 60 00 00 00 fa 02 10 00 01 00 00 00
y11: client 0: event type 22
y11: client 0: request 5851 opcode 12 len 20 bytes: 0c 00 05 00 f2 02 10 00 60 00 00 00 f6 02 10 00 01 00 00 00
y11: client 0: event type 22
y11: client 0: request 5852 opcode 12 len 20 bytes: 0c 00 05 00 ee 02 10 00 60 00 56 57 f2 02 10 00 01 00 00 00
y11: client 0: event type 22
y11: client 0: request 5853 opcode 12 len 20 bytes: 0c 00 05 00 ea 02 10 00 60 00 07 00 ee 02 10 00 01 00 00 00
y11: client 0: event type 22
y11: client 0: request 5854 opcode 12 len 20 bytes: 0c 00 05 00 e6 02 10 00 60 00 2c 00 ea 02 10 00 01 00 00 00
y11: client 0: event type 22
y11: client 0: request 5855 opcode 12 len 20 bytes: 0c 00 05 00 e2 02 10 00 60 00 17 00 e6 02 10 00 01 00 00 00
y11: client 0: event type 22
y11: client 0: request 5856 opcode 12 len 20 bytes: 0c 00 05 00 de 02 10 00 60 00 10 00 e2 02 10 00 01 00 00 00
y11: client 0: event type 22
y11: client 0: request 5857 opcode 12 len 20 bytes: 0c 00 05 00 da 02 10 00 60 00 10 00 de 02 10 00 01 00 00 00
y11: client 0: event type 22
y11: client 0: request 5858 opcode 12 len 20 bytes: 0c 00 05 00 d6 02 10 00 60 00 00 00 da 02 10 00 01 00 00 00
y11: client 0: event type 22
y11: client 0: request 5859 opcode 12 len 20 bytes: 0c 00 05 00 d2 02 10 00 60 00 00 00 d6 02 10 00 01 00 00 00
y11: client 0: event type 22
y11: client 0: request 5860 opcode 12 len 20 bytes: 0c 00 05 00 ce 02 10 00 60 00 56 57 d2 02 10 00 01 00 00 00
y11: client 0: event type 22
y11: client 0: request 5861 opcode 12 len 20 bytes: 0c 00 05 00 ca 02 10 00 60 00 2f 00 ce 02 10 00 01 00 00 00
y11: client 0: event type 22
y11: client 0: request 5862 opcode 12 len 20 bytes: 0c 00 05 00 c6 02 10 00 60 00 2e 00 ca 02 10 00 01 00 00 00
y11: client 0: event type 22
y11: client 0: request 5863 opcode 12 len 20 bytes: 0c 00 05 00 c2 02 10 00 60 00 10 00 c6 02 10 00 01 00 00 00
y11: client 0: event type 22
y11: client 0: request 5864 opcode 12 len 20 bytes: 0c 00 05 00 be 02 10 00 60 00 2e 00 c2 02 10 00 01 00 00 00
y11: client 0: event type 22
y11: client 0: request 5865 opcode 12 len 20 bytes: 0c 00 05 00 ba 02 10 00 60 00 44 00 be 02 10 00 01 00 00 00
y11: client 0: event type 22
y11: client 0: request 5866 opcode 12 len 20 bytes: 0c 00 05 00 b6 02 10 00 60 00 10 00 ba 02 10 00 01 00 00 00
y11: client 0: event type 22
y11: client 0: request 5867 opcode 12 len 20 bytes: 0c 00 05 00 b2 02 10 00 60 00 10 00 b6 02 10 00 01 00 00 00
y11: client 0: event type 22
y11: client 0: request 5868 opcode 12 len 20 bytes: 0c 00 05 00 ae 02 10 00 60 00 00 00 b2 02 10 00 01 00 00 00
y11: client 0: event type 22
y11: client 0: request 5869 opcode 12 len 20 bytes: 0c 00 05 00 aa 02 10 00 60 00 04 00 ae 02 10 00 01 00 00 00
y11: client 0: event type 22
y11: client 0: request 5870 opcode 12 len 20 bytes: 0c 00 05 00 a6 02 10 00 60 00 10 00 aa 02 10 00 01 00 00 00
y11: client 0: event type 22
y11: client 0: request 5871 opcode 12 len 20 bytes: 0c 00 05 00 a2 02 10 00 60 00 43 00 a6 02 10 00 01 00 00 00
y11: client 0: event type 22
y11: client 0: request 5872 opcode 12 len 20 bytes: 0c 00 05 00 9e 02 10 00 60 00 44 00 a2 02 10 00 01 00 00 00
y11: client 0: event type 22
y11: client 0: request 5873 opcode 12 len 20 bytes: 0c 00 05 00 9a 02 10 00 60 00 10 00 9e 02 10 00 01 00 00 00
y11: client 0: event type 22
y11: client 0: request 5874 opcode 12 len 20 bytes: 0c 00 05 00 96 02 10 00 60 00 05 00 9a 02 10 00 01 00 00 00
y11: client 0: event type 22
y11: client 0: request 5875 opcode 12 len 20 bytes: 0c 00 05 00 92 02 10 00 60 00 0c 00 96 02 10 00 01 00 00 00
y11: client 0: event type 22
y11: client 0: request 5876 opcode 12 len 20 bytes: 0c 00 05 00 8e 02 10 00 60 00 10 00 92 02 10 00 01 00 00 00
y11: client 0: event type 22
y11: client 0: request 5877 opcode 12 len 20 bytes: 0c 00 05 00 8a 02 10 00 60 00 56 48 8e 02 10 00 01 00 00 00
y11: client 0: event type 22
y11: client 0: request 5878 opcode 12 len 20 bytes: 0c 00 05 00 86 02 10 00 60 00 02 00 8a 02 10 00 01 00 00 00
y11: client 0: event type 22
y11: client 0: request 5879 opcode 12 len 20 bytes: 0c 00 05 00 82 02 10 00 60 00 00 00 86 02 10 00 01 00 00 00
y11: client 0: event type 22
y11: client 0: request 5880 opcode 12 len 20 bytes: 0c 00 05 00 7e 02 10 00 60 00 04 00 82 02 10 00 01 00 00 00
y11: client 0: event type 22
y11: client 0: request 5881 opcode 12 len 20 bytes: 0c 00 05 00 79 02 10 00 60 00 10 00 7e 02 10 00 01 00 00 00
y11: client 0: event type 22
y11: client 0: request 5882 opcode 12 len 20 bytes: 0c 00 05 00 75 02 10 00 60 00 10 00 79 02 10 00 01 00 00 00
y11: client 0: event type 22
y11: client 0: request 5883 opcode 12 len 20 bytes: 0c 00 05 00 71 02 10 00 60 00 10 00 75 02 10 00 01 00 00 00
y11: client 0: event type 22
y11: client 0: request 5884 opcode 12 len 20 bytes: 0c 00 05 00 6d 02 10 00 60 00 10 00 71 02 10 00 01 00 00 00
y11: client 0: event type 22
y11: client 0: request 5885 opcode 12 len 20 bytes: 0c 00 05 00 69 02 10 00 60 00 10 00 6d 02 10 00 01 00 00 00
y11: client 0: event type 22
y11: client 0: request 5886 opcode 12 len 20 bytes: 0c 00 05 00 65 02 10 00 60 00 10 00 69 02 10 00 01 00 00 00
y11: client 0: event type 22
y11: client 0: request 5887 opcode 12 len 20 bytes: 0c 00 05 00 e3 01 10 00 60 00 10 00 65 02 10 00 01 00 00 00
y11: client 0: event type 22
y11: client 0: request 5888 opcode 12 len 20 bytes: 0c 00 05 00 e1 01 10 00 60 00 10 00 e3 01 10 00 01 00 00 00
y11: client 0: event type 22
y11: client 0: request 5889 opcode 12 len 20 bytes: 0c 00 05 00 de 01 10 00 60 00 10 00 e1 01 10 00 01 00 00 00
y11: client 0: event type 22
y11: client 0: request 5890 opcode 12 len 20 bytes: 0c 00 05 00 dc 01 10 00 60 00 10 00 de 01 10 00 01 00 00 00
y11: client 0: event type 22
y11: client 0: request 5891 opcode 12 len 20 bytes: 0c 00 05 00 da 01 10 00 60 00 10 00 dc 01 10 00 01 00 00 00
y11: client 0: event type 22
y11: client 0: request 5892 opcode 12 len 20 bytes: 0c 00 05 00 d8 01 10 00 60 00 10 00 da 01 10 00 01 00 00 00
y11: client 0: event type 22
y11: client 0: request 5893 opcode 12 len 20 bytes: 0c 00 05 00 d4 01 10 00 60 00 10 00 d8 01 10 00 01 00 00 00
y11: client 0: event type 22
y11: client 0: request 5894 opcode 1 len 48 bytes: 01 18 0c 00 28 03 10 00 27 03 10 00 00 00 00 00 02 00 19 00
y11: client 0: request 5895 opcode 1 len 48 bytes: 01 18 0c 00 29 03 10 00 27 03 10 00 e9 ff 00 00 19 00 19 00
y11: client 0: request 5896 opcode 12 len 20 bytes: 0c 00 05 00 28 03 10 00 03 00 05 00 00 00 00 00 00 00 00 00
y11: client 0: request 5897 opcode 12 len 16 bytes: 0c 00 04 00 28 03 10 00 40 00 05 00 00 00 00 00
y11: client 0: request 5898 opcode 8 len 8 bytes: 08 00 02 00 28 03 10 00
y11: client 0: request 5899 opcode 12 len 20 bytes: 0c 00 05 00 27 03 10 00 0c 00 10 00 01 00 00 00 1a 00 00 00
y11: client 0: event type 22
y11: client 0: request 5900 opcode 12 len 16 bytes: 0c 00 04 00 27 03 10 00 10 00 10 00 01 00 00 00
y11: client 0: event type 22
y11: client 0: request 5901 opcode 84 len 16 bytes: 54 00 04 00 22 00 00 00 00 00 00 00 00 00 10 00
y11: client 0: reply seq 5901 len 32
y11: client 0: request 5902 opcode 84 len 16 bytes: 54 00 04 00 22 00 00 00 00 00 00 00 00 00 02 00
y11: client 0: reply seq 5902 len 32
y11: client 0: request 5903 opcode 84 len 16 bytes: 54 00 04 00 22 00 00 00 00 ff 00 ff 00 ff 02 00
y11: client 0: reply seq 5903 len 32
y11: client 0: request 5904 opcode 2 len 16 bytes: 02 00 04 00 27 03 10 00 08 00 00 00 00 00 00 00
y11: client 0: request 5905 opcode 10 len 8 bytes: 0a 00 02 00 29 03 10 00
y11: client 0: request 5906 opcode 12 len 20 bytes: 0c 00 05 00 28 03 10 00 03 00 00 00 00 00 00 00 00 00 00 00
y11: client 0: request 5907 opcode 1 len 48 bytes: 01 18 0c 00 2a 03 10 00 27 03 10 00 00 00 19 00 01 00 0a 00
y11: client 0: request 5908 opcode 8 len 8 bytes: 08 00 02 00 2a 03 10 00
y11: client 0: request 5909 opcode 12 len 20 bytes: 0c 00 05 00 6b 02 10 00 03 00 00 00 6a 00 00 00 00 00 00 00
y11: client 0: request 5910 opcode 12 len 20 bytes: 0c 00 05 00 6a 02 10 00 03 00 10 00 00 00 00 00 00 00 00 00
y11: client 0: request 5911 opcode 12 len 16 bytes: 0c 00 04 00 69 02 10 00 10 00 10 00 01 00 00 00
y11: client 0: event type 22
y11: client 0: request 5912 opcode 84 len 16 bytes: 54 00 04 00 22 00 00 00 00 00 00 00 00 00 00 00
y11: client 0: reply seq 5912 len 32
y11: client 0: request 5913 opcode 84 len 16 bytes: 54 00 04 00 22 00 00 00 00 00 00 00 00 00 00 00
y11: client 0: reply seq 5913 len 32
y11: client 0: request 5914 opcode 84 len 16 bytes: 54 00 04 00 22 00 00 00 00 ff 00 ff 00 ff 00 00
y11: client 0: reply seq 5914 len 32
y11: client 0: request 5915 opcode 2 len 16 bytes: 02 00 04 00 69 02 10 00 08 00 00 00 00 00 00 00
y11: client 0: request 5916 opcode 12 len 28 bytes: 0c 00 07 00 6c 02 10 00 0f 00 10 00 00 00 00 00 19 00 00 00
y11: client 0: request 5917 opcode 12 len 20 bytes: 0c 00 05 00 69 02 10 00 0c 00 00 00 82 00 00 00 8b 00 00 00
y11: client 0: event type 22
y11: client 0: request 5918 opcode 2 len 16 bytes: 02 00 04 00 6c 02 10 00 02 00 00 00 aa aa aa 00
y11: client 0: request 5919 opcode 61 len 16 bytes: 3d 00 04 00 6c 02 10 00 00 00 00 00 00 00 00 00
y11: client 0: request 5920 opcode 12 len 20 bytes: 0c 00 05 00 67 02 10 00 03 00 00 00 6a 00 00 00 00 00 00 00
y11: client 0: request 5921 opcode 12 len 20 bytes: 0c 00 05 00 66 02 10 00 03 00 00 00 00 00 00 00 00 00 00 00
y11: client 0: request 5922 opcode 12 len 16 bytes: 0c 00 04 00 65 02 10 00 10 00 00 00 01 00 00 00
y11: client 0: event type 22
y11: client 0: request 5923 opcode 84 len 16 bytes: 54 00 04 00 22 00 00 00 00 00 00 00 00 00 00 00
y11: client 0: reply seq 5923 len 32
y11: client 0: request 5924 opcode 84 len 16 bytes: 54 00 04 00 22 00 00 00 00 00 00 00 00 00 00 00
y11: client 0: reply seq 5924 len 32
y11: client 0: request 5925 opcode 84 len 16 bytes: 54 00 04 00 22 00 00 00 00 ff 00 ff 00 ff 00 00
y11: client 0: reply seq 5925 len 32
y11: client 0: request 5926 opcode 2 len 16 bytes: 02 00 04 00 65 02 10 00 08 00 00 00 00 00 00 00
y11: client 0: request 5927 opcode 12 len 28 bytes: 0c 00 07 00 68 02 10 00 0f 00 10 00 00 00 00 00 19 00 00 00
y11: client 0: request 5928 opcode 12 len 20 bytes: 0c 00 05 00 65 02 10 00 0c 00 00 00 82 00 00 00 8b 00 00 00
y11: client 0: event type 22
y11: client 0: request 5929 opcode 2 len 16 bytes: 02 00 04 00 68 02 10 00 02 00 00 00 aa aa aa 00
y11: client 0: request 5930 opcode 61 len 16 bytes: 3d 00 04 00 68 02 10 00 00 00 00 00 00 00 00 00
y11: client 0: request 5931 opcode 12 len 20 bytes: 0c 00 05 00 6b 02 10 00 03 00 00 00 6a 00 00 00 00 00 00 00
y11: client 0: request 5932 opcode 12 len 20 bytes: 0c 00 05 00 6a 02 10 00 03 00 00 00 00 00 00 00 00 00 00 00
y11: client 0: request 5933 opcode 12 len 16 bytes: 0c 00 04 00 69 02 10 00 10 00 00 00 01 00 00 00
y11: client 0: event type 22
y11: client 0: request 5934 opcode 84 len 16 bytes: 54 00 04 00 22 00 00 00 00 00 00 00 00 00 00 00
y11: client 0: reply seq 5934 len 32
y11: client 0: request 5935 opcode 84 len 16 bytes: 54 00 04 00 22 00 00 00 00 00 00 00 00 00 00 00
y11: client 0: reply seq 5935 len 32
y11: client 0: request 5936 opcode 84 len 16 bytes: 54 00 04 00 22 00 00 00 00 ff 00 ff 00 ff 00 00
y11: client 0: reply seq 5936 len 32
y11: client 0: request 5937 opcode 2 len 16 bytes: 02 00 04 00 69 02 10 00 08 00 00 00 00 00 00 00
y11: client 0: request 5938 opcode 139 len 108 bytes: 8b 14 1b 00 e0 01 10 00 01 00 00 00 76 06 00 00 07 00 0a 00
y11: client 0: request 5939 opcode 12 len 28 bytes: 0c 00 07 00 6c 02 10 00 0f 00 00 00 00 00 00 00 19 00 00 00
y11: client 0: request 5940 opcode 12 len 20 bytes: 0c 00 05 00 69 02 10 00 0c 00 00 00 a7 00 00 00 e7 00 00 00
y11: client 0: event type 22
y11: client 0: request 5941 opcode 12 len 20 bytes: 0c 00 05 00 6b 02 10 00 03 00 10 00 8f 00 00 00 00 00 00 00
y11: client 0: request 5942 opcode 12 len 28 bytes: 0c 00 07 00 6a 02 10 00 0f 00 10 00 00 00 00 00 00 00 00 00
y11: client 0: request 5943 opcode 2 len 16 bytes: 02 00 04 00 6c 02 10 00 02 00 00 00 aa aa aa 00
y11: client 0: request 5944 opcode 61 len 16 bytes: 3d 00 04 00 6c 02 10 00 00 00 00 00 00 00 00 00
y11: client 0: request 5945 opcode 12 len 20 bytes: 0c 00 05 00 67 02 10 00 03 00 10 00 6a 00 00 00 00 00 00 00
y11: client 0: request 5946 opcode 12 len 20 bytes: 0c 00 05 00 66 02 10 00 03 00 10 00 00 00 00 00 00 00 00 00
y11: client 0: request 5947 opcode 12 len 16 bytes: 0c 00 04 00 65 02 10 00 10 00 10 00 01 00 00 00
y11: client 0: event type 22
y11: client 0: request 5948 opcode 84 len 16 bytes: 54 00 04 00 22 00 00 00 00 00 00 00 00 00 10 00
y11: client 0: reply seq 5948 len 32
y11: client 0: request 5949 opcode 84 len 16 bytes: 54 00 04 00 22 00 00 00 00 00 00 00 00 00 00 00
y11: client 0: reply seq 5949 len 32
y11: client 0: request 5950 opcode 84 len 16 bytes: 54 00 04 00 22 00 00 00 00 ff 00 ff 00 ff 00 00
y11: client 0: reply seq 5950 len 32
y11: client 0: request 5951 opcode 2 len 16 bytes: 02 00 04 00 65 02 10 00 08 00 00 00 00 00 00 00
y11: client 0: request 5952 opcode 12 len 28 bytes: 0c 00 07 00 68 02 10 00 0f 00 00 00 00 00 00 00 19 00 00 00
y11: client 0: request 5953 opcode 12 len 20 bytes: 0c 00 05 00 65 02 10 00 0c 00 94 00 a7 00 00 00 e7 00 00 00
y11: client 0: event type 22
y11: client 0: request 5954 opcode 12 len 20 bytes: 0c 00 05 00 67 02 10 00 03 00 34 00 8f 00 00 00 00 00 00 00
y11: client 0: request 5955 opcode 12 len 28 bytes: 0c 00 07 00 66 02 10 00 0f 00 5c 00 00 00 00 00 00 00 00 00
y11: client 0: request 5956 opcode 2 len 16 bytes: 02 00 04 00 68 02 10 00 02 00 00 00 aa aa aa 00
y11: client 0: request 5957 opcode 61 len 16 bytes: 3d 00 04 00 68 02 10 00 00 00 00 00 00 00 00 00
y11: client 0: request 5958 opcode 12 len 20 bytes: 0c 00 05 00 65 02 10 00 03 00 05 00 af d8 ff ff f0 d8 ff ff
y11: client 0: event type 22
y11: client 0: request 5959 opcode 8 len 8 bytes: 08 00 02 00 65 02 10 00
y11: client 0: event type 19
y11: client 0: event type 12
y11: client 0: event type 12
y11: client 0: event type 12
y11: client 0: request 5960 opcode 12 len 16 bytes: 0c 00 04 00 65 02 10 00 40 00 10 00 00 00 00 00
y11: client 0: event type 22
y11: client 0: request 5961 opcode 10 len 8 bytes: 0a 00 02 00 65 02 10 00
y11: client 0: event type 18
y11: client 0: request 5962 opcode 1 len 52 bytes: 01 18 0d 00 2b 03 10 00 21 00 00 00 00 00 00 00 40 00 40 00
y11: client 0: event type 16
y11: client 0: request 5963 opcode 61 len 16 bytes: 3d 00 04 00 2b 03 10 00 00 00 00 00 00 00 00 00
y11: client 0: request 5964 opcode 43 len 4 bytes: 2b 00 01 00
y11: client 0: reply seq 5964 len 32
y11: client 0: request 5965 opcode 130 len 16 bytes: 82 01 04 00 2c 03 10 00 1d 00 02 00 00 00 00 00
y11: client 0: request 5966 opcode 43 len 4 bytes: 2b 00 01 00
y11: client 0: reply seq 5966 len 32
y11: client 0: request 5967 opcode 53 len 16 bytes: 35 18 04 00 2d 03 10 00 21 00 00 00 40 00 40 00
y11: client 0: request 5968 opcode 130 len 28 bytes: 82 05 07 00 2e 03 10 00 21 00 00 00 40 00 40 00 18 00 00 00
y11: client 0: request 5969 opcode 62 len 28 bytes: 3e 00 07 00 2e 03 10 00 2d 03 10 00 7c 00 10 00 00 00 00 00
y11: client 0: request 5970 opcode 54 len 8 bytes: 36 00 02 00 2e 03 10 00
y11: client 0: request 5971 opcode 43 len 4 bytes: 2b 00 01 00
y11: client 0: reply seq 5971 len 32
y11: client 0: request 5972 opcode 130 len 8 bytes: 82 02 02 00 2c 03 10 00
y11: client 0: request 5973 opcode 2 len 16 bytes: 02 00 04 00 2b 03 10 00 01 00 00 00 2d 03 10 00
y11: client 0: request 5974 opcode 61 len 16 bytes: 3d 00 04 00 2b 03 10 00 00 00 00 00 00 00 00 00
y11: client 0: request 5975 opcode 18 len 28 bytes: 12 02 07 00 2b 03 10 00 6d 00 00 00 04 00 00 00 20 00 10 00
y11: client 0: request 5976 opcode 12 len 20 bytes: 0c 00 05 00 27 03 10 00 60 00 10 00 65 02 10 00 01 00 00 00
y11: client 0: event type 22
y11: client 0: request 5977 opcode 12 len 20 bytes: 0c 00 05 00 23 03 10 00 60 00 00 00 27 03 10 00 01 00 00 00
y11: client 0: event type 22
y11: client 0: request 5978 opcode 12 len 20 bytes: 0c 00 05 00 1a 03 10 00 60 00 10 00 23 03 10 00 01 00 00 00
y11: client 0: event type 22
y11: client 0: request 5979 opcode 12 len 20 bytes: 0c 00 05 00 16 03 10 00 60 00 00 00 1a 03 10 00 01 00 00 00
y11: client 0: event type 22
y11: client 0: request 5980 opcode 12 len 20 bytes: 0c 00 05 00 12 03 10 00 60 00 ff ff 16 03 10 00 01 00 00 00
y11: client 0: event type 22
y11: client 0: request 5981 opcode 12 len 20 bytes: 0c 00 05 00 0e 03 10 00 60 00 10 00 12 03 10 00 01 00 00 00
y11: client 0: event type 22
y11: client 0: request 5982 opcode 12 len 20 bytes: 0c 00 05 00 0a 03 10 00 60 00 0d 00 0e 03 10 00 01 00 00 00
y11: client 0: event type 22
y11: client 0: request 5983 opcode 12 len 20 bytes: 0c 00 05 00 06 03 10 00 60 00 00 00 0a 03 10 00 01 00 00 00
y11: client 0: event type 22
y11: client 0: request 5984 opcode 12 len 20 bytes: 0c 00 05 00 02 03 10 00 60 00 10 00 06 03 10 00 01 00 00 00
y11: client 0: event type 22
y11: client 0: request 5985 opcode 12 len 20 bytes: 0c 00 05 00 fe 02 10 00 60 00 00 00 02 03 10 00 01 00 00 00
y11: client 0: event type 22
y11: client 0: request 5986 opcode 12 len 20 bytes: 0c 00 05 00 fa 02 10 00 60 00 10 00 fe 02 10 00 01 00 00 00
y11: client 0: event type 22
y11: client 0: request 5987 opcode 12 len 20 bytes: 0c 00 05 00 f6 02 10 00 60 00 10 00 fa 02 10 00 01 00 00 00
y11: client 0: event type 22
y11: client 0: request 5988 opcode 12 len 20 bytes: 0c 00 05 00 f2 02 10 00 60 00 00 00 f6 02 10 00 01 00 00 00
y11: client 0: event type 22
y11: client 0: request 5989 opcode 12 len 20 bytes: 0c 00 05 00 ee 02 10 00 60 00 07 00 f2 02 10 00 01 00 00 00
y11: client 0: event type 22
y11: client 0: request 5990 opcode 12 len 20 bytes: 0c 00 05 00 ea 02 10 00 60 00 2c 00 ee 02 10 00 01 00 00 00
y11: client 0: event type 22
y11: client 0: request 5991 opcode 12 len 20 bytes: 0c 00 05 00 e6 02 10 00 60 00 17 00 ea 02 10 00 01 00 00 00
y11: client 0: event type 22
y11: client 0: request 5992 opcode 12 len 20 bytes: 0c 00 05 00 e2 02 10 00 60 00 10 00 e6 02 10 00 01 00 00 00
y11: client 0: event type 22
y11: client 0: request 5993 opcode 12 len 20 bytes: 0c 00 05 00 de 02 10 00 60 00 10 00 e2 02 10 00 01 00 00 00
y11: client 0: event type 22
y11: client 0: request 5994 opcode 12 len 20 bytes: 0c 00 05 00 da 02 10 00 60 00 00 00 de 02 10 00 01 00 00 00
y11: client 0: event type 22
y11: client 0: request 5995 opcode 12 len 20 bytes: 0c 00 05 00 d6 02 10 00 60 00 00 00 da 02 10 00 01 00 00 00
y11: client 0: event type 22
y11: client 0: request 5996 opcode 12 len 20 bytes: 0c 00 05 00 d2 02 10 00 60 00 56 57 d6 02 10 00 01 00 00 00
y11: client 0: event type 22
y11: client 0: request 5997 opcode 12 len 20 bytes: 0c 00 05 00 ce 02 10 00 60 00 2f 00 d2 02 10 00 01 00 00 00
y11: client 0: event type 22
y11: client 0: request 5998 opcode 12 len 20 bytes: 0c 00 05 00 ca 02 10 00 60 00 2e 00 ce 02 10 00 01 00 00 00
y11: client 0: event type 22
y11: client 0: request 5999 opcode 12 len 20 bytes: 0c 00 05 00 c6 02 10 00 60 00 10 00 ca 02 10 00 01 00 00 00
y11: client 0: event type 22
y11: client 0: request 6000 opcode 12 len 20 bytes: 0c 00 05 00 c2 02 10 00 60 00 2e 00 c6 02 10 00 01 00 00 00
y11: client 0: event type 22
y11: client 0: request 6001 opcode 12 len 20 bytes: 0c 00 05 00 be 02 10 00 60 00 44 00 c2 02 10 00 01 00 00 00
y11: client 0: event type 22
y11: client 0: request 6002 opcode 12 len 20 bytes: 0c 00 05 00 ba 02 10 00 60 00 10 00 be 02 10 00 01 00 00 00
y11: client 0: event type 22
y11: client 0: request 6003 opcode 12 len 20 bytes: 0c 00 05 00 b6 02 10 00 60 00 10 00 ba 02 10 00 01 00 00 00
y11: client 0: event type 22
y11: client 0: request 6004 opcode 12 len 20 bytes: 0c 00 05 00 b2 02 10 00 60 00 00 00 b6 02 10 00 01 00 00 00
y11: client 0: event type 22
y11: client 0: request 6005 opcode 12 len 20 bytes: 0c 00 05 00 ae 02 10 00 60 00 04 00 b2 02 10 00 01 00 00 00
y11: client 0: event type 22
y11: client 0: request 6006 opcode 12 len 20 bytes: 0c 00 05 00 aa 02 10 00 60 00 10 00 ae 02 10 00 01 00 00 00
y11: client 0: event type 22
y11: client 0: request 6007 opcode 12 len 20 bytes: 0c 00 05 00 a6 02 10 00 60 00 43 00 aa 02 10 00 01 00 00 00
y11: client 0: event type 22
y11: client 0: request 6008 opcode 12 len 20 bytes: 0c 00 05 00 a2 02 10 00 60 00 44 00 a6 02 10 00 01 00 00 00
y11: client 0: event type 22
y11: client 0: request 6009 opcode 12 len 20 bytes: 0c 00 05 00 9e 02 10 00 60 00 10 00 a2 02 10 00 01 00 00 00
y11: client 0: event type 22
y11: client 0: request 6010 opcode 12 len 20 bytes: 0c 00 05 00 9a 02 10 00 60 00 05 00 9e 02 10 00 01 00 00 00
y11: client 0: event type 22
y11: client 0: request 6011 opcode 12 len 20 bytes: 0c 00 05 00 96 02 10 00 60 00 0c 00 9a 02 10 00 01 00 00 00
y11: client 0: event type 22
y11: client 0: request 6012 opcode 12 len 20 bytes: 0c 00 05 00 92 02 10 00 60 00 10 00 96 02 10 00 01 00 00 00
y11: client 0: event type 22
y11: client 0: request 6013 opcode 12 len 20 bytes: 0c 00 05 00 8e 02 10 00 60 00 56 48 92 02 10 00 01 00 00 00
y11: client 0: event type 22
y11: client 0: request 6014 opcode 12 len 20 bytes: 0c 00 05 00 8a 02 10 00 60 00 02 00 8e 02 10 00 01 00 00 00
y11: client 0: event type 22
y11: client 0: request 6015 opcode 12 len 20 bytes: 0c 00 05 00 86 02 10 00 60 00 00 00 8a 02 10 00 01 00 00 00
y11: client 0: event type 22
y11: client 0: request 6016 opcode 12 len 20 bytes: 0c 00 05 00 82 02 10 00 60 00 04 00 86 02 10 00 01 00 00 00
y11: client 0: event type 22
y11: client 0: request 6017 opcode 12 len 20 bytes: 0c 00 05 00 7e 02 10 00 60 00 10 00 82 02 10 00 01 00 00 00
y11: client 0: event type 22
y11: client 0: request 6018 opcode 12 len 20 bytes: 0c 00 05 00 79 02 10 00 60 00 10 00 7e 02 10 00 01 00 00 00
y11: client 0: event type 22
y11: client 0: request 6019 opcode 12 len 20 bytes: 0c 00 05 00 75 02 10 00 60 00 10 00 79 02 10 00 01 00 00 00
y11: client 0: event type 22
y11: client 0: request 6020 opcode 12 len 20 bytes: 0c 00 05 00 71 02 10 00 60 00 10 00 75 02 10 00 01 00 00 00
y11: client 0: event type 22
y11: client 0: request 6021 opcode 12 len 20 bytes: 0c 00 05 00 6d 02 10 00 60 00 10 00 71 02 10 00 01 00 00 00
y11: client 0: event type 22
y11: client 0: request 6022 opcode 12 len 20 bytes: 0c 00 05 00 69 02 10 00 60 00 10 00 6d 02 10 00 01 00 00 00
y11: client 0: event type 22
y11: client 0: request 6023 opcode 12 len 20 bytes: 0c 00 05 00 e3 01 10 00 60 00 10 00 69 02 10 00 01 00 00 00
y11: client 0: event type 22
y11: client 0: request 6024 opcode 12 len 20 bytes: 0c 00 05 00 e1 01 10 00 60 00 10 00 e3 01 10 00 01 00 00 00
y11: client 0: event type 22
y11: client 0: request 6025 opcode 12 len 20 bytes: 0c 00 05 00 de 01 10 00 60 00 10 00 e1 01 10 00 01 00 00 00
y11: client 0: event type 22
y11: client 0: request 6026 opcode 12 len 20 bytes: 0c 00 05 00 dc 01 10 00 60 00 10 00 de 01 10 00 01 00 00 00
y11: client 0: event type 22
y11: client 0: request 6027 opcode 12 len 20 bytes: 0c 00 05 00 da 01 10 00 60 00 10 00 dc 01 10 00 01 00 00 00
y11: client 0: event type 22
y11: client 0: request 6028 opcode 12 len 20 bytes: 0c 00 05 00 d8 01 10 00 60 00 10 00 da 01 10 00 01 00 00 00
y11: client 0: event type 22
y11: client 0: request 6029 opcode 12 len 20 bytes: 0c 00 05 00 2b 03 10 00 60 00 10 00 d8 01 10 00 01 00 00 00
y11: client 0: event type 22
y11: client 0: request 6030 opcode 12 len 20 bytes: 0c 00 05 00 d4 01 10 00 60 00 10 00 2b 03 10 00 01 00 00 00
y11: client 0: event type 22
y11: client 0: request 6031 opcode 8 len 8 bytes: 08 00 02 00 2b 03 10 00
y11: client 0: event type 19
y11: client 0: event type 12
y11: client 0: request 6032 opcode 12 len 20 bytes: 0c 00 05 00 2b 03 10 00 03 00 00 00 40 07 00 00 00 00 00 00
y11: client 0: event type 22
y11: client 0: request 6033 opcode 1 len 52 bytes: 01 18 0d 00 2f 03 10 00 21 00 00 00 08 00 02 00 01 00 01 00
y11: client 0: event type 16
y11: client 0: request 6034 opcode 61 len 16 bytes: 3d 00 04 00 2f 03 10 00 00 00 00 00 00 00 00 00
y11: client 0: request 6035 opcode 12 len 20 bytes: 0c 00 05 00 65 02 10 00 60 00 05 00 2f 03 10 00 01 00 00 00
y11: client 0: event type 22
y11: client 0: request 6036 opcode 12 len 20 bytes: 0c 00 05 00 27 03 10 00 60 00 10 00 65 02 10 00 01 00 00 00
y11: client 0: event type 22
y11: client 0: request 6037 opcode 12 len 20 bytes: 0c 00 05 00 23 03 10 00 60 00 10 00 27 03 10 00 01 00 00 00
y11: client 0: event type 22
y11: client 0: request 6038 opcode 12 len 20 bytes: 0c 00 05 00 1a 03 10 00 60 00 00 00 23 03 10 00 01 00 00 00
y11: client 0: event type 22
y11: client 0: request 6039 opcode 12 len 20 bytes: 0c 00 05 00 16 03 10 00 60 00 05 00 1a 03 10 00 01 00 00 00
y11: client 0: event type 22
y11: client 0: request 6040 opcode 12 len 20 bytes: 0c 00 05 00 12 03 10 00 60 00 05 00 16 03 10 00 01 00 00 00
y11: client 0: event type 22
y11: client 0: request 6041 opcode 12 len 20 bytes: 0c 00 05 00 0e 03 10 00 60 00 05 00 12 03 10 00 01 00 00 00
y11: client 0: event type 22
y11: client 0: request 6042 opcode 12 len 20 bytes: 0c 00 05 00 0a 03 10 00 60 00 05 00 0e 03 10 00 01 00 00 00
y11: client 0: event type 22
y11: client 0: request 6043 opcode 12 len 20 bytes: 0c 00 05 00 06 03 10 00 60 00 05 00 0a 03 10 00 01 00 00 00
y11: client 0: event type 22
y11: client 0: request 6044 opcode 12 len 20 bytes: 0c 00 05 00 02 03 10 00 60 00 05 00 06 03 10 00 01 00 00 00
y11: client 0: event type 22
y11: client 0: request 6045 opcode 12 len 20 bytes: 0c 00 05 00 fe 02 10 00 60 00 05 00 02 03 10 00 01 00 00 00
y11: client 0: event type 22
y11: client 0: request 6046 opcode 12 len 20 bytes: 0c 00 05 00 fa 02 10 00 60 00 05 00 fe 02 10 00 01 00 00 00
y11: client 0: event type 22
y11: client 0: request 6047 opcode 12 len 20 bytes: 0c 00 05 00 f6 02 10 00 60 00 05 00 fa 02 10 00 01 00 00 00
y11: client 0: event type 22
y11: client 0: request 6048 opcode 12 len 20 bytes: 0c 00 05 00 f2 02 10 00 60 00 05 00 f6 02 10 00 01 00 00 00
y11: client 0: event type 22
y11: client 0: request 6049 opcode 12 len 20 bytes: 0c 00 05 00 ee 02 10 00 60 00 05 00 f2 02 10 00 01 00 00 00
y11: client 0: event type 22
y11: client 0: request 6050 opcode 12 len 20 bytes: 0c 00 05 00 ea 02 10 00 60 00 05 00 ee 02 10 00 01 00 00 00
y11: client 0: event type 22
y11: client 0: request 6051 opcode 12 len 20 bytes: 0c 00 05 00 e6 02 10 00 60 00 05 00 ea 02 10 00 01 00 00 00
y11: client 0: event type 22
y11: client 0: request 6052 opcode 12 len 20 bytes: 0c 00 05 00 e2 02 10 00 60 00 05 00 e6 02 10 00 01 00 00 00
y11: client 0: event type 22
y11: client 0: request 6053 opcode 12 len 20 bytes: 0c 00 05 00 de 02 10 00 60 00 05 00 e2 02 10 00 01 00 00 00
y11: client 0: event type 22
y11: client 0: request 6054 opcode 12 len 20 bytes: 0c 00 05 00 da 02 10 00 60 00 05 00 de 02 10 00 01 00 00 00
y11: client 0: event type 22
y11: client 0: request 6055 opcode 12 len 20 bytes: 0c 00 05 00 d6 02 10 00 60 00 05 00 da 02 10 00 01 00 00 00
y11: client 0: event type 22
y11: client 0: request 6056 opcode 12 len 20 bytes: 0c 00 05 00 d2 02 10 00 60 00 05 00 d6 02 10 00 01 00 00 00
y11: client 0: event type 22
y11: client 0: request 6057 opcode 12 len 20 bytes: 0c 00 05 00 ce 02 10 00 60 00 05 00 d2 02 10 00 01 00 00 00
y11: client 0: event type 22
y11: client 0: request 6058 opcode 12 len 20 bytes: 0c 00 05 00 ca 02 10 00 60 00 05 00 ce 02 10 00 01 00 00 00
y11: client 0: event type 22
y11: client 0: request 6059 opcode 12 len 20 bytes: 0c 00 05 00 c6 02 10 00 60 00 05 00 ca 02 10 00 01 00 00 00
y11: client 0: event type 22
y11: client 0: request 6060 opcode 12 len 20 bytes: 0c 00 05 00 c2 02 10 00 60 00 05 00 c6 02 10 00 01 00 00 00
y11: client 0: event type 22
y11: client 0: request 6061 opcode 12 len 20 bytes: 0c 00 05 00 be 02 10 00 60 00 05 00 c2 02 10 00 01 00 00 00
y11: client 0: event type 22
y11: client 0: request 6062 opcode 12 len 20 bytes: 0c 00 05 00 ba 02 10 00 60 00 05 00 be 02 10 00 01 00 00 00
y11: client 0: event type 22
y11: client 0: request 6063 opcode 12 len 20 bytes: 0c 00 05 00 b6 02 10 00 60 00 05 00 ba 02 10 00 01 00 00 00
y11: client 0: event type 22
y11: client 0: request 6064 opcode 12 len 20 bytes: 0c 00 05 00 b2 02 10 00 60 00 05 00 b6 02 10 00 01 00 00 00
y11: client 0: event type 22
y11: client 0: request 6065 opcode 12 len 20 bytes: 0c 00 05 00 ae 02 10 00 60 00 05 00 b2 02 10 00 01 00 00 00
y11: client 0: event type 22
y11: client 0: request 6066 opcode 12 len 20 bytes: 0c 00 05 00 aa 02 10 00 60 00 05 00 ae 02 10 00 01 00 00 00
y11: client 0: event type 22
y11: client 0: request 6067 opcode 12 len 20 bytes: 0c 00 05 00 a6 02 10 00 60 00 05 00 aa 02 10 00 01 00 00 00
y11: client 0: event type 22
y11: client 0: request 6068 opcode 12 len 20 bytes: 0c 00 05 00 a2 02 10 00 60 00 05 00 a6 02 10 00 01 00 00 00
y11: client 0: event type 22
y11: client 0: request 6069 opcode 12 len 20 bytes: 0c 00 05 00 9e 02 10 00 60 00 0c 00 a2 02 10 00 01 00 00 00
y11: client 0: event type 22
y11: client 0: request 6070 opcode 12 len 20 bytes: 0c 00 05 00 9a 02 10 00 60 00 00 00 9e 02 10 00 01 00 00 00
y11: client 0: event type 22
y11: client 0: request 6071 opcode 12 len 20 bytes: 0c 00 05 00 96 02 10 00 60 00 00 00 9a 02 10 00 01 00 00 00
y11: client 0: event type 22
y11: client 0: request 6072 opcode 12 len 20 bytes: 0c 00 05 00 92 02 10 00 60 00 00 00 96 02 10 00 01 00 00 00
y11: client 0: event type 22
y11: client 0: request 6073 opcode 12 len 20 bytes: 0c 00 05 00 8e 02 10 00 60 00 00 00 92 02 10 00 01 00 00 00
y11: client 0: event type 22
y11: client 0: request 6074 opcode 12 len 20 bytes: 0c 00 05 00 8a 02 10 00 60 00 10 00 8e 02 10 00 01 00 00 00
y11: client 0: event type 22
y11: client 0: request 6075 opcode 12 len 20 bytes: 0c 00 05 00 86 02 10 00 60 00 10 00 8a 02 10 00 01 00 00 00
y11: client 0: event type 22
y11: client 0: request 6076 opcode 12 len 20 bytes: 0c 00 05 00 82 02 10 00 60 00 05 00 86 02 10 00 01 00 00 00
y11: client 0: event type 22
y11: client 0: request 6077 opcode 12 len 20 bytes: 0c 00 05 00 7e 02 10 00 60 00 04 00 82 02 10 00 01 00 00 00
y11: client 0: event type 22
y11: client 0: request 6078 opcode 12 len 20 bytes: 0c 00 05 00 79 02 10 00 60 00 00 00 7e 02 10 00 01 00 00 00
y11: client 0: event type 22
y11: client 0: request 6079 opcode 12 len 20 bytes: 0c 00 05 00 75 02 10 00 60 00 10 00 79 02 10 00 01 00 00 00
y11: client 0: event type 22
y11: client 0: request 6080 opcode 12 len 20 bytes: 0c 00 05 00 71 02 10 00 60 00 00 00 75 02 10 00 01 00 00 00
y11: client 0: event type 22
y11: client 0: request 6081 opcode 12 len 20 bytes: 0c 00 05 00 6d 02 10 00 60 00 ff f8 71 02 10 00 01 00 00 00
y11: client 0: event type 22
y11: client 0: request 6082 opcode 12 len 20 bytes: 0c 00 05 00 69 02 10 00 60 00 00 00 6d 02 10 00 01 00 00 00
y11: client 0: event type 22
y11: client 0: request 6083 opcode 12 len 20 bytes: 0c 00 05 00 e3 01 10 00 60 00 1b 00 69 02 10 00 01 00 00 00
y11: client 0: event type 22
y11: client 0: request 6084 opcode 12 len 20 bytes: 0c 00 05 00 e1 01 10 00 60 00 07 00 e3 01 10 00 01 00 00 00
y11: client 0: event type 22
y11: client 0: request 6085 opcode 12 len 20 bytes: 0c 00 05 00 de 01 10 00 60 00 b4 00 e1 01 10 00 01 00 00 00
y11: client 0: event type 22
y11: client 0: request 6086 opcode 12 len 20 bytes: 0c 00 05 00 dc 01 10 00 60 00 8a 00 de 01 10 00 01 00 00 00
y11: client 0: event type 22
y11: client 0: request 6087 opcode 12 len 20 bytes: 0c 00 05 00 da 01 10 00 60 00 b4 00 dc 01 10 00 01 00 00 00
y11: client 0: event type 22
y11: client 0: request 6088 opcode 12 len 20 bytes: 0c 00 05 00 d8 01 10 00 60 00 ef fb da 01 10 00 01 00 00 00
y11: client 0: event type 22
y11: client 0: request 6089 opcode 12 len 20 bytes: 0c 00 05 00 2b 03 10 00 60 00 00 00 d8 01 10 00 01 00 00 00
y11: client 0: event type 22
y11: client 0: request 6090 opcode 12 len 20 bytes: 0c 00 05 00 d4 01 10 00 60 00 36 bc 2b 03 10 00 01 00 00 00
y11: client 0: event type 22
y11: client 0: request 6091 opcode 12 len 16 bytes: 0c 00 04 00 2f 03 10 00 10 00 dc 01 01 00 00 00
y11: client 0: event type 22
y11: client 0: request 6092 opcode 84 len 16 bytes: 54 00 04 00 22 00 00 00 00 00 00 00 00 00 d8 00
y11: client 0: reply seq 6092 len 32
y11: client 0: request 6093 opcode 84 len 16 bytes: 54 00 04 00 22 00 00 00 00 00 00 00 00 00 10 00
y11: client 0: reply seq 6093 len 32
y11: client 0: request 6094 opcode 84 len 16 bytes: 54 00 04 00 22 00 00 00 00 ff 00 ff 00 ff 10 00
y11: client 0: reply seq 6094 len 32
y11: client 0: request 6095 opcode 2 len 16 bytes: 02 00 04 00 2f 03 10 00 08 00 00 00 00 00 00 00
y11: client 0: request 6096 opcode 1 len 48 bytes: 01 18 0c 00 30 03 10 00 2f 03 10 00 00 00 00 00 01 00 0a 00
y11: client 0: request 6097 opcode 8 len 8 bytes: 08 00 02 00 30 03 10 00
y11: client 0: request 6098 opcode 1 len 52 bytes: 01 18 0d 00 31 03 10 00 21 00 00 00 08 00 02 00 01 00 01 00
y11: client 0: event type 16
y11: client 0: request 6099 opcode 61 len 16 bytes: 3d 00 04 00 31 03 10 00 00 00 00 00 00 00 00 00
y11: client 0: request 6100 opcode 12 len 20 bytes: 0c 00 05 00 2f 03 10 00 60 00 10 00 31 03 10 00 01 00 00 00
y11: client 0: event type 22
y11: client 0: request 6101 opcode 12 len 20 bytes: 0c 00 05 00 65 02 10 00 60 00 00 00 2f 03 10 00 01 00 00 00
y11: client 0: event type 22
y11: client 0: request 6102 opcode 12 len 20 bytes: 0c 00 05 00 27 03 10 00 60 00 10 00 65 02 10 00 01 00 00 00
y11: client 0: event type 22
y11: client 0: request 6103 opcode 12 len 20 bytes: 0c 00 05 00 23 03 10 00 60 00 00 00 27 03 10 00 01 00 00 00
y11: client 0: event type 22
y11: client 0: request 6104 opcode 12 len 20 bytes: 0c 00 05 00 1a 03 10 00 60 00 ff ff 23 03 10 00 01 00 00 00
y11: client 0: event type 22
y11: client 0: request 6105 opcode 12 len 20 bytes: 0c 00 05 00 16 03 10 00 60 00 10 00 1a 03 10 00 01 00 00 00
y11: client 0: event type 22
y11: client 0: request 6106 opcode 12 len 20 bytes: 0c 00 05 00 12 03 10 00 60 00 0d 00 16 03 10 00 01 00 00 00
y11: client 0: event type 22
y11: client 0: request 6107 opcode 12 len 20 bytes: 0c 00 05 00 0e 03 10 00 60 00 00 00 12 03 10 00 01 00 00 00
y11: client 0: event type 22
y11: client 0: request 6108 opcode 12 len 20 bytes: 0c 00 05 00 0a 03 10 00 60 00 10 00 0e 03 10 00 01 00 00 00
y11: client 0: event type 22
y11: client 0: request 6109 opcode 12 len 20 bytes: 0c 00 05 00 06 03 10 00 60 00 00 00 0a 03 10 00 01 00 00 00
y11: client 0: event type 22
y11: client 0: request 6110 opcode 12 len 20 bytes: 0c 00 05 00 02 03 10 00 60 00 10 00 06 03 10 00 01 00 00 00
y11: client 0: event type 22
y11: client 0: request 6111 opcode 12 len 20 bytes: 0c 00 05 00 fe 02 10 00 60 00 10 00 02 03 10 00 01 00 00 00
y11: client 0: event type 22
y11: client 0: request 6112 opcode 12 len 20 bytes: 0c 00 05 00 fa 02 10 00 60 00 00 00 fe 02 10 00 01 00 00 00
y11: client 0: event type 22
y11: client 0: request 6113 opcode 12 len 20 bytes: 0c 00 05 00 f6 02 10 00 60 00 07 00 fa 02 10 00 01 00 00 00
y11: client 0: event type 22
y11: client 0: request 6114 opcode 12 len 20 bytes: 0c 00 05 00 f2 02 10 00 60 00 2c 00 f6 02 10 00 01 00 00 00
y11: client 0: event type 22
y11: client 0: request 6115 opcode 12 len 20 bytes: 0c 00 05 00 ee 02 10 00 60 00 17 00 f2 02 10 00 01 00 00 00
y11: client 0: event type 22
y11: client 0: request 6116 opcode 12 len 20 bytes: 0c 00 05 00 ea 02 10 00 60 00 10 00 ee 02 10 00 01 00 00 00
y11: client 0: event type 22
y11: client 0: request 6117 opcode 12 len 20 bytes: 0c 00 05 00 e6 02 10 00 60 00 10 00 ea 02 10 00 01 00 00 00
y11: client 0: event type 22
y11: client 0: request 6118 opcode 12 len 20 bytes: 0c 00 05 00 e2 02 10 00 60 00 00 00 e6 02 10 00 01 00 00 00
y11: client 0: event type 22
y11: client 0: request 6119 opcode 12 len 20 bytes: 0c 00 05 00 de 02 10 00 60 00 00 00 e2 02 10 00 01 00 00 00
y11: client 0: event type 22
y11: client 0: request 6120 opcode 12 len 20 bytes: 0c 00 05 00 da 02 10 00 60 00 56 57 de 02 10 00 01 00 00 00
y11: client 0: event type 22
y11: client 0: request 6121 opcode 12 len 20 bytes: 0c 00 05 00 d6 02 10 00 60 00 2f 00 da 02 10 00 01 00 00 00
y11: client 0: event type 22
y11: client 0: request 6122 opcode 12 len 20 bytes: 0c 00 05 00 d2 02 10 00 60 00 2e 00 d6 02 10 00 01 00 00 00
y11: client 0: event type 22
y11: client 0: request 6123 opcode 12 len 20 bytes: 0c 00 05 00 ce 02 10 00 60 00 10 00 d2 02 10 00 01 00 00 00
y11: client 0: event type 22
y11: client 0: request 6124 opcode 12 len 20 bytes: 0c 00 05 00 ca 02 10 00 60 00 2e 00 ce 02 10 00 01 00 00 00
y11: client 0: event type 22
y11: client 0: request 6125 opcode 12 len 20 bytes: 0c 00 05 00 c6 02 10 00 60 00 44 00 ca 02 10 00 01 00 00 00
y11: client 0: event type 22
y11: client 0: request 6126 opcode 12 len 20 bytes: 0c 00 05 00 c2 02 10 00 60 00 10 00 c6 02 10 00 01 00 00 00
y11: client 0: event type 22
y11: client 0: request 6127 opcode 12 len 20 bytes: 0c 00 05 00 be 02 10 00 60 00 10 00 c2 02 10 00 01 00 00 00
y11: client 0: event type 22
y11: client 0: request 6128 opcode 12 len 20 bytes: 0c 00 05 00 ba 02 10 00 60 00 00 00 be 02 10 00 01 00 00 00
y11: client 0: event type 22
y11: client 0: request 6129 opcode 12 len 20 bytes: 0c 00 05 00 b6 02 10 00 60 00 04 00 ba 02 10 00 01 00 00 00
y11: client 0: event type 22
y11: client 0: request 6130 opcode 12 len 20 bytes: 0c 00 05 00 b2 02 10 00 60 00 10 00 b6 02 10 00 01 00 00 00
y11: client 0: event type 22
y11: client 0: request 6131 opcode 12 len 20 bytes: 0c 00 05 00 ae 02 10 00 60 00 43 00 b2 02 10 00 01 00 00 00
y11: client 0: event type 22
y11: client 0: request 6132 opcode 12 len 20 bytes: 0c 00 05 00 aa 02 10 00 60 00 44 00 ae 02 10 00 01 00 00 00
y11: client 0: event type 22
y11: client 0: request 6133 opcode 12 len 20 bytes: 0c 00 05 00 a6 02 10 00 60 00 10 00 aa 02 10 00 01 00 00 00
y11: client 0: event type 22
y11: client 0: request 6134 opcode 12 len 20 bytes: 0c 00 05 00 a2 02 10 00 60 00 05 00 a6 02 10 00 01 00 00 00
y11: client 0: event type 22
y11: client 0: request 6135 opcode 12 len 20 bytes: 0c 00 05 00 9e 02 10 00 60 00 0c 00 a2 02 10 00 01 00 00 00
y11: client 0: event type 22
y11: client 0: request 6136 opcode 12 len 20 bytes: 0c 00 05 00 9a 02 10 00 60 00 10 00 9e 02 10 00 01 00 00 00
y11: client 0: event type 22
y11: client 0: request 6137 opcode 12 len 20 bytes: 0c 00 05 00 96 02 10 00 60 00 56 48 9a 02 10 00 01 00 00 00
y11: client 0: event type 22
y11: client 0: request 6138 opcode 12 len 20 bytes: 0c 00 05 00 92 02 10 00 60 00 02 00 96 02 10 00 01 00 00 00
y11: client 0: event type 22
y11: client 0: request 6139 opcode 12 len 20 bytes: 0c 00 05 00 8e 02 10 00 60 00 00 00 92 02 10 00 01 00 00 00
y11: client 0: event type 22
y11: client 0: request 6140 opcode 12 len 20 bytes: 0c 00 05 00 8a 02 10 00 60 00 04 00 8e 02 10 00 01 00 00 00
y11: client 0: event type 22
y11: client 0: request 6141 opcode 12 len 20 bytes: 0c 00 05 00 86 02 10 00 60 00 10 00 8a 02 10 00 01 00 00 00
y11: client 0: event type 22
y11: client 0: request 6142 opcode 12 len 20 bytes: 0c 00 05 00 82 02 10 00 60 00 10 00 86 02 10 00 01 00 00 00
y11: client 0: event type 22
y11: client 0: request 6143 opcode 12 len 20 bytes: 0c 00 05 00 7e 02 10 00 60 00 10 00 82 02 10 00 01 00 00 00
y11: client 0: event type 22
y11: client 0: request 6144 opcode 12 len 20 bytes: 0c 00 05 00 79 02 10 00 60 00 10 00 7e 02 10 00 01 00 00 00
y11: client 0: event type 22
y11: client 0: request 6145 opcode 12 len 20 bytes: 0c 00 05 00 75 02 10 00 60 00 10 00 79 02 10 00 01 00 00 00
y11: client 0: event type 22
y11: client 0: request 6146 opcode 12 len 20 bytes: 0c 00 05 00 71 02 10 00 60 00 10 00 75 02 10 00 01 00 00 00
y11: client 0: event type 22
y11: client 0: request 6147 opcode 12 len 20 bytes: 0c 00 05 00 6d 02 10 00 60 00 10 00 71 02 10 00 01 00 00 00
y11: client 0: event type 22
y11: client 0: request 6148 opcode 12 len 20 bytes: 0c 00 05 00 69 02 10 00 60 00 10 00 6d 02 10 00 01 00 00 00
y11: client 0: event type 22
y11: client 0: request 6149 opcode 12 len 20 bytes: 0c 00 05 00 e3 01 10 00 60 00 10 00 69 02 10 00 01 00 00 00
y11: client 0: event type 22
y11: client 0: request 6150 opcode 12 len 20 bytes: 0c 00 05 00 e1 01 10 00 60 00 10 00 e3 01 10 00 01 00 00 00
y11: client 0: event type 22
y11: client 0: request 6151 opcode 12 len 20 bytes: 0c 00 05 00 de 01 10 00 60 00 10 00 e1 01 10 00 01 00 00 00
y11: client 0: event type 22
y11: client 0: request 6152 opcode 12 len 20 bytes: 0c 00 05 00 dc 01 10 00 60 00 10 00 de 01 10 00 01 00 00 00
y11: client 0: event type 22
y11: client 0: request 6153 opcode 12 len 20 bytes: 0c 00 05 00 da 01 10 00 60 00 10 00 dc 01 10 00 01 00 00 00
y11: client 0: event type 22
y11: client 0: request 6154 opcode 12 len 20 bytes: 0c 00 05 00 d8 01 10 00 60 00 10 00 da 01 10 00 01 00 00 00
y11: client 0: event type 22
y11: client 0: request 6155 opcode 12 len 20 bytes: 0c 00 05 00 2b 03 10 00 60 00 05 00 d8 01 10 00 01 00 00 00
y11: client 0: event type 22
y11: client 0: request 6156 opcode 12 len 20 bytes: 0c 00 05 00 d4 01 10 00 60 00 0d 00 2b 03 10 00 01 00 00 00
y11: client 0: event type 22
y11: client 0: request 6157 opcode 12 len 16 bytes: 0c 00 04 00 31 03 10 00 10 00 00 00 01 00 00 00
y11: client 0: event type 22
y11: client 0: request 6158 opcode 84 len 16 bytes: 54 00 04 00 22 00 00 00 00 00 00 00 00 00 10 00
y11: client 0: reply seq 6158 len 32
y11: client 0: request 6159 opcode 84 len 16 bytes: 54 00 04 00 22 00 00 00 00 00 00 00 00 00 02 00
y11: client 0: reply seq 6159 len 32
y11: client 0: request 6160 opcode 84 len 16 bytes: 54 00 04 00 22 00 00 00 00 ff 00 ff 00 ff 02 00
y11: client 0: reply seq 6160 len 32
y11: client 0: request 6161 opcode 2 len 16 bytes: 02 00 04 00 31 03 10 00 08 00 00 00 00 00 00 00
y11: client 0: request 6162 opcode 1 len 48 bytes: 01 18 0c 00 32 03 10 00 31 03 10 00 00 00 00 00 01 00 0a 00
y11: client 0: request 6163 opcode 8 len 8 bytes: 08 00 02 00 32 03 10 00
y11: client 0: request 6164 opcode 1 len 52 bytes: 01 18 0d 00 33 03 10 00 21 00 00 00 08 00 02 00 01 00 01 00
y11: client 0: event type 16
y11: client 0: request 6165 opcode 61 len 16 bytes: 3d 00 04 00 33 03 10 00 00 00 00 00 00 00 00 00
y11: client 0: request 6166 opcode 12 len 20 bytes: 0c 00 05 00 31 03 10 00 60 00 10 00 33 03 10 00 01 00 00 00
y11: client 0: event type 22
y11: client 0: request 6167 opcode 12 len 20 bytes: 0c 00 05 00 2f 03 10 00 60 00 00 00 31 03 10 00 01 00 00 00
y11: client 0: event type 22
y11: client 0: request 6168 opcode 12 len 20 bytes: 0c 00 05 00 65 02 10 00 60 00 10 00 2f 03 10 00 01 00 00 00
y11: client 0: event type 22
y11: client 0: request 6169 opcode 12 len 20 bytes: 0c 00 05 00 27 03 10 00 60 00 00 00 65 02 10 00 01 00 00 00
y11: client 0: event type 22
y11: client 0: request 6170 opcode 12 len 20 bytes: 0c 00 05 00 23 03 10 00 60 00 ff ff 27 03 10 00 01 00 00 00
y11: client 0: event type 22
y11: client 0: request 6171 opcode 12 len 20 bytes: 0c 00 05 00 1a 03 10 00 60 00 10 00 23 03 10 00 01 00 00 00
y11: client 0: event type 22
y11: client 0: request 6172 opcode 12 len 20 bytes: 0c 00 05 00 16 03 10 00 60 00 0d 00 1a 03 10 00 01 00 00 00
y11: client 0: event type 22
y11: client 0: request 6173 opcode 12 len 20 bytes: 0c 00 05 00 12 03 10 00 60 00 00 00 16 03 10 00 01 00 00 00
y11: client 0: event type 22
y11: client 0: request 6174 opcode 12 len 20 bytes: 0c 00 05 00 0e 03 10 00 60 00 10 00 12 03 10 00 01 00 00 00
y11: client 0: event type 22
y11: client 0: request 6175 opcode 12 len 20 bytes: 0c 00 05 00 0a 03 10 00 60 00 00 00 0e 03 10 00 01 00 00 00
y11: client 0: event type 22
y11: client 0: request 6176 opcode 12 len 20 bytes: 0c 00 05 00 06 03 10 00 60 00 10 00 0a 03 10 00 01 00 00 00
y11: client 0: event type 22
y11: client 0: request 6177 opcode 12 len 20 bytes: 0c 00 05 00 02 03 10 00 60 00 10 00 06 03 10 00 01 00 00 00
y11: client 0: event type 22
y11: client 0: request 6178 opcode 12 len 20 bytes: 0c 00 05 00 fe 02 10 00 60 00 00 00 02 03 10 00 01 00 00 00
y11: client 0: event type 22
y11: client 0: request 6179 opcode 12 len 20 bytes: 0c 00 05 00 fa 02 10 00 60 00 07 00 fe 02 10 00 01 00 00 00
y11: client 0: event type 22
y11: client 0: request 6180 opcode 12 len 20 bytes: 0c 00 05 00 f6 02 10 00 60 00 2c 00 fa 02 10 00 01 00 00 00
y11: client 0: event type 22
y11: client 0: request 6181 opcode 12 len 20 bytes: 0c 00 05 00 f2 02 10 00 60 00 17 00 f6 02 10 00 01 00 00 00
y11: client 0: event type 22
y11: client 0: request 6182 opcode 12 len 20 bytes: 0c 00 05 00 ee 02 10 00 60 00 10 00 f2 02 10 00 01 00 00 00
y11: client 0: event type 22
y11: client 0: request 6183 opcode 12 len 20 bytes: 0c 00 05 00 ea 02 10 00 60 00 10 00 ee 02 10 00 01 00 00 00
y11: client 0: event type 22
y11: client 0: request 6184 opcode 12 len 20 bytes: 0c 00 05 00 e6 02 10 00 60 00 00 00 ea 02 10 00 01 00 00 00
y11: client 0: event type 22
y11: client 0: request 6185 opcode 12 len 20 bytes: 0c 00 05 00 e2 02 10 00 60 00 00 00 e6 02 10 00 01 00 00 00
y11: client 0: event type 22
y11: client 0: request 6186 opcode 12 len 20 bytes: 0c 00 05 00 de 02 10 00 60 00 56 57 e2 02 10 00 01 00 00 00
y11: client 0: event type 22
y11: client 0: request 6187 opcode 12 len 20 bytes: 0c 00 05 00 da 02 10 00 60 00 2f 00 de 02 10 00 01 00 00 00
y11: client 0: event type 22
y11: client 0: request 6188 opcode 12 len 20 bytes: 0c 00 05 00 d6 02 10 00 60 00 2e 00 da 02 10 00 01 00 00 00
y11: client 0: event type 22
y11: client 0: request 6189 opcode 12 len 20 bytes: 0c 00 05 00 d2 02 10 00 60 00 10 00 d6 02 10 00 01 00 00 00
y11: client 0: event type 22
y11: client 0: request 6190 opcode 12 len 20 bytes: 0c 00 05 00 ce 02 10 00 60 00 2e 00 d2 02 10 00 01 00 00 00
y11: client 0: event type 22
y11: client 0: request 6191 opcode 12 len 20 bytes: 0c 00 05 00 ca 02 10 00 60 00 44 00 ce 02 10 00 01 00 00 00
y11: client 0: event type 22
y11: client 0: request 6192 opcode 12 len 20 bytes: 0c 00 05 00 c6 02 10 00 60 00 10 00 ca 02 10 00 01 00 00 00
y11: client 0: event type 22
y11: client 0: request 6193 opcode 12 len 20 bytes: 0c 00 05 00 c2 02 10 00 60 00 10 00 c6 02 10 00 01 00 00 00
y11: client 0: event type 22
y11: client 0: request 6194 opcode 12 len 20 bytes: 0c 00 05 00 be 02 10 00 60 00 00 00 c2 02 10 00 01 00 00 00
y11: client 0: event type 22
y11: client 0: request 6195 opcode 12 len 20 bytes: 0c 00 05 00 ba 02 10 00 60 00 04 00 be 02 10 00 01 00 00 00
y11: client 0: event type 22
y11: client 0: request 6196 opcode 12 len 20 bytes: 0c 00 05 00 b6 02 10 00 60 00 10 00 ba 02 10 00 01 00 00 00
y11: client 0: event type 22
y11: client 0: request 6197 opcode 12 len 20 bytes: 0c 00 05 00 b2 02 10 00 60 00 43 00 b6 02 10 00 01 00 00 00
y11: client 0: event type 22
y11: client 0: request 6198 opcode 12 len 20 bytes: 0c 00 05 00 ae 02 10 00 60 00 44 00 b2 02 10 00 01 00 00 00
y11: client 0: event type 22
y11: client 0: request 6199 opcode 12 len 20 bytes: 0c 00 05 00 aa 02 10 00 60 00 10 00 ae 02 10 00 01 00 00 00
y11: client 0: event type 22
y11: client 0: request 6200 opcode 12 len 20 bytes: 0c 00 05 00 a6 02 10 00 60 00 05 00 aa 02 10 00 01 00 00 00
y11: client 0: event type 22
y11: client 0: request 6201 opcode 12 len 20 bytes: 0c 00 05 00 a2 02 10 00 60 00 0c 00 a6 02 10 00 01 00 00 00
y11: client 0: event type 22
y11: client 0: request 6202 opcode 12 len 20 bytes: 0c 00 05 00 9e 02 10 00 60 00 10 00 a2 02 10 00 01 00 00 00
y11: client 0: event type 22
y11: client 0: request 6203 opcode 12 len 20 bytes: 0c 00 05 00 9a 02 10 00 60 00 56 48 9e 02 10 00 01 00 00 00
y11: client 0: event type 22
y11: client 0: request 6204 opcode 12 len 20 bytes: 0c 00 05 00 96 02 10 00 60 00 02 00 9a 02 10 00 01 00 00 00
y11: client 0: event type 22
y11: client 0: request 6205 opcode 12 len 20 bytes: 0c 00 05 00 92 02 10 00 60 00 00 00 96 02 10 00 01 00 00 00
y11: client 0: event type 22
y11: client 0: request 6206 opcode 12 len 20 bytes: 0c 00 05 00 8e 02 10 00 60 00 04 00 92 02 10 00 01 00 00 00
y11: client 0: event type 22
y11: client 0: request 6207 opcode 12 len 20 bytes: 0c 00 05 00 8a 02 10 00 60 00 10 00 8e 02 10 00 01 00 00 00
y11: client 0: event type 22
y11: client 0: request 6208 opcode 12 len 20 bytes: 0c 00 05 00 86 02 10 00 60 00 10 00 8a 02 10 00 01 00 00 00
y11: client 0: event type 22
y11: client 0: request 6209 opcode 12 len 20 bytes: 0c 00 05 00 82 02 10 00 60 00 10 00 86 02 10 00 01 00 00 00
y11: client 0: event type 22
y11: client 0: request 6210 opcode 12 len 20 bytes: 0c 00 05 00 7e 02 10 00 60 00 10 00 82 02 10 00 01 00 00 00
y11: client 0: event type 22
y11: client 0: request 6211 opcode 12 len 20 bytes: 0c 00 05 00 79 02 10 00 60 00 10 00 7e 02 10 00 01 00 00 00
y11: client 0: event type 22
y11: client 0: request 6212 opcode 12 len 20 bytes: 0c 00 05 00 75 02 10 00 60 00 10 00 79 02 10 00 01 00 00 00
y11: client 0: event type 22
y11: client 0: request 6213 opcode 12 len 20 bytes: 0c 00 05 00 71 02 10 00 60 00 10 00 75 02 10 00 01 00 00 00
y11: client 0: event type 22
y11: client 0: request 6214 opcode 12 len 20 bytes: 0c 00 05 00 6d 02 10 00 60 00 10 00 71 02 10 00 01 00 00 00
y11: client 0: event type 22
y11: client 0: request 6215 opcode 12 len 20 bytes: 0c 00 05 00 69 02 10 00 60 00 10 00 6d 02 10 00 01 00 00 00
y11: client 0: event type 22
y11: client 0: request 6216 opcode 12 len 20 bytes: 0c 00 05 00 e3 01 10 00 60 00 10 00 69 02 10 00 01 00 00 00
y11: client 0: event type 22
y11: client 0: request 6217 opcode 12 len 20 bytes: 0c 00 05 00 e1 01 10 00 60 00 10 00 e3 01 10 00 01 00 00 00
y11: client 0: event type 22
y11: client 0: request 6218 opcode 12 len 20 bytes: 0c 00 05 00 de 01 10 00 60 00 10 00 e1 01 10 00 01 00 00 00
y11: client 0: event type 22
y11: client 0: request 6219 opcode 12 len 20 bytes: 0c 00 05 00 dc 01 10 00 60 00 10 00 de 01 10 00 01 00 00 00
y11: client 0: event type 22
y11: client 0: request 6220 opcode 12 len 20 bytes: 0c 00 05 00 da 01 10 00 60 00 10 00 dc 01 10 00 01 00 00 00
y11: client 0: event type 22
y11: client 0: request 6221 opcode 12 len 20 bytes: 0c 00 05 00 d8 01 10 00 60 00 05 00 da 01 10 00 01 00 00 00
y11: client 0: event type 22
y11: client 0: request 6222 opcode 12 len 20 bytes: 0c 00 05 00 2b 03 10 00 60 00 0d 00 d8 01 10 00 01 00 00 00
y11: client 0: event type 22
y11: client 0: request 6223 opcode 12 len 20 bytes: 0c 00 05 00 d4 01 10 00 60 00 00 00 2b 03 10 00 01 00 00 00
y11: client 0: event type 22
y11: client 0: request 6224 opcode 12 len 16 bytes: 0c 00 04 00 33 03 10 00 10 00 10 00 01 00 00 00
y11: client 0: event type 22
y11: client 0: request 6225 opcode 84 len 16 bytes: 54 00 04 00 22 00 00 00 00 00 00 00 00 00 00 00
y11: client 0: reply seq 6225 len 32
y11: client 0: request 6226 opcode 84 len 16 bytes: 54 00 04 00 22 00 00 00 00 00 00 00 00 00 02 00
y11: client 0: reply seq 6226 len 32
y11: client 0: request 6227 opcode 84 len 16 bytes: 54 00 04 00 22 00 00 00 00 ff 00 ff 00 ff 02 00
y11: client 0: reply seq 6227 len 32
y11: client 0: request 6228 opcode 2 len 16 bytes: 02 00 04 00 33 03 10 00 08 00 00 00 00 00 00 00
y11: client 0: request 6229 opcode 1 len 48 bytes: 01 18 0c 00 34 03 10 00 33 03 10 00 00 00 00 00 01 00 0a 00
y11: client 0: request 6230 opcode 8 len 8 bytes: 08 00 02 00 34 03 10 00
y11: client 0: request 6231 opcode 1 len 52 bytes: 01 18 0d 00 35 03 10 00 21 00 00 00 08 00 02 00 01 00 01 00
y11: client 0: event type 16
y11: client 0: request 6232 opcode 61 len 16 bytes: 3d 00 04 00 35 03 10 00 00 00 00 00 00 00 00 00
y11: client 0: request 6233 opcode 12 len 20 bytes: 0c 00 05 00 33 03 10 00 60 00 10 00 35 03 10 00 01 00 00 00
y11: client 0: event type 22
y11: client 0: request 6234 opcode 12 len 20 bytes: 0c 00 05 00 31 03 10 00 60 00 00 00 33 03 10 00 01 00 00 00
y11: client 0: event type 22
y11: client 0: request 6235 opcode 12 len 20 bytes: 0c 00 05 00 2f 03 10 00 60 00 10 00 31 03 10 00 01 00 00 00
y11: client 0: event type 22
y11: client 0: request 6236 opcode 12 len 20 bytes: 0c 00 05 00 65 02 10 00 60 00 00 00 2f 03 10 00 01 00 00 00
y11: client 0: event type 22
y11: client 0: request 6237 opcode 12 len 20 bytes: 0c 00 05 00 27 03 10 00 60 00 ff ff 65 02 10 00 01 00 00 00
y11: client 0: event type 22
y11: client 0: request 6238 opcode 12 len 20 bytes: 0c 00 05 00 23 03 10 00 60 00 10 00 27 03 10 00 01 00 00 00
y11: client 0: event type 22
y11: client 0: request 6239 opcode 12 len 20 bytes: 0c 00 05 00 1a 03 10 00 60 00 0d 00 23 03 10 00 01 00 00 00
y11: client 0: event type 22
y11: client 0: request 6240 opcode 12 len 20 bytes: 0c 00 05 00 16 03 10 00 60 00 00 00 1a 03 10 00 01 00 00 00
y11: client 0: event type 22
y11: client 0: request 6241 opcode 12 len 20 bytes: 0c 00 05 00 12 03 10 00 60 00 10 00 16 03 10 00 01 00 00 00
y11: client 0: event type 22
y11: client 0: request 6242 opcode 12 len 20 bytes: 0c 00 05 00 0e 03 10 00 60 00 00 00 12 03 10 00 01 00 00 00
y11: client 0: event type 22
y11: client 0: request 6243 opcode 12 len 20 bytes: 0c 00 05 00 0a 03 10 00 60 00 10 00 0e 03 10 00 01 00 00 00
y11: client 0: event type 22
y11: client 0: request 6244 opcode 12 len 20 bytes: 0c 00 05 00 06 03 10 00 60 00 10 00 0a 03 10 00 01 00 00 00
y11: client 0: event type 22
y11: client 0: request 6245 opcode 12 len 20 bytes: 0c 00 05 00 02 03 10 00 60 00 00 00 06 03 10 00 01 00 00 00
y11: client 0: event type 22
y11: client 0: request 6246 opcode 12 len 20 bytes: 0c 00 05 00 fe 02 10 00 60 00 07 00 02 03 10 00 01 00 00 00
y11: client 0: event type 22
y11: client 0: request 6247 opcode 12 len 20 bytes: 0c 00 05 00 fa 02 10 00 60 00 2c 00 fe 02 10 00 01 00 00 00
y11: client 0: event type 22
y11: client 0: request 6248 opcode 12 len 20 bytes: 0c 00 05 00 f6 02 10 00 60 00 17 00 fa 02 10 00 01 00 00 00
y11: client 0: event type 22
y11: client 0: request 6249 opcode 12 len 20 bytes: 0c 00 05 00 f2 02 10 00 60 00 10 00 f6 02 10 00 01 00 00 00
y11: client 0: event type 22
y11: client 0: request 6250 opcode 12 len 20 bytes: 0c 00 05 00 ee 02 10 00 60 00 10 00 f2 02 10 00 01 00 00 00
y11: client 0: event type 22
y11: client 0: request 6251 opcode 12 len 20 bytes: 0c 00 05 00 ea 02 10 00 60 00 00 00 ee 02 10 00 01 00 00 00
y11: client 0: event type 22
y11: client 0: request 6252 opcode 12 len 20 bytes: 0c 00 05 00 e6 02 10 00 60 00 00 00 ea 02 10 00 01 00 00 00
y11: client 0: event type 22
y11: client 0: request 6253 opcode 12 len 20 bytes: 0c 00 05 00 e2 02 10 00 60 00 56 57 e6 02 10 00 01 00 00 00
y11: client 0: event type 22
y11: client 0: request 6254 opcode 12 len 20 bytes: 0c 00 05 00 de 02 10 00 60 00 2f 00 e2 02 10 00 01 00 00 00
y11: client 0: event type 22
y11: client 0: request 6255 opcode 12 len 20 bytes: 0c 00 05 00 da 02 10 00 60 00 2e 00 de 02 10 00 01 00 00 00
y11: client 0: event type 22
y11: client 0: request 6256 opcode 12 len 20 bytes: 0c 00 05 00 d6 02 10 00 60 00 10 00 da 02 10 00 01 00 00 00
y11: client 0: event type 22
y11: client 0: request 6257 opcode 12 len 20 bytes: 0c 00 05 00 d2 02 10 00 60 00 2e 00 d6 02 10 00 01 00 00 00
y11: client 0: event type 22
y11: client 0: request 6258 opcode 12 len 20 bytes: 0c 00 05 00 ce 02 10 00 60 00 44 00 d2 02 10 00 01 00 00 00
y11: client 0: event type 22
y11: client 0: request 6259 opcode 12 len 20 bytes: 0c 00 05 00 ca 02 10 00 60 00 10 00 ce 02 10 00 01 00 00 00
y11: client 0: event type 22
y11: client 0: request 6260 opcode 12 len 20 bytes: 0c 00 05 00 c6 02 10 00 60 00 10 00 ca 02 10 00 01 00 00 00
y11: client 0: event type 22
y11: client 0: request 6261 opcode 12 len 20 bytes: 0c 00 05 00 c2 02 10 00 60 00 00 00 c6 02 10 00 01 00 00 00
y11: client 0: event type 22
y11: client 0: request 6262 opcode 12 len 20 bytes: 0c 00 05 00 be 02 10 00 60 00 04 00 c2 02 10 00 01 00 00 00
y11: client 0: event type 22
y11: client 0: request 6263 opcode 12 len 20 bytes: 0c 00 05 00 ba 02 10 00 60 00 10 00 be 02 10 00 01 00 00 00
y11: client 0: event type 22
y11: client 0: request 6264 opcode 12 len 20 bytes: 0c 00 05 00 b6 02 10 00 60 00 43 00 ba 02 10 00 01 00 00 00
y11: client 0: event type 22
y11: client 0: request 6265 opcode 12 len 20 bytes: 0c 00 05 00 b2 02 10 00 60 00 44 00 b6 02 10 00 01 00 00 00
y11: client 0: event type 22
y11: client 0: request 6266 opcode 12 len 20 bytes: 0c 00 05 00 ae 02 10 00 60 00 10 00 b2 02 10 00 01 00 00 00
y11: client 0: event type 22
y11: client 0: request 6267 opcode 12 len 20 bytes: 0c 00 05 00 aa 02 10 00 60 00 05 00 ae 02 10 00 01 00 00 00
y11: client 0: event type 22
y11: client 0: request 6268 opcode 12 len 20 bytes: 0c 00 05 00 a6 02 10 00 60 00 0c 00 aa 02 10 00 01 00 00 00
y11: client 0: event type 22
y11: client 0: request 6269 opcode 12 len 20 bytes: 0c 00 05 00 a2 02 10 00 60 00 10 00 a6 02 10 00 01 00 00 00
y11: client 0: event type 22
y11: client 0: request 6270 opcode 12 len 20 bytes: 0c 00 05 00 9e 02 10 00 60 00 56 48 a2 02 10 00 01 00 00 00
y11: client 0: event type 22
y11: client 0: request 6271 opcode 12 len 20 bytes: 0c 00 05 00 9a 02 10 00 60 00 02 00 9e 02 10 00 01 00 00 00
y11: client 0: event type 22
y11: client 0: request 6272 opcode 12 len 20 bytes: 0c 00 05 00 96 02 10 00 60 00 00 00 9a 02 10 00 01 00 00 00
y11: client 0: event type 22
y11: client 0: request 6273 opcode 12 len 20 bytes: 0c 00 05 00 92 02 10 00 60 00 04 00 96 02 10 00 01 00 00 00
y11: client 0: event type 22
y11: client 0: request 6274 opcode 12 len 20 bytes: 0c 00 05 00 8e 02 10 00 60 00 10 00 92 02 10 00 01 00 00 00
y11: client 0: event type 22
y11: client 0: request 6275 opcode 12 len 20 bytes: 0c 00 05 00 8a 02 10 00 60 00 10 00 8e 02 10 00 01 00 00 00
y11: client 0: event type 22
y11: client 0: request 6276 opcode 12 len 20 bytes: 0c 00 05 00 86 02 10 00 60 00 10 00 8a 02 10 00 01 00 00 00
y11: client 0: event type 22
y11: client 0: request 6277 opcode 12 len 20 bytes: 0c 00 05 00 82 02 10 00 60 00 10 00 86 02 10 00 01 00 00 00
y11: client 0: event type 22
y11: client 0: request 6278 opcode 12 len 20 bytes: 0c 00 05 00 7e 02 10 00 60 00 10 00 82 02 10 00 01 00 00 00
y11: client 0: event type 22
y11: client 0: request 6279 opcode 12 len 20 bytes: 0c 00 05 00 79 02 10 00 60 00 10 00 7e 02 10 00 01 00 00 00
y11: client 0: event type 22
y11: client 0: request 6280 opcode 12 len 20 bytes: 0c 00 05 00 75 02 10 00 60 00 10 00 79 02 10 00 01 00 00 00
y11: client 0: event type 22
y11: client 0: request 6281 opcode 12 len 20 bytes: 0c 00 05 00 71 02 10 00 60 00 10 00 75 02 10 00 01 00 00 00
y11: client 0: event type 22
y11: client 0: request 6282 opcode 12 len 20 bytes: 0c 00 05 00 6d 02 10 00 60 00 10 00 71 02 10 00 01 00 00 00
y11: client 0: event type 22
y11: client 0: request 6283 opcode 12 len 20 bytes: 0c 00 05 00 69 02 10 00 60 00 10 00 6d 02 10 00 01 00 00 00
y11: client 0: event type 22
y11: client 0: request 6284 opcode 12 len 20 bytes: 0c 00 05 00 e3 01 10 00 60 00 10 00 69 02 10 00 01 00 00 00
y11: client 0: event type 22
y11: client 0: request 6285 opcode 12 len 20 bytes: 0c 00 05 00 e1 01 10 00 60 00 10 00 e3 01 10 00 01 00 00 00
y11: client 0: event type 22
y11: client 0: request 6286 opcode 12 len 20 bytes: 0c 00 05 00 de 01 10 00 60 00 10 00 e1 01 10 00 01 00 00 00
y11: client 0: event type 22
y11: client 0: request 6287 opcode 12 len 20 bytes: 0c 00 05 00 dc 01 10 00 60 00 10 00 de 01 10 00 01 00 00 00
y11: client 0: event type 22
y11: client 0: request 6288 opcode 12 len 20 bytes: 0c 00 05 00 da 01 10 00 60 00 05 00 dc 01 10 00 01 00 00 00
y11: client 0: event type 22
y11: client 0: request 6289 opcode 12 len 20 bytes: 0c 00 05 00 d8 01 10 00 60 00 0d 00 da 01 10 00 01 00 00 00
y11: client 0: event type 22
y11: client 0: request 6290 opcode 12 len 20 bytes: 0c 00 05 00 2b 03 10 00 60 00 00 00 d8 01 10 00 01 00 00 00
y11: client 0: event type 22
y11: client 0: request 6291 opcode 12 len 20 bytes: 0c 00 05 00 d4 01 10 00 60 00 10 00 2b 03 10 00 01 00 00 00
y11: client 0: event type 22
y11: client 0: request 6292 opcode 12 len 16 bytes: 0c 00 04 00 35 03 10 00 10 00 00 00 01 00 00 00
y11: client 0: event type 22
y11: client 0: request 6293 opcode 84 len 16 bytes: 54 00 04 00 22 00 00 00 00 00 00 00 00 00 10 00
y11: client 0: reply seq 6293 len 32
y11: client 0: request 6294 opcode 84 len 16 bytes: 54 00 04 00 22 00 00 00 00 00 00 00 00 00 02 00
y11: client 0: reply seq 6294 len 32
y11: client 0: request 6295 opcode 84 len 16 bytes: 54 00 04 00 22 00 00 00 00 ff 00 ff 00 ff 02 00
y11: client 0: reply seq 6295 len 32
y11: client 0: request 6296 opcode 2 len 16 bytes: 02 00 04 00 35 03 10 00 08 00 00 00 00 00 00 00
y11: client 0: request 6297 opcode 1 len 48 bytes: 01 18 0c 00 36 03 10 00 35 03 10 00 00 00 00 00 01 00 0a 00
y11: client 0: request 6298 opcode 8 len 8 bytes: 08 00 02 00 36 03 10 00
y11: client 0: request 6299 opcode 12 len 16 bytes: 0c 00 04 00 35 03 10 00 10 00 00 00 01 00 00 00
y11: client 0: event type 22
y11: client 0: request 6300 opcode 84 len 16 bytes: 54 00 04 00 22 00 00 00 00 00 00 00 00 00 00 00
y11: client 0: reply seq 6300 len 32
y11: client 0: request 6301 opcode 84 len 16 bytes: 54 00 04 00 22 00 00 00 00 00 00 00 00 00 00 00
y11: client 0: reply seq 6301 len 32
y11: client 0: request 6302 opcode 84 len 16 bytes: 54 00 04 00 22 00 00 00 00 ff 00 ff 00 ff 00 00
y11: client 0: reply seq 6302 len 32
y11: client 0: request 6303 opcode 2 len 16 bytes: 02 00 04 00 35 03 10 00 08 00 00 00 00 00 00 00
y11: client 0: request 6304 opcode 139 len 136 bytes: 8b 14 22 00 e0 01 10 00 01 00 00 00 09 00 00 00 09 00 09 00
y11: client 0: request 6305 opcode 12 len 28 bytes: 0c 00 07 00 36 03 10 00 0f 00 10 00 00 00 00 00 00 00 00 00
y11: client 0: request 6306 opcode 12 len 20 bytes: 0c 00 05 00 35 03 10 00 0c 00 05 00 81 00 00 00 44 00 00 00
y11: client 0: event type 22
y11: client 0: request 6307 opcode 2 len 16 bytes: 02 00 04 00 36 03 10 00 02 00 00 00 aa aa aa 00
y11: client 0: request 6308 opcode 61 len 16 bytes: 3d 00 04 00 36 03 10 00 00 00 00 00 00 00 00 00
y11: client 0: request 6309 opcode 12 len 16 bytes: 0c 00 04 00 33 03 10 00 10 00 10 00 01 00 00 00
y11: client 0: event type 22
y11: client 0: request 6310 opcode 84 len 16 bytes: 54 00 04 00 22 00 00 00 00 00 00 00 00 00 10 00
y11: client 0: reply seq 6310 len 32
y11: client 0: request 6311 opcode 84 len 16 bytes: 54 00 04 00 22 00 00 00 00 00 00 00 00 00 00 00
y11: client 0: reply seq 6311 len 32
y11: client 0: request 6312 opcode 84 len 16 bytes: 54 00 04 00 22 00 00 00 00 ff 00 ff 00 ff 00 00
y11: client 0: reply seq 6312 len 32
y11: client 0: request 6313 opcode 2 len 16 bytes: 02 00 04 00 33 03 10 00 08 00 00 00 00 00 00 00
y11: client 0: request 6314 opcode 12 len 28 bytes: 0c 00 07 00 34 03 10 00 0f 00 00 00 00 00 00 00 00 00 00 00
y11: client 0: request 6315 opcode 12 len 20 bytes: 0c 00 05 00 33 03 10 00 0c 00 00 00 81 00 00 00 44 00 00 00
y11: client 0: event type 22
y11: client 0: request 6316 opcode 2 len 16 bytes: 02 00 04 00 34 03 10 00 02 00 00 00 aa aa aa 00
y11: client 0: request 6317 opcode 61 len 16 bytes: 3d 00 04 00 34 03 10 00 00 00 00 00 00 00 00 00
y11: client 0: request 6318 opcode 12 len 16 bytes: 0c 00 04 00 31 03 10 00 10 00 2d 23 01 00 00 00
y11: client 0: event type 22
y11: client 0: request 6319 opcode 84 len 16 bytes: 54 00 04 00 22 00 00 00 00 00 00 00 00 00 00 00
y11: client 0: reply seq 6319 len 32
y11: client 0: request 6320 opcode 84 len 16 bytes: 54 00 04 00 22 00 00 00 00 00 00 00 00 00 00 00
y11: client 0: reply seq 6320 len 32
y11: client 0: request 6321 opcode 84 len 16 bytes: 54 00 04 00 22 00 00 00 00 ff 00 ff 00 ff 00 00
y11: client 0: reply seq 6321 len 32
y11: client 0: request 6322 opcode 2 len 16 bytes: 02 00 04 00 31 03 10 00 08 00 00 00 00 00 00 00
y11: client 0: request 6323 opcode 12 len 28 bytes: 0c 00 07 00 32 03 10 00 0f 00 00 00 00 00 00 00 00 00 00 00
y11: client 0: request 6324 opcode 12 len 20 bytes: 0c 00 05 00 31 03 10 00 0c 00 00 00 65 00 00 00 16 00 00 00
y11: client 0: event type 22
y11: client 0: request 6325 opcode 2 len 16 bytes: 02 00 04 00 32 03 10 00 02 00 00 00 aa aa aa 00
y11: client 0: request 6326 opcode 61 len 16 bytes: 3d 00 04 00 32 03 10 00 00 00 00 00 00 00 00 00
y11: client 0: request 6327 opcode 12 len 16 bytes: 0c 00 04 00 2f 03 10 00 10 00 2d 23 01 00 00 00
y11: client 0: event type 22
y11: client 0: request 6328 opcode 84 len 16 bytes: 54 00 04 00 22 00 00 00 00 00 00 00 00 00 00 00
y11: client 0: reply seq 6328 len 32
y11: client 0: request 6329 opcode 84 len 16 bytes: 54 00 04 00 22 00 00 00 00 00 00 00 00 00 00 00
y11: client 0: reply seq 6329 len 32
y11: client 0: request 6330 opcode 84 len 16 bytes: 54 00 04 00 22 00 00 00 00 ff 00 ff 00 ff 00 00
y11: client 0: reply seq 6330 len 32
y11: client 0: request 6331 opcode 2 len 16 bytes: 02 00 04 00 2f 03 10 00 08 00 00 00 00 00 00 00
y11: client 0: request 6332 opcode 12 len 28 bytes: 0c 00 07 00 30 03 10 00 0f 00 00 00 00 00 00 00 00 00 00 00
y11: client 0: request 6333 opcode 12 len 20 bytes: 0c 00 05 00 2f 03 10 00 0c 00 00 00 65 00 00 00 16 00 00 00
y11: client 0: event type 22
y11: client 0: request 6334 opcode 2 len 16 bytes: 02 00 04 00 30 03 10 00 02 00 00 00 aa aa aa 00
y11: client 0: request 6335 opcode 61 len 16 bytes: 3d 00 04 00 30 03 10 00 00 00 00 00 00 00 00 00
y11: client 0: request 6336 opcode 12 len 20 bytes: 0c 00 05 00 2b 03 10 00 03 00 2d 23 40 07 00 00 00 00 00 00
y11: client 0: event type 22
y11: client 0: request 6337 opcode 12 len 20 bytes: 0c 00 05 00 d4 01 10 00 60 00 00 00 d8 01 10 00 01 00 00 00
y11: client 0: event type 22
y11: client 0: request 6338 opcode 12 len 20 bytes: 0c 00 05 00 d4 01 10 00 03 00 39 ec 00 00 00 00 00 00 00 00
y11: client 0: event type 22
y11: client 0: request 6339 opcode 18 len 36 bytes: 12 00 09 00 21 00 00 00 88 00 00 00 82 00 00 00 08 00 00 00
y11: client 0: event type 28
y11: client 0: request 6340 opcode 36 len 4 bytes: 24 00 01 00
y11: client 0: request 6341 opcode 15 len 8 bytes: 0f 00 02 00 21 00 00 00
y11: client 0: reply seq 6341 len 32
y11: client 0: request 6342 opcode 20 len 24 bytes: 14 00 06 00 7b 00 10 00 23 00 00 00 23 00 00 00 00 00 00 00
y11: client 0: reply seq 6342 len 32
y11: client 0: request 6343 opcode 20 len 24 bytes: 14 00 06 00 21 01 10 00 23 00 00 00 23 00 00 00 00 00 00 00
y11: client 0: reply seq 6343 len 32
y11: client 0: request 6344 opcode 20 len 24 bytes: 14 00 06 00 d1 01 10 00 23 00 00 00 23 00 00 00 00 00 00 00
y11: client 0: reply seq 6344 len 32
y11: client 0: request 6345 opcode 20 len 24 bytes: 14 00 06 00 d2 01 10 00 23 00 00 00 23 00 00 00 00 00 00 00
y11: client 0: reply seq 6345 len 32
y11: client 0: request 6346 opcode 20 len 24 bytes: 14 00 06 00 d3 01 10 00 23 00 00 00 23 00 00 00 00 00 00 00
y11: client 0: reply seq 6346 len 32
y11: client 0: request 6347 opcode 20 len 24 bytes: 14 00 06 00 62 02 10 00 23 00 00 00 23 00 00 00 00 00 00 00
y11: client 0: reply seq 6347 len 32
y11: client 0: request 6348 opcode 20 len 24 bytes: 14 00 06 00 64 02 10 00 23 00 00 00 23 00 00 00 00 00 00 00
y11: client 0: reply seq 6348 len 32
y11: client 0: request 6349 opcode 20 len 24 bytes: 14 00 06 00 2b 03 10 00 23 00 00 00 23 00 00 00 00 00 00 00
y11: client 0: reply seq 6349 len 32
y11: client 0: request 6350 opcode 20 len 24 bytes: 14 00 06 00 d4 01 10 00 23 00 00 00 23 00 00 00 00 00 00 00
y11: client 0: reply seq 6350 len 32
y11: client 0: request 6351 opcode 20 len 24 bytes: 14 00 06 00 d8 01 10 00 23 00 00 00 23 00 00 00 00 00 00 00
y11: client 0: reply seq 6351 len 32
y11: client 0: request 6352 opcode 20 len 24 bytes: 14 00 06 00 da 01 10 00 23 00 00 00 23 00 00 00 00 00 00 00
y11: client 0: reply seq 6352 len 32
y11: client 0: request 6353 opcode 20 len 24 bytes: 14 00 06 00 dc 01 10 00 23 00 00 00 23 00 00 00 00 00 00 00
y11: client 0: reply seq 6353 len 32
y11: client 0: request 6354 opcode 20 len 24 bytes: 14 00 06 00 de 01 10 00 23 00 00 00 23 00 00 00 00 00 00 00
y11: client 0: reply seq 6354 len 32
y11: client 0: request 6355 opcode 20 len 24 bytes: 14 00 06 00 e1 01 10 00 23 00 00 00 23 00 00 00 00 00 00 00
y11: client 0: reply seq 6355 len 32
y11: client 0: request 6356 opcode 20 len 24 bytes: 14 00 06 00 e3 01 10 00 23 00 00 00 23 00 00 00 00 00 00 00
y11: client 0: reply seq 6356 len 32
y11: client 0: request 6357 opcode 20 len 24 bytes: 14 00 06 00 69 02 10 00 23 00 00 00 23 00 00 00 00 00 00 00
y11: client 0: reply seq 6357 len 32
y11: client 0: request 6358 opcode 20 len 24 bytes: 14 00 06 00 6d 02 10 00 23 00 00 00 23 00 00 00 00 00 00 00
y11: client 0: reply seq 6358 len 32
y11: client 0: request 6359 opcode 20 len 24 bytes: 14 00 06 00 71 02 10 00 23 00 00 00 23 00 00 00 00 00 00 00
y11: client 0: reply seq 6359 len 32
y11: client 0: request 6360 opcode 20 len 24 bytes: 14 00 06 00 75 02 10 00 23 00 00 00 23 00 00 00 00 00 00 00
y11: client 0: reply seq 6360 len 32
y11: client 0: request 6361 opcode 20 len 24 bytes: 14 00 06 00 79 02 10 00 23 00 00 00 23 00 00 00 00 00 00 00
y11: client 0: reply seq 6361 len 32
y11: client 0: request 6362 opcode 20 len 24 bytes: 14 00 06 00 7e 02 10 00 23 00 00 00 23 00 00 00 00 00 00 00
y11: client 0: reply seq 6362 len 32
y11: client 0: request 6363 opcode 20 len 24 bytes: 14 00 06 00 82 02 10 00 23 00 00 00 23 00 00 00 00 00 00 00
y11: client 0: reply seq 6363 len 32
y11: client 0: request 6364 opcode 20 len 24 bytes: 14 00 06 00 86 02 10 00 23 00 00 00 23 00 00 00 00 00 00 00
y11: client 0: reply seq 6364 len 32
y11: client 0: request 6365 opcode 20 len 24 bytes: 14 00 06 00 8a 02 10 00 23 00 00 00 23 00 00 00 00 00 00 00
y11: client 0: reply seq 6365 len 32
y11: client 0: request 6366 opcode 20 len 24 bytes: 14 00 06 00 8e 02 10 00 23 00 00 00 23 00 00 00 00 00 00 00
y11: client 0: reply seq 6366 len 32
y11: client 0: request 6367 opcode 20 len 24 bytes: 14 00 06 00 92 02 10 00 23 00 00 00 23 00 00 00 00 00 00 00
y11: client 0: reply seq 6367 len 32
y11: client 0: request 6368 opcode 20 len 24 bytes: 14 00 06 00 96 02 10 00 23 00 00 00 23 00 00 00 00 00 00 00
y11: client 0: reply seq 6368 len 32
y11: client 0: request 6369 opcode 20 len 24 bytes: 14 00 06 00 9a 02 10 00 23 00 00 00 23 00 00 00 00 00 00 00
y11: client 0: reply seq 6369 len 32
y11: client 0: request 6370 opcode 20 len 24 bytes: 14 00 06 00 9e 02 10 00 23 00 00 00 23 00 00 00 00 00 00 00
y11: client 0: reply seq 6370 len 32
y11: client 0: request 6371 opcode 20 len 24 bytes: 14 00 06 00 a2 02 10 00 23 00 00 00 23 00 00 00 00 00 00 00
y11: client 0: reply seq 6371 len 32
y11: client 0: request 6372 opcode 20 len 24 bytes: 14 00 06 00 a6 02 10 00 23 00 00 00 23 00 00 00 00 00 00 00
y11: client 0: reply seq 6372 len 32
y11: client 0: request 6373 opcode 20 len 24 bytes: 14 00 06 00 aa 02 10 00 23 00 00 00 23 00 00 00 00 00 00 00
y11: client 0: reply seq 6373 len 32
y11: client 0: request 6374 opcode 20 len 24 bytes: 14 00 06 00 ae 02 10 00 23 00 00 00 23 00 00 00 00 00 00 00
y11: client 0: reply seq 6374 len 32
y11: client 0: request 6375 opcode 20 len 24 bytes: 14 00 06 00 b2 02 10 00 23 00 00 00 23 00 00 00 00 00 00 00
y11: client 0: reply seq 6375 len 32
y11: client 0: request 6376 opcode 20 len 24 bytes: 14 00 06 00 b6 02 10 00 23 00 00 00 23 00 00 00 00 00 00 00
y11: client 0: reply seq 6376 len 32
y11: client 0: request 6377 opcode 20 len 24 bytes: 14 00 06 00 ba 02 10 00 23 00 00 00 23 00 00 00 00 00 00 00
y11: client 0: reply seq 6377 len 32
y11: client 0: request 6378 opcode 20 len 24 bytes: 14 00 06 00 be 02 10 00 23 00 00 00 23 00 00 00 00 00 00 00
y11: client 0: reply seq 6378 len 32
y11: client 0: request 6379 opcode 20 len 24 bytes: 14 00 06 00 c2 02 10 00 23 00 00 00 23 00 00 00 00 00 00 00
y11: client 0: reply seq 6379 len 32
y11: client 0: request 6380 opcode 20 len 24 bytes: 14 00 06 00 c6 02 10 00 23 00 00 00 23 00 00 00 00 00 00 00
y11: client 0: reply seq 6380 len 32
y11: client 0: request 6381 opcode 20 len 24 bytes: 14 00 06 00 ca 02 10 00 23 00 00 00 23 00 00 00 00 00 00 00
y11: client 0: reply seq 6381 len 32
y11: client 0: request 6382 opcode 20 len 24 bytes: 14 00 06 00 ce 02 10 00 23 00 00 00 23 00 00 00 00 00 00 00
y11: client 0: reply seq 6382 len 32
y11: client 0: request 6383 opcode 20 len 24 bytes: 14 00 06 00 d2 02 10 00 23 00 00 00 23 00 00 00 00 00 00 00
y11: client 0: reply seq 6383 len 32
y11: client 0: request 6384 opcode 20 len 24 bytes: 14 00 06 00 d6 02 10 00 23 00 00 00 23 00 00 00 00 00 00 00
y11: client 0: reply seq 6384 len 32
y11: client 0: request 6385 opcode 20 len 24 bytes: 14 00 06 00 da 02 10 00 23 00 00 00 23 00 00 00 00 00 00 00
y11: client 0: reply seq 6385 len 32
y11: client 0: request 6386 opcode 20 len 24 bytes: 14 00 06 00 de 02 10 00 23 00 00 00 23 00 00 00 00 00 00 00
y11: client 0: reply seq 6386 len 32
y11: client 0: request 6387 opcode 20 len 24 bytes: 14 00 06 00 e2 02 10 00 23 00 00 00 23 00 00 00 00 00 00 00
y11: client 0: reply seq 6387 len 32
y11: client 0: request 6388 opcode 20 len 24 bytes: 14 00 06 00 e6 02 10 00 23 00 00 00 23 00 00 00 00 00 00 00
y11: client 0: reply seq 6388 len 32
y11: client 0: request 6389 opcode 20 len 24 bytes: 14 00 06 00 ea 02 10 00 23 00 00 00 23 00 00 00 00 00 00 00
y11: client 0: reply seq 6389 len 32
y11: client 0: request 6390 opcode 20 len 24 bytes: 14 00 06 00 ee 02 10 00 23 00 00 00 23 00 00 00 00 00 00 00
y11: client 0: reply seq 6390 len 32
y11: client 0: request 6391 opcode 20 len 24 bytes: 14 00 06 00 f2 02 10 00 23 00 00 00 23 00 00 00 00 00 00 00
y11: client 0: reply seq 6391 len 32
y11: client 0: request 6392 opcode 20 len 24 bytes: 14 00 06 00 f6 02 10 00 23 00 00 00 23 00 00 00 00 00 00 00
y11: client 0: reply seq 6392 len 32
y11: client 0: request 6393 opcode 20 len 24 bytes: 14 00 06 00 fa 02 10 00 23 00 00 00 23 00 00 00 00 00 00 00
y11: client 0: reply seq 6393 len 32
y11: client 0: request 6394 opcode 20 len 24 bytes: 14 00 06 00 fe 02 10 00 23 00 00 00 23 00 00 00 00 00 00 00
y11: client 0: reply seq 6394 len 32
y11: client 0: request 6395 opcode 20 len 24 bytes: 14 00 06 00 02 03 10 00 23 00 00 00 23 00 00 00 00 00 00 00
y11: client 0: reply seq 6395 len 32
y11: client 0: request 6396 opcode 20 len 24 bytes: 14 00 06 00 06 03 10 00 23 00 00 00 23 00 00 00 00 00 00 00
y11: client 0: reply seq 6396 len 32
y11: client 0: request 6397 opcode 20 len 24 bytes: 14 00 06 00 0a 03 10 00 23 00 00 00 23 00 00 00 00 00 00 00
y11: client 0: reply seq 6397 len 32
y11: client 0: request 6398 opcode 20 len 24 bytes: 14 00 06 00 0e 03 10 00 23 00 00 00 23 00 00 00 00 00 00 00
y11: client 0: reply seq 6398 len 32
y11: client 0: request 6399 opcode 20 len 24 bytes: 14 00 06 00 12 03 10 00 23 00 00 00 23 00 00 00 00 00 00 00
y11: client 0: reply seq 6399 len 32
y11: client 0: request 6400 opcode 20 len 24 bytes: 14 00 06 00 16 03 10 00 23 00 00 00 23 00 00 00 00 00 00 00
y11: client 0: reply seq 6400 len 32
y11: client 0: request 6401 opcode 20 len 24 bytes: 14 00 06 00 1a 03 10 00 23 00 00 00 23 00 00 00 00 00 00 00
y11: client 0: reply seq 6401 len 32
y11: client 0: request 6402 opcode 20 len 24 bytes: 14 00 06 00 23 03 10 00 23 00 00 00 23 00 00 00 00 00 00 00
y11: client 0: reply seq 6402 len 32
y11: client 0: request 6403 opcode 20 len 24 bytes: 14 00 06 00 27 03 10 00 23 00 00 00 23 00 00 00 00 00 00 00
y11: client 0: reply seq 6403 len 32
y11: client 0: request 6404 opcode 20 len 24 bytes: 14 00 06 00 65 02 10 00 23 00 00 00 23 00 00 00 00 00 00 00
y11: client 0: reply seq 6404 len 32
y11: client 0: request 6405 opcode 20 len 24 bytes: 14 00 06 00 2f 03 10 00 23 00 00 00 23 00 00 00 00 00 00 00
y11: client 0: reply seq 6405 len 32
y11: client 0: request 6406 opcode 20 len 24 bytes: 14 00 06 00 31 03 10 00 23 00 00 00 23 00 00 00 00 00 00 00
y11: client 0: reply seq 6406 len 32
y11: client 0: request 6407 opcode 20 len 24 bytes: 14 00 06 00 33 03 10 00 23 00 00 00 23 00 00 00 00 00 00 00
y11: client 0: reply seq 6407 len 32
y11: client 0: request 6408 opcode 20 len 24 bytes: 14 00 06 00 35 03 10 00 23 00 00 00 23 00 00 00 00 00 00 00
y11: client 0: reply seq 6408 len 32
y11: client 0: request 6409 opcode 36 len 4 bytes: 24 00 01 00
y11: client 0: request 6410 opcode 43 len 4 bytes: 2b 00 01 00
y11: client 0: reply seq 6410 len 32
y11: client 0: request 6411 opcode 3 len 8 bytes: 03 00 02 00 7b 00 10 00
y11: client 0: reply seq 6411 len 44
y11: client 0: request 6412 opcode 14 len 8 bytes: 0e 00 02 00 7b 00 10 00
y11: client 0: reply seq 6412 len 32
y11: client 0: request 6413 opcode 20 len 24 bytes: 14 00 06 00 7b 00 10 00 59 00 00 00 59 00 00 00 00 00 00 00
y11: client 0: reply seq 6413 len 32
y11: client 0: request 6414 opcode 37 len 4 bytes: 25 00 01 00
y11: client 0: request 6415 opcode 36 len 4 bytes: 24 00 01 00
y11: client 0: request 6416 opcode 43 len 4 bytes: 2b 00 01 00
y11: client 0: reply seq 6416 len 32
y11: client 0: request 6417 opcode 3 len 8 bytes: 03 00 02 00 21 01 10 00
y11: client 0: reply seq 6417 len 44
y11: client 0: request 6418 opcode 14 len 8 bytes: 0e 00 02 00 21 01 10 00
y11: client 0: reply seq 6418 len 32
y11: client 0: request 6419 opcode 20 len 24 bytes: 14 00 06 00 21 01 10 00 59 00 00 00 59 00 00 00 00 00 00 00
y11: client 0: reply seq 6419 len 32
y11: client 0: request 6420 opcode 37 len 4 bytes: 25 00 01 00
y11: client 0: request 6421 opcode 36 len 4 bytes: 24 00 01 00
y11: client 0: request 6422 opcode 43 len 4 bytes: 2b 00 01 00
y11: client 0: reply seq 6422 len 32
y11: client 0: request 6423 opcode 3 len 8 bytes: 03 00 02 00 d1 01 10 00
y11: client 0: reply seq 6423 len 44
y11: client 0: request 6424 opcode 14 len 8 bytes: 0e 00 02 00 d1 01 10 00
y11: client 0: reply seq 6424 len 32
y11: client 0: request 6425 opcode 37 len 4 bytes: 25 00 01 00
y11: client 0: request 6426 opcode 36 len 4 bytes: 24 00 01 00
y11: client 0: request 6427 opcode 43 len 4 bytes: 2b 00 01 00
y11: client 0: reply seq 6427 len 32
y11: client 0: request 6428 opcode 3 len 8 bytes: 03 00 02 00 d2 01 10 00
y11: client 0: reply seq 6428 len 44
y11: client 0: request 6429 opcode 14 len 8 bytes: 0e 00 02 00 d2 01 10 00
y11: client 0: reply seq 6429 len 32
y11: client 0: request 6430 opcode 37 len 4 bytes: 25 00 01 00
y11: client 0: request 6431 opcode 36 len 4 bytes: 24 00 01 00
y11: client 0: request 6432 opcode 43 len 4 bytes: 2b 00 01 00
y11: client 0: reply seq 6432 len 32
y11: client 0: request 6433 opcode 3 len 8 bytes: 03 00 02 00 d3 01 10 00
y11: client 0: reply seq 6433 len 44
y11: client 0: request 6434 opcode 14 len 8 bytes: 0e 00 02 00 d3 01 10 00
y11: client 0: reply seq 6434 len 32
y11: client 0: request 6435 opcode 37 len 4 bytes: 25 00 01 00
y11: client 0: request 6436 opcode 36 len 4 bytes: 24 00 01 00
y11: client 0: request 6437 opcode 43 len 4 bytes: 2b 00 01 00
y11: client 0: reply seq 6437 len 32
y11: client 0: request 6438 opcode 3 len 8 bytes: 03 00 02 00 62 02 10 00
y11: client 0: reply seq 6438 len 44
y11: client 0: request 6439 opcode 14 len 8 bytes: 0e 00 02 00 62 02 10 00
y11: client 0: reply seq 6439 len 32
y11: client 0: request 6440 opcode 37 len 4 bytes: 25 00 01 00
y11: client 0: request 6441 opcode 36 len 4 bytes: 24 00 01 00
y11: client 0: request 6442 opcode 43 len 4 bytes: 2b 00 01 00
y11: client 0: reply seq 6442 len 32
y11: client 0: request 6443 opcode 3 len 8 bytes: 03 00 02 00 64 02 10 00
y11: client 0: reply seq 6443 len 44
y11: client 0: request 6444 opcode 14 len 8 bytes: 0e 00 02 00 64 02 10 00
y11: client 0: reply seq 6444 len 32
y11: client 0: request 6445 opcode 20 len 24 bytes: 14 00 06 00 64 02 10 00 59 00 00 00 59 00 00 00 00 00 00 00
y11: client 0: reply seq 6445 len 32
y11: client 0: request 6446 opcode 37 len 4 bytes: 25 00 01 00
y11: client 0: request 6447 opcode 36 len 4 bytes: 24 00 01 00
y11: client 0: request 6448 opcode 43 len 4 bytes: 2b 00 01 00
y11: client 0: reply seq 6448 len 32
y11: client 0: request 6449 opcode 3 len 8 bytes: 03 00 02 00 2b 03 10 00
y11: client 0: reply seq 6449 len 44
y11: client 0: request 6450 opcode 14 len 8 bytes: 0e 00 02 00 2b 03 10 00
y11: client 0: reply seq 6450 len 32
y11: client 0: request 6451 opcode 37 len 4 bytes: 25 00 01 00
y11: client 0: request 6452 opcode 36 len 4 bytes: 24 00 01 00
y11: client 0: request 6453 opcode 43 len 4 bytes: 2b 00 01 00
y11: client 0: reply seq 6453 len 32
y11: client 0: request 6454 opcode 3 len 8 bytes: 03 00 02 00 d4 01 10 00
y11: client 0: reply seq 6454 len 44
y11: client 0: request 6455 opcode 14 len 8 bytes: 0e 00 02 00 d4 01 10 00
y11: client 0: reply seq 6455 len 32
y11: client 0: request 6456 opcode 37 len 4 bytes: 25 00 01 00
y11: client 0: request 6457 opcode 36 len 4 bytes: 24 00 01 00
y11: client 0: request 6458 opcode 43 len 4 bytes: 2b 00 01 00
y11: client 0: reply seq 6458 len 32
y11: client 0: request 6459 opcode 3 len 8 bytes: 03 00 02 00 d8 01 10 00
y11: client 0: reply seq 6459 len 44
y11: client 0: request 6460 opcode 14 len 8 bytes: 0e 00 02 00 d8 01 10 00
y11: client 0: reply seq 6460 len 32
y11: client 0: request 6461 opcode 37 len 4 bytes: 25 00 01 00
y11: client 0: request 6462 opcode 36 len 4 bytes: 24 00 01 00
y11: client 0: request 6463 opcode 43 len 4 bytes: 2b 00 01 00
y11: client 0: reply seq 6463 len 32
y11: client 0: request 6464 opcode 3 len 8 bytes: 03 00 02 00 da 01 10 00
y11: client 0: reply seq 6464 len 44
y11: client 0: request 6465 opcode 14 len 8 bytes: 0e 00 02 00 da 01 10 00
y11: client 0: reply seq 6465 len 32
y11: client 0: request 6466 opcode 37 len 4 bytes: 25 00 01 00
y11: client 0: request 6467 opcode 36 len 4 bytes: 24 00 01 00
y11: client 0: request 6468 opcode 43 len 4 bytes: 2b 00 01 00
y11: client 0: reply seq 6468 len 32
y11: client 0: request 6469 opcode 3 len 8 bytes: 03 00 02 00 dc 01 10 00
y11: client 0: reply seq 6469 len 44
y11: client 0: request 6470 opcode 14 len 8 bytes: 0e 00 02 00 dc 01 10 00
y11: client 0: reply seq 6470 len 32
y11: client 0: request 6471 opcode 37 len 4 bytes: 25 00 01 00
y11: client 0: request 6472 opcode 36 len 4 bytes: 24 00 01 00
y11: client 0: request 6473 opcode 43 len 4 bytes: 2b 00 01 00
y11: client 0: reply seq 6473 len 32
y11: client 0: request 6474 opcode 3 len 8 bytes: 03 00 02 00 de 01 10 00
y11: client 0: reply seq 6474 len 44
y11: client 0: request 6475 opcode 14 len 8 bytes: 0e 00 02 00 de 01 10 00
y11: client 0: reply seq 6475 len 32
y11: client 0: request 6476 opcode 37 len 4 bytes: 25 00 01 00
y11: client 0: request 6477 opcode 36 len 4 bytes: 24 00 01 00
y11: client 0: request 6478 opcode 43 len 4 bytes: 2b 00 01 00
y11: client 0: reply seq 6478 len 32
y11: client 0: request 6479 opcode 3 len 8 bytes: 03 00 02 00 e1 01 10 00
y11: client 0: reply seq 6479 len 44
y11: client 0: request 6480 opcode 14 len 8 bytes: 0e 00 02 00 e1 01 10 00
y11: client 0: reply seq 6480 len 32
y11: client 0: request 6481 opcode 37 len 4 bytes: 25 00 01 00
y11: client 0: request 6482 opcode 36 len 4 bytes: 24 00 01 00
y11: client 0: request 6483 opcode 43 len 4 bytes: 2b 00 01 00
y11: client 0: reply seq 6483 len 32
y11: client 0: request 6484 opcode 3 len 8 bytes: 03 00 02 00 e3 01 10 00
y11: client 0: reply seq 6484 len 44
y11: client 0: request 6485 opcode 14 len 8 bytes: 0e 00 02 00 e3 01 10 00
y11: client 0: reply seq 6485 len 32
y11: client 0: request 6486 opcode 37 len 4 bytes: 25 00 01 00
y11: client 0: request 6487 opcode 36 len 4 bytes: 24 00 01 00
y11: client 0: request 6488 opcode 43 len 4 bytes: 2b 00 01 00
y11: client 0: reply seq 6488 len 32
y11: client 0: request 6489 opcode 3 len 8 bytes: 03 00 02 00 69 02 10 00
y11: client 0: reply seq 6489 len 44
y11: client 0: request 6490 opcode 14 len 8 bytes: 0e 00 02 00 69 02 10 00
y11: client 0: reply seq 6490 len 32
y11: client 0: request 6491 opcode 37 len 4 bytes: 25 00 01 00
y11: client 0: request 6492 opcode 36 len 4 bytes: 24 00 01 00
y11: client 0: request 6493 opcode 43 len 4 bytes: 2b 00 01 00
y11: client 0: reply seq 6493 len 32
y11: client 0: request 6494 opcode 3 len 8 bytes: 03 00 02 00 6d 02 10 00
y11: client 0: reply seq 6494 len 44
y11: client 0: request 6495 opcode 14 len 8 bytes: 0e 00 02 00 6d 02 10 00
y11: client 0: reply seq 6495 len 32
y11: client 0: request 6496 opcode 37 len 4 bytes: 25 00 01 00
y11: client 0: request 6497 opcode 36 len 4 bytes: 24 00 01 00
y11: client 0: request 6498 opcode 43 len 4 bytes: 2b 00 01 00
y11: client 0: reply seq 6498 len 32
y11: client 0: request 6499 opcode 3 len 8 bytes: 03 00 02 00 71 02 10 00
y11: client 0: reply seq 6499 len 44
y11: client 0: request 6500 opcode 14 len 8 bytes: 0e 00 02 00 71 02 10 00
y11: client 0: reply seq 6500 len 32
y11: client 0: request 6501 opcode 37 len 4 bytes: 25 00 01 00
y11: client 0: request 6502 opcode 36 len 4 bytes: 24 00 01 00
y11: client 0: request 6503 opcode 43 len 4 bytes: 2b 00 01 00
y11: client 0: reply seq 6503 len 32
y11: client 0: request 6504 opcode 3 len 8 bytes: 03 00 02 00 75 02 10 00
y11: client 0: reply seq 6504 len 44
y11: client 0: request 6505 opcode 14 len 8 bytes: 0e 00 02 00 75 02 10 00
y11: client 0: reply seq 6505 len 32
y11: client 0: request 6506 opcode 37 len 4 bytes: 25 00 01 00
y11: client 0: request 6507 opcode 36 len 4 bytes: 24 00 01 00
y11: client 0: request 6508 opcode 43 len 4 bytes: 2b 00 01 00
y11: client 0: reply seq 6508 len 32
y11: client 0: request 6509 opcode 3 len 8 bytes: 03 00 02 00 79 02 10 00
y11: client 0: reply seq 6509 len 44
y11: client 0: request 6510 opcode 14 len 8 bytes: 0e 00 02 00 79 02 10 00
y11: client 0: reply seq 6510 len 32
y11: client 0: request 6511 opcode 37 len 4 bytes: 25 00 01 00
y11: client 0: request 6512 opcode 36 len 4 bytes: 24 00 01 00
y11: client 0: request 6513 opcode 43 len 4 bytes: 2b 00 01 00
y11: client 0: reply seq 6513 len 32
y11: client 0: request 6514 opcode 3 len 8 bytes: 03 00 02 00 7e 02 10 00
y11: client 0: reply seq 6514 len 44
y11: client 0: request 6515 opcode 14 len 8 bytes: 0e 00 02 00 7e 02 10 00
y11: client 0: reply seq 6515 len 32
y11: client 0: request 6516 opcode 37 len 4 bytes: 25 00 01 00
y11: client 0: request 6517 opcode 36 len 4 bytes: 24 00 01 00
y11: client 0: request 6518 opcode 43 len 4 bytes: 2b 00 01 00
y11: client 0: reply seq 6518 len 32
y11: client 0: request 6519 opcode 3 len 8 bytes: 03 00 02 00 82 02 10 00
y11: client 0: reply seq 6519 len 44
y11: client 0: request 6520 opcode 14 len 8 bytes: 0e 00 02 00 82 02 10 00
y11: client 0: reply seq 6520 len 32
y11: client 0: request 6521 opcode 37 len 4 bytes: 25 00 01 00
y11: client 0: request 6522 opcode 36 len 4 bytes: 24 00 01 00
y11: client 0: request 6523 opcode 43 len 4 bytes: 2b 00 01 00
y11: client 0: reply seq 6523 len 32
y11: client 0: request 6524 opcode 3 len 8 bytes: 03 00 02 00 86 02 10 00
y11: client 0: reply seq 6524 len 44
y11: client 0: request 6525 opcode 14 len 8 bytes: 0e 00 02 00 86 02 10 00
y11: client 0: reply seq 6525 len 32
y11: client 0: request 6526 opcode 37 len 4 bytes: 25 00 01 00
y11: client 0: request 6527 opcode 36 len 4 bytes: 24 00 01 00
y11: client 0: request 6528 opcode 43 len 4 bytes: 2b 00 01 00
y11: client 0: reply seq 6528 len 32
y11: client 0: request 6529 opcode 3 len 8 bytes: 03 00 02 00 8a 02 10 00
y11: client 0: reply seq 6529 len 44
y11: client 0: request 6530 opcode 14 len 8 bytes: 0e 00 02 00 8a 02 10 00
y11: client 0: reply seq 6530 len 32
y11: client 0: request 6531 opcode 37 len 4 bytes: 25 00 01 00
y11: client 0: request 6532 opcode 36 len 4 bytes: 24 00 01 00
y11: client 0: request 6533 opcode 43 len 4 bytes: 2b 00 01 00
y11: client 0: reply seq 6533 len 32
y11: client 0: request 6534 opcode 3 len 8 bytes: 03 00 02 00 8e 02 10 00
y11: client 0: reply seq 6534 len 44
y11: client 0: request 6535 opcode 14 len 8 bytes: 0e 00 02 00 8e 02 10 00
y11: client 0: reply seq 6535 len 32
y11: client 0: request 6536 opcode 37 len 4 bytes: 25 00 01 00
y11: client 0: request 6537 opcode 36 len 4 bytes: 24 00 01 00
y11: client 0: request 6538 opcode 43 len 4 bytes: 2b 00 01 00
y11: client 0: reply seq 6538 len 32
y11: client 0: request 6539 opcode 3 len 8 bytes: 03 00 02 00 92 02 10 00
y11: client 0: reply seq 6539 len 44
y11: client 0: request 6540 opcode 14 len 8 bytes: 0e 00 02 00 92 02 10 00
y11: client 0: reply seq 6540 len 32
y11: client 0: request 6541 opcode 37 len 4 bytes: 25 00 01 00
y11: client 0: request 6542 opcode 36 len 4 bytes: 24 00 01 00
y11: client 0: request 6543 opcode 43 len 4 bytes: 2b 00 01 00
y11: client 0: reply seq 6543 len 32
y11: client 0: request 6544 opcode 3 len 8 bytes: 03 00 02 00 96 02 10 00
y11: client 0: reply seq 6544 len 44
y11: client 0: request 6545 opcode 14 len 8 bytes: 0e 00 02 00 96 02 10 00
y11: client 0: reply seq 6545 len 32
y11: client 0: request 6546 opcode 37 len 4 bytes: 25 00 01 00
y11: client 0: request 6547 opcode 36 len 4 bytes: 24 00 01 00
y11: client 0: request 6548 opcode 43 len 4 bytes: 2b 00 01 00
y11: client 0: reply seq 6548 len 32
y11: client 0: request 6549 opcode 3 len 8 bytes: 03 00 02 00 9a 02 10 00
y11: client 0: reply seq 6549 len 44
y11: client 0: request 6550 opcode 14 len 8 bytes: 0e 00 02 00 9a 02 10 00
y11: client 0: reply seq 6550 len 32
y11: client 0: request 6551 opcode 37 len 4 bytes: 25 00 01 00
y11: client 0: request 6552 opcode 36 len 4 bytes: 24 00 01 00
y11: client 0: request 6553 opcode 43 len 4 bytes: 2b 00 01 00
y11: client 0: reply seq 6553 len 32
y11: client 0: request 6554 opcode 3 len 8 bytes: 03 00 02 00 9e 02 10 00
y11: client 0: reply seq 6554 len 44
y11: client 0: request 6555 opcode 14 len 8 bytes: 0e 00 02 00 9e 02 10 00
y11: client 0: reply seq 6555 len 32
y11: client 0: request 6556 opcode 37 len 4 bytes: 25 00 01 00
y11: client 0: request 6557 opcode 36 len 4 bytes: 24 00 01 00
y11: client 0: request 6558 opcode 43 len 4 bytes: 2b 00 01 00
y11: client 0: reply seq 6558 len 32
y11: client 0: request 6559 opcode 3 len 8 bytes: 03 00 02 00 a2 02 10 00
y11: client 0: reply seq 6559 len 44
y11: client 0: request 6560 opcode 14 len 8 bytes: 0e 00 02 00 a2 02 10 00
y11: client 0: reply seq 6560 len 32
y11: client 0: request 6561 opcode 37 len 4 bytes: 25 00 01 00
y11: client 0: request 6562 opcode 36 len 4 bytes: 24 00 01 00
y11: client 0: request 6563 opcode 43 len 4 bytes: 2b 00 01 00
y11: client 0: reply seq 6563 len 32
y11: client 0: request 6564 opcode 3 len 8 bytes: 03 00 02 00 a6 02 10 00
y11: client 0: reply seq 6564 len 44
y11: client 0: request 6565 opcode 14 len 8 bytes: 0e 00 02 00 a6 02 10 00
y11: client 0: reply seq 6565 len 32
y11: client 0: request 6566 opcode 37 len 4 bytes: 25 00 01 00
y11: client 0: request 6567 opcode 36 len 4 bytes: 24 00 01 00
y11: client 0: request 6568 opcode 43 len 4 bytes: 2b 00 01 00
y11: client 0: reply seq 6568 len 32
y11: client 0: request 6569 opcode 3 len 8 bytes: 03 00 02 00 aa 02 10 00
y11: client 0: reply seq 6569 len 44
y11: client 0: request 6570 opcode 14 len 8 bytes: 0e 00 02 00 aa 02 10 00
y11: client 0: reply seq 6570 len 32
y11: client 0: request 6571 opcode 37 len 4 bytes: 25 00 01 00
y11: client 0: request 6572 opcode 36 len 4 bytes: 24 00 01 00
y11: client 0: request 6573 opcode 43 len 4 bytes: 2b 00 01 00
y11: client 0: reply seq 6573 len 32
y11: client 0: request 6574 opcode 3 len 8 bytes: 03 00 02 00 ae 02 10 00
y11: client 0: reply seq 6574 len 44
y11: client 0: request 6575 opcode 14 len 8 bytes: 0e 00 02 00 ae 02 10 00
y11: client 0: reply seq 6575 len 32
y11: client 0: request 6576 opcode 37 len 4 bytes: 25 00 01 00
y11: client 0: request 6577 opcode 36 len 4 bytes: 24 00 01 00
y11: client 0: request 6578 opcode 43 len 4 bytes: 2b 00 01 00
y11: client 0: reply seq 6578 len 32
y11: client 0: request 6579 opcode 3 len 8 bytes: 03 00 02 00 b2 02 10 00
y11: client 0: reply seq 6579 len 44
y11: client 0: request 6580 opcode 14 len 8 bytes: 0e 00 02 00 b2 02 10 00
y11: client 0: reply seq 6580 len 32
y11: client 0: request 6581 opcode 37 len 4 bytes: 25 00 01 00
y11: client 0: request 6582 opcode 36 len 4 bytes: 24 00 01 00
y11: client 0: request 6583 opcode 43 len 4 bytes: 2b 00 01 00
y11: client 0: reply seq 6583 len 32
y11: client 0: request 6584 opcode 3 len 8 bytes: 03 00 02 00 b6 02 10 00
y11: client 0: reply seq 6584 len 44
y11: client 0: request 6585 opcode 14 len 8 bytes: 0e 00 02 00 b6 02 10 00
y11: client 0: reply seq 6585 len 32
y11: client 0: request 6586 opcode 37 len 4 bytes: 25 00 01 00
y11: client 0: request 6587 opcode 36 len 4 bytes: 24 00 01 00
y11: client 0: request 6588 opcode 43 len 4 bytes: 2b 00 01 00
y11: client 0: reply seq 6588 len 32
y11: client 0: request 6589 opcode 3 len 8 bytes: 03 00 02 00 ba 02 10 00
y11: client 0: reply seq 6589 len 44
y11: client 0: request 6590 opcode 14 len 8 bytes: 0e 00 02 00 ba 02 10 00
y11: client 0: reply seq 6590 len 32
y11: client 0: request 6591 opcode 37 len 4 bytes: 25 00 01 00
y11: client 0: request 6592 opcode 36 len 4 bytes: 24 00 01 00
y11: client 0: request 6593 opcode 43 len 4 bytes: 2b 00 01 00
y11: client 0: reply seq 6593 len 32
y11: client 0: request 6594 opcode 3 len 8 bytes: 03 00 02 00 be 02 10 00
y11: client 0: reply seq 6594 len 44
y11: client 0: request 6595 opcode 14 len 8 bytes: 0e 00 02 00 be 02 10 00
y11: client 0: reply seq 6595 len 32
y11: client 0: request 6596 opcode 37 len 4 bytes: 25 00 01 00
y11: client 0: request 6597 opcode 36 len 4 bytes: 24 00 01 00
y11: client 0: request 6598 opcode 43 len 4 bytes: 2b 00 01 00
y11: client 0: reply seq 6598 len 32
y11: client 0: request 6599 opcode 3 len 8 bytes: 03 00 02 00 c2 02 10 00
y11: client 0: reply seq 6599 len 44
y11: client 0: request 6600 opcode 14 len 8 bytes: 0e 00 02 00 c2 02 10 00
y11: client 0: reply seq 6600 len 32
y11: client 0: request 6601 opcode 37 len 4 bytes: 25 00 01 00
y11: client 0: request 6602 opcode 36 len 4 bytes: 24 00 01 00
y11: client 0: request 6603 opcode 43 len 4 bytes: 2b 00 01 00
y11: client 0: reply seq 6603 len 32
y11: client 0: request 6604 opcode 3 len 8 bytes: 03 00 02 00 c6 02 10 00
y11: client 0: reply seq 6604 len 44
y11: client 0: request 6605 opcode 14 len 8 bytes: 0e 00 02 00 c6 02 10 00
y11: client 0: reply seq 6605 len 32
y11: client 0: request 6606 opcode 37 len 4 bytes: 25 00 01 00
y11: client 0: request 6607 opcode 36 len 4 bytes: 24 00 01 00
y11: client 0: request 6608 opcode 43 len 4 bytes: 2b 00 01 00
y11: client 0: reply seq 6608 len 32
y11: client 0: request 6609 opcode 3 len 8 bytes: 03 00 02 00 ca 02 10 00
y11: client 0: reply seq 6609 len 44
y11: client 0: request 6610 opcode 14 len 8 bytes: 0e 00 02 00 ca 02 10 00
y11: client 0: reply seq 6610 len 32
y11: client 0: request 6611 opcode 37 len 4 bytes: 25 00 01 00
y11: client 0: request 6612 opcode 36 len 4 bytes: 24 00 01 00
y11: client 0: request 6613 opcode 43 len 4 bytes: 2b 00 01 00
y11: client 0: reply seq 6613 len 32
y11: client 0: request 6614 opcode 3 len 8 bytes: 03 00 02 00 ce 02 10 00
y11: client 0: reply seq 6614 len 44
y11: client 0: request 6615 opcode 14 len 8 bytes: 0e 00 02 00 ce 02 10 00
y11: client 0: reply seq 6615 len 32
y11: client 0: request 6616 opcode 37 len 4 bytes: 25 00 01 00
y11: client 0: request 6617 opcode 36 len 4 bytes: 24 00 01 00
y11: client 0: request 6618 opcode 43 len 4 bytes: 2b 00 01 00
y11: client 0: reply seq 6618 len 32
y11: client 0: request 6619 opcode 3 len 8 bytes: 03 00 02 00 d2 02 10 00
y11: client 0: reply seq 6619 len 44
y11: client 0: request 6620 opcode 14 len 8 bytes: 0e 00 02 00 d2 02 10 00
y11: client 0: reply seq 6620 len 32
y11: client 0: request 6621 opcode 37 len 4 bytes: 25 00 01 00
y11: client 0: request 6622 opcode 36 len 4 bytes: 24 00 01 00
y11: client 0: request 6623 opcode 43 len 4 bytes: 2b 00 01 00
y11: client 0: reply seq 6623 len 32
y11: client 0: request 6624 opcode 3 len 8 bytes: 03 00 02 00 d6 02 10 00
y11: client 0: reply seq 6624 len 44
y11: client 0: request 6625 opcode 14 len 8 bytes: 0e 00 02 00 d6 02 10 00
y11: client 0: reply seq 6625 len 32
y11: client 0: request 6626 opcode 37 len 4 bytes: 25 00 01 00
y11: client 0: request 6627 opcode 36 len 4 bytes: 24 00 01 00
y11: client 0: request 6628 opcode 43 len 4 bytes: 2b 00 01 00
y11: client 0: reply seq 6628 len 32
y11: client 0: request 6629 opcode 3 len 8 bytes: 03 00 02 00 da 02 10 00
y11: client 0: reply seq 6629 len 44
y11: client 0: request 6630 opcode 14 len 8 bytes: 0e 00 02 00 da 02 10 00
y11: client 0: reply seq 6630 len 32
y11: client 0: request 6631 opcode 37 len 4 bytes: 25 00 01 00
y11: client 0: request 6632 opcode 36 len 4 bytes: 24 00 01 00
y11: client 0: request 6633 opcode 43 len 4 bytes: 2b 00 01 00
y11: client 0: reply seq 6633 len 32
y11: client 0: request 6634 opcode 3 len 8 bytes: 03 00 02 00 de 02 10 00
y11: client 0: reply seq 6634 len 44
y11: client 0: request 6635 opcode 14 len 8 bytes: 0e 00 02 00 de 02 10 00
y11: client 0: reply seq 6635 len 32
y11: client 0: request 6636 opcode 37 len 4 bytes: 25 00 01 00
y11: client 0: request 6637 opcode 36 len 4 bytes: 24 00 01 00
y11: client 0: request 6638 opcode 43 len 4 bytes: 2b 00 01 00
y11: client 0: reply seq 6638 len 32
y11: client 0: request 6639 opcode 3 len 8 bytes: 03 00 02 00 e2 02 10 00
y11: client 0: reply seq 6639 len 44
y11: client 0: request 6640 opcode 14 len 8 bytes: 0e 00 02 00 e2 02 10 00
y11: client 0: reply seq 6640 len 32
y11: client 0: request 6641 opcode 37 len 4 bytes: 25 00 01 00
y11: client 0: request 6642 opcode 36 len 4 bytes: 24 00 01 00
y11: client 0: request 6643 opcode 43 len 4 bytes: 2b 00 01 00
y11: client 0: reply seq 6643 len 32
y11: client 0: request 6644 opcode 3 len 8 bytes: 03 00 02 00 e6 02 10 00
y11: client 0: reply seq 6644 len 44
y11: client 0: request 6645 opcode 14 len 8 bytes: 0e 00 02 00 e6 02 10 00
y11: client 0: reply seq 6645 len 32
y11: client 0: request 6646 opcode 37 len 4 bytes: 25 00 01 00
y11: client 0: request 6647 opcode 36 len 4 bytes: 24 00 01 00
y11: client 0: request 6648 opcode 43 len 4 bytes: 2b 00 01 00
y11: client 0: reply seq 6648 len 32
y11: client 0: request 6649 opcode 3 len 8 bytes: 03 00 02 00 ea 02 10 00
y11: client 0: reply seq 6649 len 44
y11: client 0: request 6650 opcode 14 len 8 bytes: 0e 00 02 00 ea 02 10 00
y11: client 0: reply seq 6650 len 32
y11: client 0: request 6651 opcode 37 len 4 bytes: 25 00 01 00
y11: client 0: request 6652 opcode 36 len 4 bytes: 24 00 01 00
y11: client 0: request 6653 opcode 43 len 4 bytes: 2b 00 01 00
y11: client 0: reply seq 6653 len 32
y11: client 0: request 6654 opcode 3 len 8 bytes: 03 00 02 00 ee 02 10 00
y11: client 0: reply seq 6654 len 44
y11: client 0: request 6655 opcode 14 len 8 bytes: 0e 00 02 00 ee 02 10 00
y11: client 0: reply seq 6655 len 32
y11: client 0: request 6656 opcode 37 len 4 bytes: 25 00 01 00
y11: client 0: request 6657 opcode 36 len 4 bytes: 24 00 01 00
y11: client 0: request 6658 opcode 43 len 4 bytes: 2b 00 01 00
y11: client 0: reply seq 6658 len 32
y11: client 0: request 6659 opcode 3 len 8 bytes: 03 00 02 00 f2 02 10 00
y11: client 0: reply seq 6659 len 44
y11: client 0: request 6660 opcode 14 len 8 bytes: 0e 00 02 00 f2 02 10 00
y11: client 0: reply seq 6660 len 32
y11: client 0: request 6661 opcode 37 len 4 bytes: 25 00 01 00
y11: client 0: request 6662 opcode 36 len 4 bytes: 24 00 01 00
y11: client 0: request 6663 opcode 43 len 4 bytes: 2b 00 01 00
y11: client 0: reply seq 6663 len 32
y11: client 0: request 6664 opcode 3 len 8 bytes: 03 00 02 00 f6 02 10 00
y11: client 0: reply seq 6664 len 44
y11: client 0: request 6665 opcode 14 len 8 bytes: 0e 00 02 00 f6 02 10 00
y11: client 0: reply seq 6665 len 32
y11: client 0: request 6666 opcode 37 len 4 bytes: 25 00 01 00
y11: client 0: request 6667 opcode 36 len 4 bytes: 24 00 01 00
y11: client 0: request 6668 opcode 43 len 4 bytes: 2b 00 01 00
y11: client 0: reply seq 6668 len 32
y11: client 0: request 6669 opcode 3 len 8 bytes: 03 00 02 00 fa 02 10 00
y11: client 0: reply seq 6669 len 44
y11: client 0: request 6670 opcode 14 len 8 bytes: 0e 00 02 00 fa 02 10 00
y11: client 0: reply seq 6670 len 32
y11: client 0: request 6671 opcode 37 len 4 bytes: 25 00 01 00
y11: client 0: request 6672 opcode 36 len 4 bytes: 24 00 01 00
y11: client 0: request 6673 opcode 43 len 4 bytes: 2b 00 01 00
y11: client 0: reply seq 6673 len 32
y11: client 0: request 6674 opcode 3 len 8 bytes: 03 00 02 00 fe 02 10 00
y11: client 0: reply seq 6674 len 44
y11: client 0: request 6675 opcode 14 len 8 bytes: 0e 00 02 00 fe 02 10 00
y11: client 0: reply seq 6675 len 32
y11: client 0: request 6676 opcode 37 len 4 bytes: 25 00 01 00
y11: client 0: request 6677 opcode 36 len 4 bytes: 24 00 01 00
y11: client 0: request 6678 opcode 43 len 4 bytes: 2b 00 01 00
y11: client 0: reply seq 6678 len 32
y11: client 0: request 6679 opcode 3 len 8 bytes: 03 00 02 00 02 03 10 00
y11: client 0: reply seq 6679 len 44
y11: client 0: request 6680 opcode 14 len 8 bytes: 0e 00 02 00 02 03 10 00
y11: client 0: reply seq 6680 len 32
y11: client 0: request 6681 opcode 37 len 4 bytes: 25 00 01 00
y11: client 0: request 6682 opcode 36 len 4 bytes: 24 00 01 00
y11: client 0: request 6683 opcode 43 len 4 bytes: 2b 00 01 00
y11: client 0: reply seq 6683 len 32
y11: client 0: request 6684 opcode 3 len 8 bytes: 03 00 02 00 06 03 10 00
y11: client 0: reply seq 6684 len 44
y11: client 0: request 6685 opcode 14 len 8 bytes: 0e 00 02 00 06 03 10 00
y11: client 0: reply seq 6685 len 32
y11: client 0: request 6686 opcode 37 len 4 bytes: 25 00 01 00
y11: client 0: request 6687 opcode 36 len 4 bytes: 24 00 01 00
y11: client 0: request 6688 opcode 43 len 4 bytes: 2b 00 01 00
y11: client 0: reply seq 6688 len 32
y11: client 0: request 6689 opcode 3 len 8 bytes: 03 00 02 00 0a 03 10 00
y11: client 0: reply seq 6689 len 44
y11: client 0: request 6690 opcode 14 len 8 bytes: 0e 00 02 00 0a 03 10 00
y11: client 0: reply seq 6690 len 32
y11: client 0: request 6691 opcode 37 len 4 bytes: 25 00 01 00
y11: client 0: request 6692 opcode 36 len 4 bytes: 24 00 01 00
y11: client 0: request 6693 opcode 43 len 4 bytes: 2b 00 01 00
y11: client 0: reply seq 6693 len 32
y11: client 0: request 6694 opcode 3 len 8 bytes: 03 00 02 00 0e 03 10 00
y11: client 0: reply seq 6694 len 44
y11: client 0: request 6695 opcode 14 len 8 bytes: 0e 00 02 00 0e 03 10 00
y11: client 0: reply seq 6695 len 32
y11: client 0: request 6696 opcode 37 len 4 bytes: 25 00 01 00
y11: client 0: request 6697 opcode 36 len 4 bytes: 24 00 01 00
y11: client 0: request 6698 opcode 43 len 4 bytes: 2b 00 01 00
y11: client 0: reply seq 6698 len 32
y11: client 0: request 6699 opcode 3 len 8 bytes: 03 00 02 00 12 03 10 00
y11: client 0: reply seq 6699 len 44
y11: client 0: request 6700 opcode 14 len 8 bytes: 0e 00 02 00 12 03 10 00
y11: client 0: reply seq 6700 len 32
y11: client 0: request 6701 opcode 37 len 4 bytes: 25 00 01 00
y11: client 0: request 6702 opcode 36 len 4 bytes: 24 00 01 00
y11: client 0: request 6703 opcode 43 len 4 bytes: 2b 00 01 00
y11: client 0: reply seq 6703 len 32
y11: client 0: request 6704 opcode 3 len 8 bytes: 03 00 02 00 16 03 10 00
y11: client 0: reply seq 6704 len 44
y11: client 0: request 6705 opcode 14 len 8 bytes: 0e 00 02 00 16 03 10 00
y11: client 0: reply seq 6705 len 32
y11: client 0: request 6706 opcode 37 len 4 bytes: 25 00 01 00
y11: client 0: request 6707 opcode 36 len 4 bytes: 24 00 01 00
y11: client 0: request 6708 opcode 43 len 4 bytes: 2b 00 01 00
y11: client 0: reply seq 6708 len 32
y11: client 0: request 6709 opcode 3 len 8 bytes: 03 00 02 00 1a 03 10 00
y11: client 0: reply seq 6709 len 44
y11: client 0: request 6710 opcode 14 len 8 bytes: 0e 00 02 00 1a 03 10 00
y11: client 0: reply seq 6710 len 32
y11: client 0: request 6711 opcode 37 len 4 bytes: 25 00 01 00
y11: client 0: request 6712 opcode 36 len 4 bytes: 24 00 01 00
y11: client 0: request 6713 opcode 43 len 4 bytes: 2b 00 01 00
y11: client 0: reply seq 6713 len 32
y11: client 0: request 6714 opcode 3 len 8 bytes: 03 00 02 00 23 03 10 00
y11: client 0: reply seq 6714 len 44
y11: client 0: request 6715 opcode 14 len 8 bytes: 0e 00 02 00 23 03 10 00
y11: client 0: reply seq 6715 len 32
y11: client 0: request 6716 opcode 37 len 4 bytes: 25 00 01 00
y11: client 0: request 6717 opcode 36 len 4 bytes: 24 00 01 00
y11: client 0: request 6718 opcode 43 len 4 bytes: 2b 00 01 00
y11: client 0: reply seq 6718 len 32
y11: client 0: request 6719 opcode 3 len 8 bytes: 03 00 02 00 27 03 10 00
y11: client 0: reply seq 6719 len 44
y11: client 0: request 6720 opcode 14 len 8 bytes: 0e 00 02 00 27 03 10 00
y11: client 0: reply seq 6720 len 32
y11: client 0: request 6721 opcode 37 len 4 bytes: 25 00 01 00
y11: client 0: request 6722 opcode 36 len 4 bytes: 24 00 01 00
y11: client 0: request 6723 opcode 43 len 4 bytes: 2b 00 01 00
y11: client 0: reply seq 6723 len 32
y11: client 0: request 6724 opcode 3 len 8 bytes: 03 00 02 00 65 02 10 00
y11: client 0: reply seq 6724 len 44
y11: client 0: request 6725 opcode 14 len 8 bytes: 0e 00 02 00 65 02 10 00
y11: client 0: reply seq 6725 len 32
y11: client 0: request 6726 opcode 37 len 4 bytes: 25 00 01 00
y11: client 0: request 6727 opcode 36 len 4 bytes: 24 00 01 00
y11: client 0: request 6728 opcode 43 len 4 bytes: 2b 00 01 00
y11: client 0: reply seq 6728 len 32
y11: client 0: request 6729 opcode 3 len 8 bytes: 03 00 02 00 2f 03 10 00
y11: client 0: reply seq 6729 len 44
y11: client 0: request 6730 opcode 14 len 8 bytes: 0e 00 02 00 2f 03 10 00
y11: client 0: reply seq 6730 len 32
y11: client 0: request 6731 opcode 37 len 4 bytes: 25 00 01 00
y11: client 0: request 6732 opcode 36 len 4 bytes: 24 00 01 00
y11: client 0: request 6733 opcode 43 len 4 bytes: 2b 00 01 00
y11: client 0: reply seq 6733 len 32
y11: client 0: request 6734 opcode 3 len 8 bytes: 03 00 02 00 31 03 10 00
y11: client 0: reply seq 6734 len 44
y11: client 0: request 6735 opcode 14 len 8 bytes: 0e 00 02 00 31 03 10 00
y11: client 0: reply seq 6735 len 32
y11: client 0: request 6736 opcode 37 len 4 bytes: 25 00 01 00
y11: client 0: request 6737 opcode 36 len 4 bytes: 24 00 01 00
y11: client 0: request 6738 opcode 43 len 4 bytes: 2b 00 01 00
y11: client 0: reply seq 6738 len 32
y11: client 0: request 6739 opcode 3 len 8 bytes: 03 00 02 00 33 03 10 00
y11: client 0: reply seq 6739 len 44
y11: client 0: request 6740 opcode 14 len 8 bytes: 0e 00 02 00 33 03 10 00
y11: client 0: reply seq 6740 len 32
y11: client 0: request 6741 opcode 37 len 4 bytes: 25 00 01 00
y11: client 0: request 6742 opcode 36 len 4 bytes: 24 00 01 00
y11: client 0: request 6743 opcode 43 len 4 bytes: 2b 00 01 00
y11: client 0: reply seq 6743 len 32
y11: client 0: request 6744 opcode 3 len 8 bytes: 03 00 02 00 35 03 10 00
y11: client 0: reply seq 6744 len 44
y11: client 0: request 6745 opcode 14 len 8 bytes: 0e 00 02 00 35 03 10 00
y11: client 0: reply seq 6745 len 32
y11: client 0: request 6746 opcode 37 len 4 bytes: 25 00 01 00
y11: client 0: request 6747 opcode 37 len 4 bytes: 25 00 01 00
y11: client 0: request 6748 opcode 61 len 16 bytes: 3d 00 04 00 d4 01 10 00 00 00 00 00 00 00 00 00
y11: client 0: request 6749 opcode 139 len 8 bytes: 8b 07 02 00 22 03 10 00
y11: client 0: request 6750 opcode 139 len 12 bytes: 8b 11 03 00 37 03 10 00 03 01 00 00
y11: client 0: request 6751 opcode 139 len 124 bytes: 8b 14 1f 00 37 03 10 00 01 00 00 00 3a 00 00 00 0a 00 08 00
y11: client 0: request 6752 opcode 139 len 76 bytes: 8b 14 13 00 37 03 10 00 01 00 00 00 52 00 00 00 06 00 06 00
y11: client 0: request 6753 opcode 139 len 76 bytes: 8b 14 13 00 37 03 10 00 01 00 00 00 55 00 00 00 05 00 06 00
y11: client 0: request 6754 opcode 139 len 92 bytes: 8b 14 17 00 37 03 10 00 01 00 00 00 4e 00 00 00 07 00 08 00
y11: client 0: request 6755 opcode 139 len 76 bytes: 8b 14 13 00 37 03 10 00 01 00 00 00 56 00 00 00 05 00 06 00
y11: client 0: request 6756 opcode 139 len 100 bytes: 8b 14 19 00 37 03 10 00 01 00 00 00 53 00 00 00 06 00 09 00
y11: client 0: request 6757 opcode 139 len 76 bytes: 8b 14 13 00 37 03 10 00 01 00 00 00 44 00 00 00 06 00 06 00
y11: client 0: request 6758 opcode 139 len 76 bytes: 8b 14 13 00 37 03 10 00 01 00 00 00 46 00 00 00 05 00 06 00
y11: client 0: request 6759 opcode 139 len 76 bytes: 8b 14 13 00 37 03 10 00 01 00 00 00 48 00 00 00 06 00 06 00
y11: client 0: request 6760 opcode 139 len 28 bytes: 8b 14 07 00 37 03 10 00 01 00 00 00 03 00 00 00 00 00 00 00
y11: client 0: request 6761 opcode 139 len 92 bytes: 8b 14 17 00 37 03 10 00 01 00 00 00 14 00 00 00 05 00 08 00
y11: client 0: request 6762 opcode 139 len 92 bytes: 8b 14 17 00 37 03 10 00 01 00 00 00 37 00 00 00 06 00 08 00
y11: client 0: request 6763 opcode 139 len 92 bytes: 8b 14 17 00 37 03 10 00 01 00 00 00 4b 00 00 00 06 00 08 00
y11: client 0: request 6764 opcode 139 len 100 bytes: 8b 14 19 00 37 03 10 00 01 00 00 00 5a 00 00 00 09 00 06 00
y11: client 0: request 6765 opcode 139 len 64 bytes: 8b 14 10 00 37 03 10 00 01 00 00 00 4c 00 00 00 03 00 09 00
y11: client 0: request 6766 opcode 139 len 76 bytes: 8b 14 13 00 37 03 10 00 01 00 00 00 5d 00 00 00 05 00 06 00
y11: client 0: request 6767 opcode 139 len 92 bytes: 8b 14 17 00 37 03 10 00 01 00 00 00 47 00 00 00 06 00 08 00
y11: client 0: request 6768 opcode 139 len 100 bytes: 8b 14 19 00 37 03 10 00 01 00 00 00 54 00 00 00 06 00 09 00
y11: client 0: request 6769 opcode 139 len 76 bytes: 8b 14 13 00 37 03 10 00 01 00 00 00 58 00 00 00 06 00 06 00
y11: client 0: request 6770 opcode 139 len 60 bytes: 8b 14 0f 00 37 03 10 00 01 00 00 00 4f 00 00 00 03 00 08 00
y11: client 0: request 6771 opcode 139 len 100 bytes: 8b 14 19 00 37 03 10 00 01 00 00 00 5c 00 00 00 06 00 09 00
y11: client 0: request 6772 opcode 139 len 76 bytes: 8b 14 13 00 37 03 10 00 01 00 00 00 4d 00 00 00 04 00 0c 00
y11: client 0: request 6773 opcode 139 len 76 bytes: 8b 14 13 00 37 03 10 00 01 00 00 00 51 00 00 00 06 00 06 00
y11: client 0: request 6774 opcode 139 len 76 bytes: 8b 14 13 00 37 03 10 00 01 00 00 00 5b 00 00 00 06 00 06 00
y11: client 0: request 6775 opcode 139 len 92 bytes: 8b 14 17 00 37 03 10 00 01 00 00 00 57 00 00 00 05 00 08 00
y11: client 0: request 6776 opcode 139 len 100 bytes: 8b 14 19 00 37 03 10 00 01 00 00 00 4a 00 00 00 06 00 09 00
y11: client 0: request 6777 opcode 139 len 100 bytes: 8b 14 19 00 37 03 10 00 01 00 00 00 50 00 00 00 0a 00 06 00
y11: client 0: request 6778 opcode 139 len 92 bytes: 8b 14 17 00 37 03 10 00 01 00 00 00 45 00 00 00 06 00 08 00
y11: client 0: request 6779 opcode 139 len 92 bytes: 8b 14 17 00 37 03 10 00 01 00 00 00 49 00 00 00 05 00 08 00
y11: client 0: request 6780 opcode 139 len 76 bytes: 8b 14 13 00 37 03 10 00 01 00 00 00 59 00 00 00 06 00 06 00
y11: client 0: request 6781 opcode 139 len 36 bytes: 8b 14 09 00 37 03 10 00 01 00 00 00 11 00 00 00 03 00 02 00
y11: client 0: request 6782 opcode 139 len 92 bytes: 8b 14 17 00 37 03 10 00 01 00 00 00 13 00 00 00 06 00 08 00
y11: client 0: request 6783 opcode 139 len 92 bytes: 8b 14 17 00 37 03 10 00 01 00 00 00 15 00 00 00 06 00 08 00
y11: client 0: request 6784 opcode 139 len 92 bytes: 8b 14 17 00 37 03 10 00 01 00 00 00 16 00 00 00 06 00 08 00
y11: client 0: request 6785 opcode 139 len 92 bytes: 8b 14 17 00 37 03 10 00 01 00 00 00 17 00 00 00 06 00 08 00
y11: client 0: request 6786 opcode 139 len 92 bytes: 8b 14 17 00 37 03 10 00 01 00 00 00 18 00 00 00 06 00 08 00
y11: client 0: request 6787 opcode 139 len 92 bytes: 8b 14 17 00 37 03 10 00 01 00 00 00 19 00 00 00 06 00 08 00
y11: client 0: request 6788 opcode 139 len 92 bytes: 8b 14 17 00 37 03 10 00 01 00 00 00 1a 00 00 00 06 00 08 00
y11: client 0: request 6789 opcode 139 len 92 bytes: 8b 14 17 00 37 03 10 00 01 00 00 00 1b 00 00 00 06 00 08 00
y11: client 0: request 6790 opcode 139 len 92 bytes: 8b 14 17 00 37 03 10 00 01 00 00 00 1c 00 00 00 06 00 08 00
y11: client 0: request 6791 opcode 139 len 20 bytes: 8b 04 05 00 38 03 10 00 d4 01 10 00 02 01 00 00 00 00 00 00
y11: client 0: request 6792 opcode 139 len 16 bytes: 8b 21 04 00 39 03 10 00 00 00 00 00 00 00 ff ff
y11: client 0: request 6793 opcode 139 len 60 bytes: 8b 17 0f 00 03 ff 70 00 39 03 10 00 38 03 10 00 03 01 00 00
y11: client 0: request 6794 opcode 139 len 8 bytes: 8b 07 02 00 38 03 10 00
y11: client 0: request 6795 opcode 139 len 20 bytes: 8b 04 05 00 3a 03 10 00 d4 01 10 00 02 01 00 00 00 00 00 00
y11: client 0: request 6796 opcode 139 len 40 bytes: 8b 17 0a 00 03 00 00 b7 39 03 10 00 3a 03 10 00 03 01 00 00
y11: client 0: request 6797 opcode 69 len 28 bytes: 45 00 07 00 d4 01 10 00 29 01 10 00 02 00 00 00 33 00 05 00
y11: client 0: request 6798 opcode 65 len 28 bytes: 41 00 07 00 d4 01 10 00 29 01 10 00 33 00 05 00 3a 00 05 00
y11: client 0: request 6799 opcode 69 len 28 bytes: 45 00 07 00 d4 01 10 00 29 01 10 00 02 00 00 00 05 00 33 00
y11: client 0: request 6800 opcode 65 len 28 bytes: 41 00 07 00 d4 01 10 00 29 01 10 00 05 00 33 00 05 00 3a 00
y11: client 0: request 6801 opcode 2 len 16 bytes: 02 00 04 00 66 02 10 00 02 00 00 00 00 00 00 00
y11: client 0: request 6802 opcode 2 len 16 bytes: 02 00 04 00 67 02 10 00 02 00 00 00 00 00 00 00
y11: client 0: request 6803 opcode 61 len 16 bytes: 3d 00 04 00 66 02 10 00 00 00 00 00 00 00 00 00
y11: client 0: request 6804 opcode 61 len 16 bytes: 3d 00 04 00 67 02 10 00 00 00 00 00 00 00 00 00
y11: client 0: request 6805 opcode 61 len 16 bytes: 3d 00 04 00 67 02 10 00 00 00 00 00 00 00 00 00
y11: client 0: request 6806 opcode 66 len 28 bytes: 42 00 07 00 67 02 10 00 48 01 10 00 01 00 17 00 17 00 17 00
y11: client 0: request 6807 opcode 66 len 28 bytes: 42 00 07 00 67 02 10 00 49 01 10 00 00 00 18 00 18 00 18 00
y11: client 0: request 6808 opcode 66 len 28 bytes: 42 00 07 00 67 02 10 00 47 01 10 00 00 00 00 00 17 00 00 00
y11: client 0: request 6809 opcode 56 len 16 bytes: 38 00 04 00 28 01 10 00 00 00 08 00 36 02 10 00
y11: client 0: request 6810 opcode 56 len 20 bytes: 38 00 05 00 28 01 10 00 00 00 06 00 07 00 00 00 07 00 00 00
y11: client 0: request 6811 opcode 70 len 20 bytes: 46 00 05 00 67 02 10 00 28 01 10 00 00 00 00 00 19 00 19 00
y11: client 0: request 6812 opcode 66 len 28 bytes: 42 00 07 00 66 02 10 00 48 01 10 00 01 00 17 00 a6 00 17 00
y11: client 0: request 6813 opcode 66 len 28 bytes: 42 00 07 00 66 02 10 00 49 01 10 00 00 00 18 00 a7 00 18 00
y11: client 0: request 6814 opcode 66 len 28 bytes: 42 00 07 00 66 02 10 00 47 01 10 00 00 00 00 00 a6 00 00 00
y11: client 0: request 6815 opcode 53 len 16 bytes: 35 18 04 00 3b 03 10 00 66 02 10 00 5b 00 11 00
y11: client 0: request 6816 opcode 56 len 16 bytes: 38 00 04 00 28 01 10 00 00 00 08 00 00 00 00 00
y11: client 0: request 6817 opcode 56 len 16 bytes: 38 00 04 00 28 01 10 00 04 00 00 00 00 00 00 00
y11: client 0: request 6818 opcode 70 len 20 bytes: 46 00 05 00 3b 03 10 00 28 01 10 00 00 00 00 00 5b 00 11 00
y11: client 0: request 6819 opcode 139 len 8 bytes: 8b 07 02 00 3a 03 10 00
y11: client 0: request 6820 opcode 139 len 20 bytes: 8b 04 05 00 3c 03 10 00 3b 03 10 00 02 01 00 00 00 00 00 00
y11: client 0: request 6821 opcode 139 len 16 bytes: 8b 21 04 00 3d 03 10 00 ff ff ff ff ff ff ff ff
y11: client 0: request 6822 opcode 139 len 60 bytes: 8b 17 0f 00 03 00 06 00 3d 03 10 00 3c 03 10 00 03 01 00 00
y11: client 0: request 6823 opcode 62 len 28 bytes: 3e 00 07 00 3b 03 10 00 66 02 10 00 28 01 10 00 00 00 00 00
y11: client 0: request 6824 opcode 54 len 8 bytes: 36 00 02 00 3b 03 10 00
y11: client 0: request 6825 opcode 61 len 16 bytes: 3d 00 04 00 67 02 10 00 00 00 00 00 00 00 00 00
y11: client 0: request 6826 opcode 66 len 28 bytes: 42 00 07 00 67 02 10 00 48 01 10 00 01 00 17 00 17 00 17 00
y11: client 0: request 6827 opcode 66 len 28 bytes: 42 00 07 00 67 02 10 00 49 01 10 00 00 00 18 00 18 00 18 00
y11: client 0: request 6828 opcode 66 len 28 bytes: 42 00 07 00 67 02 10 00 47 01 10 00 00 00 00 00 17 00 00 00
y11: client 0: request 6829 opcode 56 len 16 bytes: 38 00 04 00 28 01 10 00 00 00 08 00 36 02 10 00
y11: client 0: request 6830 opcode 56 len 16 bytes: 38 00 04 00 28 01 10 00 04 00 00 00 ff ff ff 00
y11: client 0: request 6831 opcode 70 len 20 bytes: 46 00 05 00 67 02 10 00 28 01 10 00 00 00 00 00 19 00 19 00
y11: client 0: request 6832 opcode 61 len 16 bytes: 3d 00 04 00 2b 03 10 00 00 00 00 00 00 00 00 00
y11: client 0: request 6833 opcode 56 len 16 bytes: 38 00 04 00 28 01 10 00 00 00 08 00 00 00 00 00
y11: client 0: request 6834 opcode 101 len 8 bytes: 65 00 02 00 0a 01 10 00
y11: client 0: reply seq 6834 len 32
y11: client 0: request 6835 opcode 12 len 20 bytes: 0c 00 05 00 1c 03 10 00 03 00 00 00 70 00 00 00 00 00 00 00
y11: client 0: request 6836 opcode 12 len 20 bytes: 0c 00 05 00 1b 03 10 00 03 00 00 00 00 00 00 00 00 00 00 00
y11: client 0: request 6837 opcode 12 len 16 bytes: 0c 00 04 00 1a 03 10 00 10 00 04 00 01 00 00 00
y11: client 0: event type 22
y11: client 0: request 6838 opcode 84 len 16 bytes: 54 00 04 00 22 00 00 00 00 00 00 00 00 00 10 00
y11: client 0: reply seq 6838 len 32
y11: client 0: request 6839 opcode 84 len 16 bytes: 54 00 04 00 22 00 00 00 00 00 00 00 00 00 00 00
y11: client 0: reply seq 6839 len 32
y11: client 0: request 6840 opcode 84 len 16 bytes: 54 00 04 00 22 00 00 00 00 ff 00 ff 00 ff 00 00
y11: client 0: reply seq 6840 len 32
y11: client 0: request 6841 opcode 2 len 16 bytes: 02 00 04 00 1a 03 10 00 08 00 00 00 00 00 00 00
y11: client 0: request 6842 opcode 12 len 20 bytes: 0c 00 05 00 1d 03 10 00 03 00 10 00 00 00 00 00 19 00 00 00
y11: client 0: request 6843 opcode 12 len 20 bytes: 0c 00 05 00 1a 03 10 00 0c 00 10 00 88 00 00 00 74 00 00 00
y11: client 0: event type 22
y11: client 0: request 6844 opcode 2 len 16 bytes: 02 00 04 00 1d 03 10 00 02 00 00 00 aa aa aa 00
y11: client 0: request 6845 opcode 61 len 16 bytes: 3d 00 04 00 1d 03 10 00 00 00 00 00 00 00 00 00
y11: client 0: request 6846 opcode 12 len 20 bytes: 0c 00 05 00 18 03 10 00 03 00 17 00 70 00 00 00 00 00 00 00
y11: client 0: request 6847 opcode 12 len 20 bytes: 0c 00 05 00 17 03 10 00 03 00 10 00 00 00 00 00 00 00 00 00
y11: client 0: request 6848 opcode 12 len 16 bytes: 0c 00 04 00 16 03 10 00 10 00 07 00 01 00 00 00
y11: client 0: event type 22
y11: client 0: request 6849 opcode 84 len 16 bytes: 54 00 04 00 22 00 00 00 00 00 00 00 00 00 00 00
y11: client 0: reply seq 6849 len 32
y11: client 0: request 6850 opcode 84 len 16 bytes: 54 00 04 00 22 00 00 00 00 00 00 00 00 00 00 00
y11: client 0: reply seq 6850 len 32
y11: client 0: request 6851 opcode 84 len 16 bytes: 54 00 04 00 22 00 00 00 00 ff 00 ff 00 ff 00 00
y11: client 0: reply seq 6851 len 32
y11: client 0: request 6852 opcode 2 len 16 bytes: 02 00 04 00 16 03 10 00 08 00 00 00 00 00 00 00
y11: client 0: request 6853 opcode 12 len 20 bytes: 0c 00 05 00 19 03 10 00 03 00 10 00 00 00 00 00 19 00 00 00
y11: client 0: request 6854 opcode 12 len 20 bytes: 0c 00 05 00 16 03 10 00 0c 00 10 00 88 00 00 00 74 00 00 00
y11: client 0: event type 22
y11: client 0: request 6855 opcode 2 len 16 bytes: 02 00 04 00 19 03 10 00 02 00 00 00 aa aa aa 00
y11: client 0: request 6856 opcode 61 len 16 bytes: 3d 00 04 00 19 03 10 00 00 00 00 00 00 00 00 00
y11: client 0: request 6857 opcode 61 len 16 bytes: 3d 00 04 00 19 03 10 00 00 00 18 00 87 00 14 00
y11: client 0: request 6858 opcode 66 len 28 bytes: 42 00 07 00 19 03 10 00 50 01 10 00 87 00 17 00 87 00 2d 00
y11: client 0: request 6859 opcode 66 len 28 bytes: 42 00 07 00 19 03 10 00 4f 01 10 00 00 00 17 00 00 00 2d 00
y11: client 0: request 6860 opcode 66 len 20 bytes: 42 00 05 00 19 03 10 00 51 01 10 00 00 00 2d 00 87 00 2d 00
y11: client 0: request 6861 opcode 139 len 8 bytes: 8b 07 02 00 3c 03 10 00
y11: client 0: request 6862 opcode 139 len 20 bytes: 8b 04 05 00 3e 03 10 00 19 03 10 00 02 01 00 00 00 00 00 00
y11: client 0: request 6863 opcode 139 len 48 bytes: 8b 17 0c 00 03 00 00 00 1f 03 10 00 3e 03 10 00 03 01 00 00
y11: client 0: request 6864 opcode 61 len 16 bytes: 3d 00 04 00 1d 03 10 00 00 00 18 00 87 00 14 00
y11: client 0: request 6865 opcode 66 len 28 bytes: 42 00 07 00 1d 03 10 00 50 01 10 00 87 00 17 00 87 00 2d 00
y11: client 0: request 6866 opcode 66 len 28 bytes: 42 00 07 00 1d 03 10 00 4f 01 10 00 00 00 17 00 00 00 2d 00
y11: client 0: request 6867 opcode 66 len 20 bytes: 42 00 05 00 1d 03 10 00 51 01 10 00 00 00 2d 00 87 00 2d 00
y11: client 0: request 6868 opcode 139 len 8 bytes: 8b 07 02 00 3e 03 10 00
y11: client 0: request 6869 opcode 139 len 20 bytes: 8b 04 05 00 3f 03 10 00 1d 03 10 00 02 01 00 00 00 00 00 00
y11: client 0: request 6870 opcode 139 len 48 bytes: 8b 17 0c 00 03 04 05 00 1f 03 10 00 3f 03 10 00 03 01 00 00
y11: client 0: request 6871 opcode 61 len 16 bytes: 3d 00 04 00 19 03 10 00 00 00 2f 00 87 00 14 00
y11: client 0: request 6872 opcode 66 len 28 bytes: 42 00 07 00 19 03 10 00 50 01 10 00 87 00 2e 00 87 00 44 00
y11: client 0: request 6873 opcode 66 len 28 bytes: 42 00 07 00 19 03 10 00 4f 01 10 00 00 00 2e 00 00 00 44 00
y11: client 0: request 6874 opcode 66 len 20 bytes: 42 00 05 00 19 03 10 00 51 01 10 00 00 00 44 00 87 00 44 00
y11: client 0: request 6875 opcode 139 len 8 bytes: 8b 07 02 00 3f 03 10 00
y11: client 0: request 6876 opcode 139 len 20 bytes: 8b 04 05 00 40 03 10 00 19 03 10 00 02 01 00 00 00 00 00 00
y11: client 0: request 6877 opcode 139 len 48 bytes: 8b 17 0c 00 03 00 01 00 1f 03 10 00 40 03 10 00 03 01 00 00
y11: client 0: request 6878 opcode 61 len 16 bytes: 3d 00 04 00 1d 03 10 00 00 00 2f 00 87 00 14 00
y11: client 0: request 6879 opcode 66 len 28 bytes: 42 00 07 00 1d 03 10 00 50 01 10 00 87 00 2e 00 87 00 44 00
y11: client 0: request 6880 opcode 66 len 28 bytes: 42 00 07 00 1d 03 10 00 4f 01 10 00 00 00 2e 00 00 00 44 00
y11: client 0: request 6881 opcode 66 len 20 bytes: 42 00 05 00 1d 03 10 00 51 01 10 00 00 00 44 00 87 00 44 00
y11: client 0: request 6882 opcode 139 len 8 bytes: 8b 07 02 00 40 03 10 00
y11: client 0: request 6883 opcode 139 len 20 bytes: 8b 04 05 00 41 03 10 00 1d 03 10 00 02 01 00 00 00 00 00 00
y11: client 0: request 6884 opcode 139 len 48 bytes: 8b 17 0c 00 03 ff a6 5c 1f 03 10 00 41 03 10 00 03 01 00 00
y11: client 0: request 6885 opcode 61 len 16 bytes: 3d 00 04 00 2b 03 10 00 00 00 00 00 00 00 00 00
y11: client 0: request 6886 opcode 56 len 16 bytes: 38 00 04 00 28 01 10 00 00 00 08 00 00 00 00 00
y11: client 0: request 6887 opcode 61 len 16 bytes: 3d 00 04 00 d4 01 10 00 00 00 00 00 00 00 00 00
y11: client 0: request 6888 opcode 139 len 8 bytes: 8b 07 02 00 41 03 10 00
y11: client 0: request 6889 opcode 139 len 20 bytes: 8b 04 05 00 42 03 10 00 d4 01 10 00 02 01 00 00 00 00 00 00
y11: client 0: request 6890 opcode 139 len 60 bytes: 8b 17 0f 00 03 03 10 00 39 03 10 00 42 03 10 00 03 01 00 00
y11: client 0: request 6891 opcode 139 len 8 bytes: 8b 07 02 00 42 03 10 00
y11: client 0: request 6892 opcode 139 len 20 bytes: 8b 04 05 00 43 03 10 00 d4 01 10 00 02 01 00 00 00 00 00 00
y11: client 0: request 6893 opcode 139 len 40 bytes: 8b 17 0a 00 03 14 17 00 39 03 10 00 43 03 10 00 03 01 00 00
y11: client 0: request 6894 opcode 69 len 28 bytes: 45 00 07 00 d4 01 10 00 29 01 10 00 02 00 00 00 33 00 05 00
y11: client 0: request 6895 opcode 65 len 28 bytes: 41 00 07 00 d4 01 10 00 29 01 10 00 33 00 05 00 3a 00 05 00
y11: client 0: request 6896 opcode 69 len 28 bytes: 45 00 07 00 d4 01 10 00 29 01 10 00 02 00 00 00 05 00 33 00
y11: client 0: request 6897 opcode 65 len 28 bytes: 41 00 07 00 d4 01 10 00 29 01 10 00 05 00 33 00 05 00 3a 00
y11: client 0: request 6898 opcode 18 len 32 bytes: 12 00 08 00 21 00 00 00 56 00 00 00 06 00 00 00 20 cc 00 00
y11: client 0: event type 28
y11: client 0: request 6899 opcode 18 len 32 bytes: 12 00 08 00 21 00 00 00 87 00 00 00 06 00 00 00 20 00 00 00
y11: client 0: event type 28
y11: client 0: request 6900 opcode 18 len 28 bytes: 12 00 07 00 21 00 00 00 54 00 00 00 06 00 00 00 20 71 5f fd
y11: client 0: event type 28
y11: client 0: request 6901 opcode 12 len 20 bytes: 0c 00 05 00 d4 01 10 00 03 00 aa c6 00 00 00 00 00 00 00 00
y11: client 0: event type 22
y11: client 0: request 6902 opcode 61 len 16 bytes: 3d 00 04 00 d4 01 10 00 00 00 00 00 00 00 00 00
y11: client 0: request 6903 opcode 139 len 8 bytes: 8b 07 02 00 43 03 10 00
y11: client 0: request 6904 opcode 139 len 20 bytes: 8b 04 05 00 44 03 10 00 d4 01 10 00 02 01 00 00 00 00 00 00
y11: client 0: request 6905 opcode 139 len 60 bytes: 8b 17 0f 00 03 00 00 00 39 03 10 00 44 03 10 00 03 01 00 00
y11: client 0: request 6906 opcode 139 len 8 bytes: 8b 07 02 00 44 03 10 00
y11: client 0: request 6907 opcode 139 len 20 bytes: 8b 04 05 00 45 03 10 00 d4 01 10 00 02 01 00 00 00 00 00 00
y11: client 0: request 6908 opcode 139 len 40 bytes: 8b 17 0a 00 03 00 00 00 39 03 10 00 45 03 10 00 03 01 00 00
y11: client 0: request 6909 opcode 69 len 28 bytes: 45 00 07 00 d4 01 10 00 29 01 10 00 02 00 08 00 33 00 05 00
y11: client 0: request 6910 opcode 65 len 28 bytes: 41 00 07 00 d4 01 10 00 29 01 10 00 33 00 05 00 3a 00 05 00
y11: client 0: request 6911 opcode 69 len 28 bytes: 45 00 07 00 d4 01 10 00 29 01 10 00 02 00 96 73 05 00 33 00
y11: client 0: request 6912 opcode 65 len 28 bytes: 41 00 07 00 d4 01 10 00 29 01 10 00 05 00 33 00 05 00 3a 00
y11: client 0: request 6913 opcode 101 len 8 bytes: 65 00 02 00 0a 01 00 00
y11: client 0: reply seq 6913 len 32
y11: client 0: request 6914 opcode 12 len 20 bytes: 0c 00 05 00 1c 03 10 00 03 00 00 00 70 00 00 00 00 00 00 00
y11: client 0: request 6915 opcode 12 len 20 bytes: 0c 00 05 00 1b 03 10 00 03 00 00 00 00 00 00 00 00 00 00 00
y11: client 0: request 6916 opcode 12 len 16 bytes: 0c 00 04 00 1a 03 10 00 10 00 00 00 01 00 00 00
y11: client 0: event type 22
y11: client 0: request 6917 opcode 84 len 16 bytes: 54 00 04 00 22 00 00 00 00 00 00 00 00 00 aa 00
y11: client 0: reply seq 6917 len 32
y11: client 0: request 6918 opcode 84 len 16 bytes: 54 00 04 00 22 00 00 00 00 00 00 00 00 00 00 00
y11: client 0: reply seq 6918 len 32
y11: client 0: request 6919 opcode 84 len 16 bytes: 54 00 04 00 22 00 00 00 00 ff 00 ff 00 ff 00 00
y11: client 0: reply seq 6919 len 32
y11: client 0: request 6920 opcode 2 len 16 bytes: 02 00 04 00 1a 03 10 00 08 00 00 00 00 00 00 00
y11: client 0: request 6921 opcode 12 len 20 bytes: 0c 00 05 00 1d 03 10 00 03 00 10 00 00 00 00 00 19 00 00 00
y11: client 0: request 6922 opcode 12 len 20 bytes: 0c 00 05 00 1a 03 10 00 0c 00 10 00 88 00 00 00 74 00 00 00
y11: client 0: event type 22
y11: client 0: request 6923 opcode 2 len 16 bytes: 02 00 04 00 1d 03 10 00 02 00 00 00 aa aa aa 00
y11: client 0: request 6924 opcode 61 len 16 bytes: 3d 00 04 00 1d 03 10 00 00 00 00 00 00 00 00 00
y11: client 0: request 6925 opcode 12 len 20 bytes: 0c 00 05 00 18 03 10 00 03 00 18 00 70 00 00 00 00 00 00 00
y11: client 0: request 6926 opcode 12 len 20 bytes: 0c 00 05 00 17 03 10 00 03 00 17 00 00 00 00 00 00 00 00 00
y11: client 0: request 6927 opcode 12 len 16 bytes: 0c 00 04 00 16 03 10 00 10 00 10 00 01 00 00 00
y11: client 0: event type 22
y11: client 0: request 6928 opcode 84 len 16 bytes: 54 00 04 00 22 00 00 00 00 00 00 00 00 00 17 00
y11: client 0: reply seq 6928 len 32
y11: client 0: request 6929 opcode 84 len 16 bytes: 54 00 04 00 22 00 00 00 00 00 00 00 00 00 00 00
y11: client 0: reply seq 6929 len 32
y11: client 0: request 6930 opcode 84 len 16 bytes: 54 00 04 00 22 00 00 00 00 ff 00 ff 00 ff 00 00
y11: client 0: reply seq 6930 len 32
y11: client 0: request 6931 opcode 2 len 16 bytes: 02 00 04 00 16 03 10 00 08 00 00 00 00 00 00 00
y11: client 0: request 6932 opcode 12 len 20 bytes: 0c 00 05 00 19 03 10 00 03 00 10 00 00 00 00 00 19 00 00 00
y11: client 0: request 6933 opcode 12 len 20 bytes: 0c 00 05 00 16 03 10 00 0c 00 10 00 88 00 00 00 74 00 00 00
y11: client 0: event type 22
y11: client 0: request 6934 opcode 2 len 16 bytes: 02 00 04 00 19 03 10 00 02 00 00 00 aa aa aa 00
y11: client 0: request 6935 opcode 61 len 16 bytes: 3d 00 04 00 19 03 10 00 00 00 00 00 00 00 00 00
y11: client 0: request 6936 opcode 61 len 16 bytes: 3d 00 04 00 19 03 10 00 00 00 18 00 87 00 14 00
y11: client 0: request 6937 opcode 66 len 28 bytes: 42 00 07 00 19 03 10 00 50 01 10 00 87 00 17 00 87 00 2d 00
y11: client 0: request 6938 opcode 66 len 28 bytes: 42 00 07 00 19 03 10 00 4f 01 10 00 00 00 17 00 00 00 2d 00
y11: client 0: request 6939 opcode 66 len 20 bytes: 42 00 05 00 19 03 10 00 51 01 10 00 00 00 2d 00 87 00 2d 00
y11: client 0: request 6940 opcode 139 len 8 bytes: 8b 07 02 00 45 03 10 00
y11: client 0: request 6941 opcode 139 len 20 bytes: 8b 04 05 00 46 03 10 00 19 03 10 00 02 01 00 00 00 00 00 00
y11: client 0: request 6942 opcode 139 len 48 bytes: 8b 17 0c 00 03 00 00 00 1f 03 10 00 46 03 10 00 03 01 00 00
y11: client 0: request 6943 opcode 61 len 16 bytes: 3d 00 04 00 1d 03 10 00 00 00 18 00 87 00 14 00
y11: client 0: request 6944 opcode 66 len 28 bytes: 42 00 07 00 1d 03 10 00 50 01 10 00 87 00 17 00 87 00 2d 00
y11: client 0: request 6945 opcode 66 len 28 bytes: 42 00 07 00 1d 03 10 00 4f 01 10 00 00 00 17 00 00 00 2d 00
y11: client 0: request 6946 opcode 66 len 20 bytes: 42 00 05 00 1d 03 10 00 51 01 10 00 00 00 2d 00 87 00 2d 00
y11: client 0: request 6947 opcode 139 len 8 bytes: 8b 07 02 00 46 03 10 00
y11: client 0: request 6948 opcode 139 len 20 bytes: 8b 04 05 00 47 03 10 00 1d 03 10 00 02 01 00 00 00 00 00 00
y11: client 0: request 6949 opcode 139 len 48 bytes: 8b 17 0c 00 03 04 05 00 1f 03 10 00 47 03 10 00 03 01 00 00
y11: client 0: request 6950 opcode 61 len 16 bytes: 3d 00 04 00 19 03 10 00 00 00 2f 00 87 00 14 00
y11: client 0: request 6951 opcode 66 len 28 bytes: 42 00 07 00 19 03 10 00 50 01 10 00 87 00 2e 00 87 00 44 00
y11: client 0: request 6952 opcode 66 len 28 bytes: 42 00 07 00 19 03 10 00 4f 01 10 00 00 00 2e 00 00 00 44 00
y11: client 0: request 6953 opcode 66 len 20 bytes: 42 00 05 00 19 03 10 00 51 01 10 00 00 00 44 00 87 00 44 00
y11: client 0: request 6954 opcode 139 len 8 bytes: 8b 07 02 00 47 03 10 00
y11: client 0: request 6955 opcode 139 len 20 bytes: 8b 04 05 00 48 03 10 00 19 03 10 00 02 01 00 00 00 00 00 00
y11: client 0: request 6956 opcode 139 len 48 bytes: 8b 17 0c 00 03 00 01 00 1f 03 10 00 48 03 10 00 03 01 00 00
y11: client 0: request 6957 opcode 61 len 16 bytes: 3d 00 04 00 1d 03 10 00 00 00 2f 00 87 00 14 00
y11: client 0: request 6958 opcode 66 len 28 bytes: 42 00 07 00 1d 03 10 00 50 01 10 00 87 00 2e 00 87 00 44 00
y11: client 0: request 6959 opcode 66 len 28 bytes: 42 00 07 00 1d 03 10 00 4f 01 10 00 00 00 2e 00 00 00 44 00
y11: client 0: request 6960 opcode 66 len 20 bytes: 42 00 05 00 1d 03 10 00 51 01 10 00 00 00 44 00 87 00 44 00
y11: client 0: request 6961 opcode 139 len 8 bytes: 8b 07 02 00 48 03 10 00
y11: client 0: request 6962 opcode 139 len 20 bytes: 8b 04 05 00 49 03 10 00 1d 03 10 00 02 01 00 00 00 00 00 00
y11: client 0: request 6963 opcode 139 len 48 bytes: 8b 17 0c 00 03 ff a6 5c 1f 03 10 00 49 03 10 00 03 01 00 00
y11: client 0: request 6964 opcode 61 len 16 bytes: 3d 00 04 00 2b 03 10 00 00 00 00 00 00 00 00 00
y11: client 0: request 6965 opcode 56 len 16 bytes: 38 00 04 00 28 01 10 00 00 00 08 00 00 00 00 00
y11: client 0: request 6966 opcode 61 len 16 bytes: 3d 00 04 00 d4 01 10 00 00 00 00 00 00 00 00 00
y11: client 0: request 6967 opcode 139 len 8 bytes: 8b 07 02 00 49 03 10 00
y11: client 0: request 6968 opcode 139 len 20 bytes: 8b 04 05 00 4a 03 10 00 d4 01 10 00 02 01 00 00 00 00 00 00
y11: client 0: request 6969 opcode 139 len 60 bytes: 8b 17 0f 00 03 03 10 00 39 03 10 00 4a 03 10 00 03 01 00 00
y11: client 0: request 6970 opcode 139 len 8 bytes: 8b 07 02 00 4a 03 10 00
y11: client 0: request 6971 opcode 139 len 20 bytes: 8b 04 05 00 4b 03 10 00 d4 01 10 00 02 01 00 00 00 00 00 00
y11: client 0: request 6972 opcode 139 len 40 bytes: 8b 17 0a 00 03 14 17 00 39 03 10 00 4b 03 10 00 03 01 00 00
y11: client 0: request 6973 opcode 69 len 28 bytes: 45 00 07 00 d4 01 10 00 29 01 10 00 02 00 00 00 33 00 05 00
y11: client 0: request 6974 opcode 65 len 28 bytes: 41 00 07 00 d4 01 10 00 29 01 10 00 33 00 05 00 3a 00 05 00
y11: client 0: request 6975 opcode 69 len 28 bytes: 45 00 07 00 d4 01 10 00 29 01 10 00 02 00 00 00 05 00 33 00
y11: client 0: request 6976 opcode 65 len 28 bytes: 41 00 07 00 d4 01 10 00 29 01 10 00 05 00 33 00 05 00 3a 00
y11: client 0: request 6977 opcode 18 len 32 bytes: 12 00 08 00 21 00 00 00 56 00 00 00 06 00 00 00 20 cc 00 00
y11: client 0: event type 28
y11: client 0: request 6978 opcode 18 len 32 bytes: 12 00 08 00 21 00 00 00 87 00 00 00 06 00 00 00 20 00 00 00
y11: client 0: event type 28
y11: client 0: request 6979 opcode 18 len 28 bytes: 12 00 07 00 21 00 00 00 54 00 00 00 06 00 00 00 20 71 5f fd
y11: client 0: event type 28
y11: client 0: request 6980 opcode 43 len 4 bytes: 2b 00 01 00
y11: client 0: reply seq 6980 len 32
y11: client 0: request 6981 opcode 43 len 4 bytes: 2b 00 01 00
y11: client 0: reply seq 6981 len 32
y11: client 0: request 6982 opcode 43 len 4 bytes: 2b 00 01 00
y11: client 0: reply seq 6982 len 32
y11: client 0: request 6983 opcode 43 len 4 bytes: 2b 00 01 00
y11: client 0: reply seq 6983 len 32
wmaker(handleExitSig(startup.c:158)): warning: got signal 15 - exiting...
wmaker(handleExitSig(startup.c:158)): warning: got signal 1 - exiting...
