y11: no controlling terminal, refusing the display (run from a TTY session)
y11: input device /dev/input/event15 ("Dynamic Function Row Virtual Input Device"): keys=1 rel=0 abs=0
y11: input device /dev/input/event8 ("Apple Inc. Apple Internal Keyboard / Trackpad"): keys=1 rel=0 abs=1
y11: input device /dev/input/event7 ("Apple Inc. Touch Bar Display Touchpad"): keys=1 rel=0 abs=1
y11: input device /dev/input/event6 ("Apple Inc. Apple Internal Keyboard / Trackpad"): keys=1 rel=0 abs=0
y11: input device /dev/input/event5 ("Video Bus"): keys=1 rel=0 abs=0
y11: input device /dev/input/event4 ("Apple Headset"): keys=1 rel=0 abs=0
y11: input device /dev/input/event3 ("Power Button"): keys=1 rel=0 abs=0
y11: input device /dev/input/event2 ("Sleep Button"): keys=1 rel=0 abs=0
y11: input device /dev/input/event1 ("Power Button"): keys=1 rel=0 abs=0
y11: dri3 device /dev/dri/card1
y11: listening on /tmp/.X11-unix/X9 (/tmp/.y11-unix/Y9 -> /tmp/.X11-unix/X9)
y11: client 0: request 1 opcode 98 len 20 bytes: 62 00 05 00 0c 00 00 00 42 49 47 2d 52 45 51 55 45 53 54 53
y11: client 0: reply seq 1 len 32
y11: client 0: request 2 opcode 128 len 4 bytes: 80 00 01 00
y11: client 0: reply seq 2 len 32
y11: client 0: request 3 opcode 55 len 20 bytes: 37 00 05 00 00 00 10 00 21 00 00 00 08 00 00 00 ff ff ff 00
y11: client 0: request 4 opcode 20 len 24 bytes: 14 00 06 00 21 00 00 00 17 00 00 00 1f 00 00 00 00 00 00 00
y11: client 0: reply seq 4 len 32
y11: client 0: request 5 opcode 98 len 20 bytes: 62 00 05 00 09 00 10 00 58 4b 45 59 42 4f 41 52 44 00 00 00
y11: client 0: reply seq 5 len 32
y11: client 0: request 6 opcode 18 len 128 bytes: 12 00 20 00 21 00 00 00 27 00 00 00 1f 00 00 00 08 ff ff 00
y11: client 0: request 7 opcode 60 len 8 bytes: 3c 00 02 00 00 00 10 00
y11: client 0: request 8 opcode 43 len 4 bytes: 2b 00 01 00
y11: client 0: reply seq 8 len 32
y11: client 0: disconnect
y11: client 0: request 1 opcode 98 len 20 bytes: 62 00 05 00 0c 00 00 00 42 49 47 2d 52 45 51 55 45 53 54 53
y11: client 0: reply seq 1 len 32
y11: client 0: request 2 opcode 128 len 4 bytes: 80 00 01 00
y11: client 0: reply seq 2 len 32
y11: client 0: request 3 opcode 55 len 20 bytes: 37 00 05 00 00 00 10 00 21 00 00 00 08 00 00 00 ff ff ff 00
y11: client 0: request 4 opcode 20 len 24 bytes: 14 00 06 00 21 00 00 00 17 00 00 00 1f 00 00 00 00 00 00 00
y11: client 0: reply seq 4 len 32
y11: client 0: request 5 opcode 98 len 20 bytes: 62 00 05 00 09 00 10 00 58 4b 45 59 42 4f 41 52 44 00 00 00
y11: client 0: reply seq 5 len 32
y11: client 0: request 6 opcode 2 len 16 bytes: 02 00 04 00 21 00 00 00 00 08 00 00 00 00 10 00
y11: client 0: request 7 opcode 43 len 4 bytes: 2b 00 01 00
y11: client 0: reply seq 7 len 32
y11: client 0: request 8 opcode 43 len 4 bytes: 2b 00 01 00
y11: client 0: reply seq 8 len 32
y11: client 0: request 9 opcode 53 len 16 bytes: 35 18 04 00 01 00 10 00 21 00 00 00 80 07 38 04
y11: client 0: request 10 opcode 55 len 16 bytes: 37 00 04 00 02 00 10 00 21 00 00 00 00 00 00 00
y11: client 0: request 11 opcode 98 len 16 bytes: 62 00 04 00 06 00 00 00 52 45 4e 44 45 52 00 00
y11: client 0: reply seq 11 len 32
y11: client 0: request 12 opcode 139 len 12 bytes: 8b 00 03 00 00 00 00 00 0b 00 00 00
y11: client 0: reply seq 12 len 32
y11: client 0: request 13 opcode 139 len 4 bytes: 8b 01 01 00
y11: client 0: reply seq 13 len 32
y11: client 0: request 14 opcode 98 len 16 bytes: 62 00 04 00 08 00 00 00 58 49 4e 45 52 41 4d 41
y11: client 0: reply seq 14 len 32
y11: client 0: request 15 opcode 38 len 8 bytes: 26 00 02 00 21 00 00 00
y11: client 0: reply seq 15 len 32
y11: client 0: request 16 opcode 16 len 20 bytes: 10 00 05 00 0b 00 00 00 55 54 46 38 5f 53 54 52 49 4e 47 00
y11: client 0: reply seq 16 len 32
y11: client 0: request 17 opcode 16 len 20 bytes: 10 00 05 00 0c 00 00 00 57 4d 5f 50 52 4f 54 4f 43 4f 4c 53
y11: client 0: reply seq 17 len 32
y11: client 0: request 18 opcode 16 len 24 bytes: 10 00 06 00 10 00 00 00 57 4d 5f 44 45 4c 45 54 45 5f 57 49
y11: client 0: reply seq 18 len 32
y11: client 0: request 19 opcode 16 len 16 bytes: 10 00 04 00 08 00 00 00 57 4d 5f 53 54 41 54 45
y11: client 0: reply seq 19 len 32
y11: client 0: request 20 opcode 16 len 24 bytes: 10 00 06 00 0d 00 00 00 57 4d 5f 54 41 4b 45 5f 46 4f 43 55
y11: client 0: reply seq 20 len 32
y11: client 0: request 21 opcode 16 len 28 bytes: 10 00 07 00 12 00 00 00 5f 4e 45 54 5f 41 43 54 49 56 45 5f
y11: client 0: reply seq 21 len 32
y11: client 0: request 22 opcode 16 len 24 bytes: 10 00 06 00 0e 00 00 00 5f 4e 45 54 5f 53 55 50 50 4f 52 54
y11: client 0: reply seq 22 len 32
y11: client 0: request 23 opcode 16 len 20 bytes: 10 00 05 00 0c 00 00 00 5f 4e 45 54 5f 57 4d 5f 4e 41 4d 45
y11: client 0: reply seq 23 len 32
y11: client 0: request 24 opcode 16 len 24 bytes: 10 00 06 00 0d 00 00 00 5f 4e 45 54 5f 57 4d 5f 53 54 41 54
y11: client 0: reply seq 24 len 32
y11: client 0: request 25 opcode 16 len 32 bytes: 10 00 08 00 18 00 00 00 5f 4e 45 54 5f 53 55 50 50 4f 52 54
y11: client 0: reply seq 25 len 32
y11: client 0: request 26 opcode 16 len 32 bytes: 10 00 08 00 18 00 00 00 5f 4e 45 54 5f 57 4d 5f 53 54 41 54
y11: client 0: reply seq 26 len 32
y11: client 0: request 27 opcode 16 len 28 bytes: 10 00 07 00 13 00 00 00 5f 4e 45 54 5f 57 4d 5f 57 49 4e 44
y11: client 0: reply seq 27 len 32
y11: client 0: request 28 opcode 16 len 36 bytes: 10 00 09 00 1a 00 00 00 5f 4e 45 54 5f 57 4d 5f 57 49 4e 44
y11: client 0: reply seq 28 len 32
y11: client 0: request 29 opcode 16 len 24 bytes: 10 00 06 00 10 00 00 00 5f 4e 45 54 5f 43 4c 49 45 4e 54 5f
y11: client 0: reply seq 29 len 32
y11: client 0: request 30 opcode 45 len 20 bytes: 2d 00 05 00 03 00 10 00 06 00 45 54 63 75 72 73 6f 72 54 5f
y11: client 0: request 31 opcode 53 len 16 bytes: 35 20 04 00 04 00 10 00 21 00 00 00 1e 00 1e 00
y11: client 0: request 32 opcode 55 len 16 bytes: 37 00 04 00 05 00 10 00 04 00 10 00 00 00 00 00
y11: client 0: request 33 opcode 72 len 3624 bytes: 48 02 8a 03 04 00 10 00 05 00 10 00 1e 00 1e 00 00 00 00 00
y11: client 0: request 34 opcode 60 len 8 bytes: 3c 00 02 00 05 00 10 00
y11: client 0: request 35 opcode 139 len 20 bytes: 8b 04 05 00 06 00 10 00 04 00 10 00 01 01 00 00 00 00 00 00
y11: client 0: request 36 opcode 54 len 8 bytes: 36 00 02 00 04 00 10 00
y11: client 0: request 37 opcode 139 len 16 bytes: 8b 1b 04 00 07 00 10 00 06 00 10 00 03 00 02 00
y11: client 0: request 38 opcode 139 len 8 bytes: 8b 07 02 00 06 00 10 00
y11: client 0: request 39 opcode 98 len 16 bytes: 62 00 04 00 06 00 00 00 58 46 49 58 45 53 00 00
y11: client 0: reply seq 39 len 32
y11: client 0: request 40 opcode 145 len 12 bytes: 91 00 03 00 06 00 00 00 00 00 00 00
y11: client 0: reply seq 40 len 32
y11: client 0: request 41 opcode 145 len 20 bytes: 91 17 05 00 07 00 10 00 08 00 00 00 6c 65 66 74 5f 70 74 72
y11: client 0: request 42 opcode 94 len 32 bytes: 5e 00 08 00 08 00 10 00 03 00 10 00 03 00 10 00 78 00 79 00
y11: client 0: request 43 opcode 53 len 16 bytes: 35 20 04 00 09 00 10 00 21 00 00 00 18 00 18 00
y11: client 0: request 44 opcode 55 len 16 bytes: 37 00 04 00 0a 00 10 00 09 00 10 00 00 00 00 00
y11: client 0: request 45 opcode 72 len 2328 bytes: 48 02 46 02 09 00 10 00 0a 00 10 00 18 00 18 00 00 00 00 00
y11: client 0: request 46 opcode 60 len 8 bytes: 3c 00 02 00 0a 00 10 00
y11: client 0: request 47 opcode 139 len 20 bytes: 8b 04 05 00 0b 00 10 00 09 00 10 00 01 01 00 00 00 00 00 00
y11: client 0: request 48 opcode 54 len 8 bytes: 36 00 02 00 09 00 10 00
y11: client 0: request 49 opcode 139 len 16 bytes: 8b 1b 04 00 0c 00 10 00 0b 00 10 00 0b 00 0b 00
y11: client 0: request 50 opcode 139 len 8 bytes: 8b 07 02 00 0b 00 10 00
y11: client 0: request 51 opcode 145 len 20 bytes: 91 17 05 00 0c 00 10 00 05 00 00 00 66 6c 65 75 72 22 21 24
y11: client 0: request 52 opcode 16 len 36 bytes: 10 01 09 00 1b 00 00 00 58 44 43 43 43 5f 4c 49 4e 45 41 52
y11: client 0: reply seq 52 len 32
y11: client 0: request 53 opcode 16 len 36 bytes: 10 01 09 00 19 00 10 00 58 44 43 43 43 5f 4c 49 4e 45 41 52
y11: client 0: reply seq 53 len 32
y11: client 0: request 54 opcode 84 len 16 bytes: 54 00 04 00 22 00 00 00 00 c1 00 c4 00 c5 4c 49
y11: client 0: reply seq 54 len 32
y11: client 0: request 55 opcode 84 len 16 bytes: 54 00 04 00 22 00 00 00 00 0a 00 15 00 19 4c 49
y11: client 0: reply seq 55 len 32
y11: client 0: request 56 opcode 84 len 16 bytes: 54 00 04 00 22 00 00 00 00 59 00 68 00 6e 4c 49
y11: client 0: reply seq 56 len 32
y11: client 0: request 57 opcode 84 len 16 bytes: 54 00 04 00 22 00 00 00 00 c1 00 c4 00 c5 4c 49
y11: client 0: reply seq 57 len 32
y11: client 0: request 58 opcode 84 len 16 bytes: 54 00 04 00 22 00 00 00 00 a4 00 98 00 98 4c 49
y11: client 0: reply seq 58 len 32
y11: client 0: request 59 opcode 84 len 16 bytes: 54 00 04 00 22 00 00 00 00 a4 00 98 00 98 4c 49
y11: client 0: reply seq 59 len 32
y11: client 0: request 60 opcode 84 len 16 bytes: 54 00 04 00 22 00 00 00 00 c1 00 c4 00 c5 4c 49
y11: client 0: reply seq 60 len 32
y11: client 0: request 61 opcode 84 len 16 bytes: 54 00 04 00 22 00 00 00 00 73 00 6c 00 6b 4c 49
y11: client 0: reply seq 61 len 32
y11: client 0: request 62 opcode 84 len 16 bytes: 54 00 04 00 22 00 00 00 00 73 00 6c 00 6b 4c 49
y11: client 0: reply seq 62 len 32
y11: client 0: request 63 opcode 1 len 44 bytes: 01 18 0b 00 0d 00 10 00 21 00 00 00 00 00 00 00 80 07 2a 00
y11: client 0: request 64 opcode 2 len 16 bytes: 02 00 04 00 0d 00 10 00 00 40 00 00 07 00 10 00
y11: client 0: request 65 opcode 12 len 16 bytes: 0c 00 04 00 0d 00 10 00 40 00 04 00 00 00 00 00
y11: client 0: request 66 opcode 8 len 8 bytes: 08 00 02 00 0d 00 10 00
y11: client 0: event type 12
y11: client 0: request 67 opcode 18 len 32 bytes: 12 00 08 00 0d 00 10 00 43 00 00 00 1f 00 00 00 08 00 00 00
y11: client 0: request 68 opcode 20 len 24 bytes: 14 00 06 00 21 00 00 00 27 00 00 00 00 00 00 00 00 00 00 00
y11: client 0: reply seq 68 len 32
y11: client 0: request 69 opcode 139 len 12 bytes: 8b 11 03 00 0e 00 10 00 03 01 00 00
y11: client 0: request 70 opcode 139 len 388 bytes: 8b 14 61 00 0e 00 10 00 01 00 00 00 ed 0e 00 00 13 00 12 00
y11: client 0: request 71 opcode 139 len 12 bytes: 8b 11 03 00 0f 00 10 00 03 01 00 00
y11: client 0: request 72 opcode 139 len 28 bytes: 8b 14 07 00 0f 00 10 00 01 00 00 00 03 00 00 00 00 00 00 00
y11: client 0: request 73 opcode 139 len 300 bytes: 8b 14 4b 00 0f 00 10 00 01 00 00 00 32 00 00 00 0d 00 11 00
y11: client 0: request 74 opcode 139 len 232 bytes: 8b 14 3a 00 0f 00 10 00 01 00 00 00 31 00 00 00 0c 00 11 00
y11: client 0: request 75 opcode 139 len 124 bytes: 8b 14 1f 00 0f 00 10 00 01 00 00 00 5f 00 00 00 03 00 18 00
y11: client 0: request 76 opcode 139 len 300 bytes: 8b 14 4b 00 0f 00 10 00 01 00 00 00 26 00 00 00 0d 00 11 00
y11: client 0: request 77 opcode 139 len 232 bytes: 8b 14 3a 00 0f 00 10 00 01 00 00 00 33 00 00 00 0c 00 11 00
y11: client 0: request 78 opcode 139 len 232 bytes: 8b 14 3a 00 0f 00 10 00 01 00 00 00 38 00 00 00 0c 00 11 00
y11: client 0: request 79 opcode 139 len 80 bytes: 8b 14 14 00 0f 00 10 00 01 00 00 00 1d 00 00 00 04 00 0d 00
y11: client 0: request 80 opcode 139 len 300 bytes: 8b 14 4b 00 0f 00 10 00 01 00 00 00 15 00 00 00 0d 00 11 00
y11: client 0: request 81 opcode 139 len 232 bytes: 8b 14 3a 00 0f 00 10 00 01 00 00 00 1a 00 00 00 0c 00 11 00
y11: client 0: request 82 opcode 139 len 300 bytes: 8b 14 4b 00 0f 00 10 00 01 00 00 00 08 00 00 00 0f 00 11 00
y11: client 0: request 83 opcode 139 len 232 bytes: 8b 14 3a 00 0f 00 10 00 01 00 00 00 35 00 00 00 0c 00 11 00
y11: client 0: request 84 opcode 139 len 300 bytes: 8b 14 4b 00 0f 00 10 00 01 00 00 00 24 00 00 00 0e 00 11 00
y11: client 0: request 85 opcode 139 len 300 bytes: 8b 14 4b 00 0f 00 10 00 01 00 00 00 30 00 00 00 0d 00 11 00
y11: client 0: request 86 opcode 139 len 232 bytes: 8b 14 3a 00 0f 00 10 00 01 00 00 00 18 00 00 00 0c 00 11 00
y11: client 0: request 87 opcode 139 len 232 bytes: 8b 14 3a 00 0f 00 10 00 01 00 00 00 16 00 00 00 0c 00 11 00
y11: client 0: request 88 opcode 139 len 232 bytes: 8b 14 3a 00 0f 00 10 00 01 00 00 00 13 00 00 00 0c 00 11 00
y11: client 0: request 89 opcode 139 len 232 bytes: 8b 14 3a 00 0f 00 10 00 01 00 00 00 25 00 00 00 0c 00 11 00
y11: client 0: request 90 opcode 139 len 232 bytes: 8b 14 3a 00 0f 00 10 00 01 00 00 00 12 00 00 00 0a 00 11 00
y11: client 0: request 91 opcode 139 len 232 bytes: 8b 14 3a 00 0f 00 10 00 01 00 00 00 14 00 00 00 0b 00 11 00
y11: client 0: request 92 opcode 139 len 232 bytes: 8b 14 3a 00 0f 00 10 00 01 00 00 00 1b 00 00 00 0c 00 11 00
y11: client 0: request 93 opcode 139 len 300 bytes: 8b 14 4b 00 0f 00 10 00 01 00 00 00 17 00 00 00 0d 00 11 00
y11: client 0: request 94 opcode 139 len 300 bytes: 8b 14 4b 00 0f 00 10 00 01 00 00 00 27 00 00 00 0d 00 11 00
y11: client 0: request 95 opcode 139 len 232 bytes: 8b 14 3a 00 0f 00 10 00 01 00 00 00 2c 00 00 00 0a 00 11 00
y11: client 0: request 96 opcode 139 len 232 bytes: 8b 14 3a 00 0f 00 10 00 01 00 00 00 36 00 00 00 0b 00 11 00
y11: client 0: request 97 opcode 139 len 300 bytes: 8b 14 4b 00 0f 00 10 00 01 00 00 00 2e 00 00 00 0d 00 11 00
y11: client 0: request 98 opcode 139 len 232 bytes: 8b 14 3a 00 0f 00 10 00 01 00 00 00 2a 00 00 00 0c 00 11 00
y11: client 0: request 99 opcode 139 len 300 bytes: 8b 14 4b 00 0f 00 10 00 01 00 00 00 37 00 00 00 0d 00 11 00
y11: client 0: request 100 opcode 139 len 236 bytes: 8b 14 3b 00 0e 00 10 00 01 00 00 00 a4 0f 00 00 0e 00 0d 00
y11: client 0: request 101 opcode 139 len 232 bytes: 8b 14 3a 00 0f 00 10 00 01 00 00 00 19 00 00 00 0c 00 11 00
y11: client 0: request 102 opcode 139 len 44 bytes: 8b 14 0b 00 0f 00 10 00 01 00 00 00 10 00 00 00 08 00 02 00
y11: client 0: request 103 opcode 139 len 232 bytes: 8b 14 3a 00 0f 00 10 00 01 00 00 00 1c 00 00 00 0c 00 11 00
y11: client 0: request 104 opcode 56 len 20 bytes: 38 00 05 00 02 00 10 00 14 00 00 00 19 15 0a 00 01 00 00 00
y11: client 0: request 105 opcode 70 len 20 bytes: 46 00 05 00 01 00 10 00 02 00 10 00 22 02 00 00 5e 05 2a 00
y11: client 0: request 106 opcode 139 len 44 bytes: 8b 14 0b 00 0f 00 10 00 01 00 00 00 11 00 00 00 04 00 04 00
y11: client 0: request 107 opcode 139 len 20 bytes: 8b 04 05 00 10 00 10 00 01 00 10 00 02 01 00 00 00 00 00 00
y11: client 0: request 108 opcode 139 len 16 bytes: 8b 21 04 00 11 00 10 00 00 c1 00 c4 00 c5 ff ff
y11: client 0: request 109 opcode 139 len 40 bytes: 8b 18 0a 00 03 00 00 00 11 00 10 00 10 00 10 00 03 01 00 00
y11: client 0: request 110 opcode 139 len 104 bytes: 8b 17 1a 00 03 00 00 00 11 00 10 00 10 00 10 00 03 01 00 00
y11: client 0: request 111 opcode 139 len 40 bytes: 8b 18 0a 00 03 00 00 00 11 00 10 00 10 00 10 00 03 01 00 00
y11: client 0: request 112 opcode 139 len 68 bytes: 8b 17 11 00 03 00 00 00 11 00 10 00 10 00 10 00 03 01 00 00
y11: client 0: request 113 opcode 139 len 8 bytes: 8b 07 02 00 10 00 10 00
y11: client 0: request 114 opcode 56 len 16 bytes: 38 00 04 00 02 00 10 00 04 00 00 00 98 98 a4 00
y11: client 0: request 115 opcode 70 len 20 bytes: 46 00 05 00 01 00 10 00 02 00 10 00 00 00 00 00 30 00 2a 00
y11: client 0: request 116 opcode 139 len 20 bytes: 8b 04 05 00 12 00 10 00 01 00 10 00 02 01 00 00 00 00 00 00
y11: client 0: request 117 opcode 139 len 40 bytes: 8b 17 0a 00 03 00 00 00 11 00 10 00 12 00 10 00 03 01 00 00
y11: client 0: request 118 opcode 139 len 8 bytes: 8b 07 02 00 12 00 10 00
y11: client 0: request 119 opcode 56 len 16 bytes: 38 00 04 00 02 00 10 00 04 00 00 00 19 15 0a 00
y11: client 0: request 120 opcode 70 len 28 bytes: 46 00 07 00 01 00 10 00 02 00 10 00 30 00 00 00 22 00 2a 00
y11: client 0: request 121 opcode 62 len 28 bytes: 3e 00 07 00 01 00 10 00 0d 00 10 00 02 00 10 00 00 00 00 00
y11: client 0: request 122 opcode 43 len 4 bytes: 2b 00 01 00
y11: client 0: reply seq 122 len 32
y11: client 0: request 123 opcode 1 len 40 bytes: 01 00 0a 00 13 00 10 00 21 00 00 00 00 00 00 00 01 00 01 00
y11: client 0: request 124 opcode 18 len 28 bytes: 12 00 07 00 13 00 10 00 46 00 00 00 21 00 00 00 20 00 00 00
y11: client 0: request 125 opcode 18 len 28 bytes: 12 00 07 00 13 00 10 00 4a 00 00 00 5a 00 00 00 08 00 00 5f
y11: client 0: request 126 opcode 18 len 28 bytes: 12 00 07 00 21 00 00 00 46 00 00 00 21 00 00 00 20 00 00 00
y11: client 0: request 127 opcode 18 len 60 bytes: 12 00 0f 00 21 00 00 00 45 00 00 00 04 00 00 00 20 00 00 00
y11: client 0: request 128 opcode 19 len 12 bytes: 13 00 03 00 21 00 00 00 47 00 00 00
y11: client 0: request 129 opcode 2 len 20 bytes: 02 00 05 00 21 00 00 00 00 48 00 00 74 00 5a 00 07 00 10 00
y11: client 0: request 130 opcode 2 len 16 bytes: 02 00 04 00 21 00 00 00 00 08 00 00 74 00 5a 00
y11: client 0: request 131 opcode 119 len 4 bytes: 77 00 01 00
y11: client 0: reply seq 131 len 32
y11: client 0: request 132 opcode 101 len 8 bytes: 65 00 02 00 08 f8 10 00
y11: client 0: reply seq 132 len 32
y11: client 0: request 133 opcode 119 len 4 bytes: 77 00 01 00
y11: client 0: reply seq 133 len 32
y11: client 0: request 134 opcode 34 len 12 bytes: 22 00 03 00 21 00 00 00 00 80 00 00
y11: client 0: request 135 opcode 101 len 8 bytes: 65 00 02 00 08 f8 01 00
y11: client 0: reply seq 135 len 32
y11: client 0: request 136 opcode 33 len 16 bytes: 21 01 04 00 21 00 00 00 40 00 09 01 01 00 02 00
y11: client 0: request 137 opcode 33 len 16 bytes: 21 01 04 00 21 00 00 00 42 00 09 01 01 00 00 00
y11: client 0: request 138 opcode 33 len 16 bytes: 21 01 04 00 21 00 00 00 c0 00 09 01 01 00 10 00
y11: client 0: request 139 opcode 33 len 16 bytes: 21 01 04 00 21 00 00 00 c2 00 09 01 01 00 00 00
y11: client 0: request 140 opcode 33 len 16 bytes: 21 01 04 00 21 00 00 00 40 00 0a 01 01 00 00 00
y11: client 0: request 141 opcode 33 len 16 bytes: 21 01 04 00 21 00 00 00 42 00 0a 01 01 77 6d 00
y11: client 0: request 142 opcode 33 len 16 bytes: 21 01 04 00 21 00 00 00 c0 00 0a 01 01 00 00 00
y11: client 0: request 143 opcode 33 len 16 bytes: 21 01 04 00 21 00 00 00 c2 00 0a 01 01 00 0f 00
y11: client 0: request 144 opcode 33 len 16 bytes: 21 01 04 00 21 00 00 00 41 00 0a 01 01 00 00 00
y11: client 0: request 145 opcode 33 len 16 bytes: 21 01 04 00 21 00 00 00 43 00 0a 01 01 00 00 00
y11: client 0: request 146 opcode 33 len 16 bytes: 21 01 04 00 21 00 00 00 c1 00 0a 01 01 00 00 00
y11: client 0: request 147 opcode 33 len 16 bytes: 21 01 04 00 21 00 00 00 c3 00 0a 01 01 00 00 00
y11: client 0: request 148 opcode 33 len 16 bytes: 21 01 04 00 21 00 00 00 40 00 0b 01 01 48 00 00
y11: client 0: request 149 opcode 33 len 16 bytes: 21 01 04 00 21 00 00 00 42 00 0b 01 01 00 00 00
y11: client 0: request 150 opcode 33 len 16 bytes: 21 01 04 00 21 00 00 00 c0 00 0b 01 01 4d 10 00
y11: client 0: request 151 opcode 33 len 16 bytes: 21 01 04 00 21 00 00 00 c2 00 0b 01 01 00 00 00
y11: client 0: request 152 opcode 33 len 16 bytes: 21 01 04 00 21 00 00 00 41 00 0b 01 01 ac ac ac
y11: client 0: request 153 opcode 33 len 16 bytes: 21 01 04 00 21 00 00 00 43 00 0b 01 01 5c 5c 5c
y11: client 0: request 154 opcode 33 len 16 bytes: 21 01 04 00 21 00 00 00 c1 00 0b 01 01 00 1e 8f
y11: client 0: request 155 opcode 33 len 16 bytes: 21 01 04 00 21 00 00 00 c3 00 0b 01 01 37 2c 00
y11: client 0: request 156 opcode 33 len 16 bytes: 21 01 04 00 21 00 00 00 40 00 0c 01 01 bc c1 84
y11: client 0: request 157 opcode 33 len 16 bytes: 21 01 04 00 21 00 00 00 42 00 0c 01 01 00 00 00
y11: client 0: request 158 opcode 33 len 16 bytes: 21 01 04 00 21 00 00 00 c0 00 0c 01 01 87 7e 74
y11: client 0: request 159 opcode 33 len 16 bytes: 21 01 04 00 21 00 00 00 c2 00 0c 01 01 00 00 0f
y11: client 0: request 160 opcode 33 len 16 bytes: 21 01 04 00 21 00 00 00 41 00 0c 01 01 00 00 00
y11: client 0: request 161 opcode 33 len 16 bytes: 21 01 04 00 21 00 00 00 43 00 0c 01 01 14 07 00
y11: client 0: request 162 opcode 33 len 16 bytes: 21 01 04 00 21 00 00 00 c1 00 0c 01 01 00 00 00
y11: client 0: request 163 opcode 33 len 16 bytes: 21 01 04 00 21 00 00 00 c3 00 0c 01 01 00 10 00
y11: client 0: request 164 opcode 33 len 16 bytes: 21 01 04 00 21 00 00 00 40 00 0d 01 01 ff 11 00
y11: client 0: request 165 opcode 33 len 16 bytes: 21 01 04 00 21 00 00 00 42 00 0d 01 01 1f 00 00
y11: client 0: request 166 opcode 33 len 16 bytes: 21 01 04 00 21 00 00 00 c0 00 0d 01 01 ef 2f 00
y11: client 0: request 167 opcode 33 len 16 bytes: 21 01 04 00 21 00 00 00 c2 00 0d 01 01 ff e7 0c
y11: client 0: request 168 opcode 33 len 16 bytes: 21 01 04 00 21 00 00 00 41 00 0d 01 01 d3 ff 76
y11: client 0: request 169 opcode 33 len 16 bytes: 21 01 04 00 21 00 00 00 43 00 0d 01 01 67 ff d3
y11: client 0: request 170 opcode 33 len 16 bytes: 21 01 04 00 21 00 00 00 c1 00 0d 01 01 23 ff fe
y11: client 0: request 171 opcode 33 len 16 bytes: 21 01 04 00 21 00 00 00 c3 00 0d 01 01 02 f9 ff
y11: client 0: request 172 opcode 33 len 16 bytes: 21 01 04 00 21 00 00 00 40 00 0e 01 01 00 e5 ff
y11: client 0: request 173 opcode 33 len 16 bytes: 21 01 04 00 21 00 00 00 42 00 0e 01 01 00 de ff
y11: client 0: request 174 opcode 33 len 16 bytes: 21 01 04 00 21 00 00 00 c0 00 0e 01 01 00 e5 ff
y11: client 0: request 175 opcode 33 len 16 bytes: 21 01 04 00 21 00 00 00 c2 00 0e 01 01 02 f9 ff
y11: client 0: request 176 opcode 33 len 16 bytes: 21 01 04 00 21 00 00 00 41 00 0e 01 01 24 ff fd
y11: client 0: request 177 opcode 33 len 16 bytes: 21 01 04 00 21 00 00 00 43 00 0e 01 01 68 ff d0
y11: client 0: request 178 opcode 33 len 16 bytes: 21 01 04 00 21 00 00 00 c1 00 0e 01 01 d5 ff 72
y11: client 0: request 179 opcode 33 len 16 bytes: 21 01 04 00 21 00 00 00 c3 00 0e 01 01 ff e4 0b
y11: client 0: request 180 opcode 33 len 16 bytes: 21 01 04 00 21 00 00 00 40 00 0f 01 01 ee 2d 00
y11: client 0: request 181 opcode 33 len 16 bytes: 21 01 04 00 21 00 00 00 42 00 0f 01 01 1d 00 00
y11: client 0: request 182 opcode 33 len 16 bytes: 21 01 04 00 21 00 00 00 c0 00 0f 01 01 00 00 00
y11: client 0: request 183 opcode 33 len 16 bytes: 21 01 04 00 21 00 00 00 c2 00 0f 01 01 00 00 00
y11: client 0: request 184 opcode 33 len 16 bytes: 21 01 04 00 21 00 00 00 41 00 0f 01 01 ff ff ff
y11: client 0: request 185 opcode 33 len 16 bytes: 21 01 04 00 21 00 00 00 43 00 0f 01 01 00 00 00
y11: client 0: request 186 opcode 33 len 16 bytes: 21 01 04 00 21 00 00 00 c1 00 0f 01 01 58 ff c0
y11: client 0: request 187 opcode 33 len 16 bytes: 21 01 04 00 21 00 00 00 c3 00 0f 01 01 ff b2 0a
y11: client 0: request 188 opcode 33 len 16 bytes: 21 01 04 00 21 00 00 00 40 00 10 01 01 ff 69 00
y11: client 0: request 189 opcode 33 len 16 bytes: 21 01 04 00 21 00 00 00 42 00 10 01 01 58 ff c0
y11: client 0: request 190 opcode 33 len 16 bytes: 21 01 04 00 21 00 00 00 c0 00 10 01 01 ff c8 00
y11: client 0: request 191 opcode 33 len 16 bytes: 21 01 04 00 21 00 00 00 c2 00 10 01 01 00 c1 ff
y11: client 0: request 192 opcode 33 len 16 bytes: 21 01 04 00 21 00 00 00 41 00 10 01 01 4c ff c0
y11: client 0: request 193 opcode 33 len 16 bytes: 21 01 04 00 21 00 00 00 43 00 10 01 01 ff c8 00
y11: client 0: request 194 opcode 33 len 16 bytes: 21 01 04 00 21 00 00 00 c1 00 10 01 01 00 00 0c
y11: client 0: request 195 opcode 33 len 16 bytes: 21 01 04 00 21 00 00 00 c3 00 10 01 01 ff ff c0
y11: client 0: request 196 opcode 33 len 16 bytes: 21 01 04 00 21 00 00 00 40 00 11 01 01 14 1f 00
y11: client 0: request 197 opcode 33 len 16 bytes: 21 01 04 00 21 00 00 00 42 00 11 01 01 00 18 00
y11: client 0: request 198 opcode 33 len 16 bytes: 21 01 04 00 21 00 00 00 c0 00 11 01 01 ff 1c 00
y11: client 0: request 199 opcode 33 len 16 bytes: 21 01 04 00 21 00 00 00 c2 00 11 01 01 ff 1c 00
y11: client 0: request 200 opcode 33 len 16 bytes: 21 01 04 00 21 00 00 00 41 00 11 01 01 ff 1c 00
y11: client 0: request 201 opcode 33 len 16 bytes: 21 01 04 00 21 00 00 00 43 00 11 01 01 ff 1c 00
y11: client 0: request 202 opcode 33 len 16 bytes: 21 01 04 00 21 00 00 00 c1 00 11 01 01 ff 1c 00
y11: client 0: request 203 opcode 33 len 16 bytes: 21 01 04 00 21 00 00 00 c3 00 11 01 01 ff 1c 00
y11: client 0: request 204 opcode 33 len 16 bytes: 21 01 04 00 21 00 00 00 40 00 12 01 01 00 10 00
y11: client 0: request 205 opcode 33 len 16 bytes: 21 01 04 00 21 00 00 00 42 00 12 01 01 ff 11 00
y11: client 0: request 206 opcode 33 len 16 bytes: 21 01 04 00 21 00 00 00 c0 00 12 01 01 db a0 44
y11: client 0: request 207 opcode 33 len 16 bytes: 21 01 04 00 21 00 00 00 c2 00 12 01 01 ff ff f0
y11: client 0: request 208 opcode 33 len 16 bytes: 21 01 04 00 21 00 00 00 41 00 12 01 01 18 62 62
y11: client 0: request 209 opcode 33 len 16 bytes: 21 01 04 00 21 00 00 00 43 00 12 01 01 00 00 00
y11: client 0: request 210 opcode 33 len 16 bytes: 21 01 04 00 21 00 00 00 c1 00 12 01 01 00 00 00
y11: client 0: request 211 opcode 33 len 16 bytes: 21 01 04 00 21 00 00 00 c3 00 12 01 01 00 00 00
y11: client 0: request 212 opcode 33 len 16 bytes: 21 01 04 00 21 00 00 00 40 00 13 01 01 00 00 00
y11: client 0: request 213 opcode 33 len 16 bytes: 21 01 04 00 21 00 00 00 42 00 13 01 01 00 00 00
y11: client 0: request 214 opcode 33 len 16 bytes: 21 01 04 00 21 00 00 00 c0 00 13 01 01 00 00 00
y11: client 0: request 215 opcode 33 len 16 bytes: 21 01 04 00 21 00 00 00 c2 00 13 01 01 00 00 00
y11: client 0: request 216 opcode 33 len 16 bytes: 21 01 04 00 21 00 00 00 41 00 13 01 01 00 00 00
y11: client 0: request 217 opcode 33 len 16 bytes: 21 01 04 00 21 00 00 00 43 00 13 01 01 00 00 00
y11: client 0: request 218 opcode 33 len 16 bytes: 21 01 04 00 21 00 00 00 c1 00 13 01 01 00 00 00
y11: client 0: request 219 opcode 33 len 16 bytes: 21 01 04 00 21 00 00 00 c3 00 13 01 01 00 00 00
y11: client 0: request 220 opcode 33 len 16 bytes: 21 01 04 00 21 00 00 00 40 00 13 01 01 25 67 4c
y11: client 0: request 221 opcode 33 len 16 bytes: 21 01 04 00 21 00 00 00 42 00 13 01 01 ff ff 7c
y11: client 0: request 222 opcode 33 len 16 bytes: 21 01 04 00 21 00 00 00 c0 00 13 01 01 d7 99 2f
y11: client 0: request 223 opcode 33 len 16 bytes: 21 01 04 00 21 00 00 00 c2 00 13 01 01 00 00 00
y11: client 0: request 224 opcode 33 len 16 bytes: 21 01 04 00 21 00 00 00 40 00 17 01 01 00 00 00
y11: client 0: request 225 opcode 33 len 16 bytes: 21 01 04 00 21 00 00 00 42 00 17 01 01 ff ec dc
y11: client 0: request 226 opcode 33 len 16 bytes: 21 01 04 00 21 00 00 00 c0 00 17 01 01 00 09 63
y11: client 0: request 227 opcode 33 len 16 bytes: 21 01 04 00 21 00 00 00 c2 00 17 01 01 ff e3 00
y11: client 0: request 228 opcode 33 len 16 bytes: 21 01 04 00 21 00 00 00 41 00 17 01 01 ff 74 00
y11: client 0: request 229 opcode 33 len 16 bytes: 21 01 04 00 21 00 00 00 43 00 17 01 01 00 00 00
y11: client 0: request 230 opcode 33 len 16 bytes: 21 01 04 00 21 00 00 00 c1 00 17 01 01 ff a9 00
y11: client 0: request 231 opcode 33 len 16 bytes: 21 01 04 00 21 00 00 00 c3 00 17 01 01 ff ff ff
y11: client 0: request 232 opcode 33 len 16 bytes: 21 01 04 00 21 00 00 00 40 00 18 01 01 cd b4 77
y11: client 0: request 233 opcode 33 len 16 bytes: 21 01 04 00 21 00 00 00 42 00 18 01 01 00 00 00
y11: client 0: request 234 opcode 33 len 16 bytes: 21 01 04 00 21 00 00 00 c0 00 18 01 01 ff 74 00
y11: client 0: request 235 opcode 33 len 16 bytes: 21 01 04 00 21 00 00 00 c2 00 18 01 01 00 00 00
y11: client 0: request 236 opcode 33 len 16 bytes: 21 01 04 00 21 00 00 00 45 00 18 01 01 00 00 00
y11: client 0: request 237 opcode 33 len 16 bytes: 21 01 04 00 21 00 00 00 47 00 18 01 01 14 3a 00
y11: client 0: request 238 opcode 33 len 16 bytes: 21 01 04 00 21 00 00 00 c5 00 18 01 01 00 11 00
y11: client 0: request 239 opcode 33 len 16 bytes: 21 01 04 00 21 00 00 00 c7 00 18 01 01 00 00 00
y11: client 0: request 240 opcode 33 len 16 bytes: 21 01 04 00 21 00 00 00 40 00 19 01 01 68 ff c0
y11: client 0: request 241 opcode 33 len 16 bytes: 21 01 04 00 21 00 00 00 42 00 19 01 01 ff d8 00
y11: client 0: request 242 opcode 33 len 16 bytes: 21 01 04 00 21 00 00 00 c0 00 19 01 01 00 00 00
y11: client 0: request 243 opcode 33 len 16 bytes: 21 01 04 00 21 00 00 00 c2 00 19 01 01 68 ff c0
y11: client 0: request 244 opcode 33 len 16 bytes: 21 01 04 00 21 00 00 00 41 00 1a 01 01 ff d8 00
y11: client 0: request 245 opcode 33 len 16 bytes: 21 01 04 00 21 00 00 00 43 00 1a 01 01 00 00 00
y11: client 0: request 246 opcode 33 len 16 bytes: 21 01 04 00 21 00 00 00 c1 00 1a 01 01 68 ff c0
y11: client 0: request 247 opcode 33 len 16 bytes: 21 01 04 00 21 00 00 00 c3 00 1a 01 01 ff e4 00
y11: client 0: request 248 opcode 33 len 16 bytes: 21 01 04 00 21 00 00 00 40 00 1a 01 01 00 00 00
y11: client 0: request 249 opcode 33 len 16 bytes: 21 01 04 00 21 00 00 00 42 00 1a 01 01 e6 ff 58
y11: client 0: request 250 opcode 33 len 16 bytes: 21 01 04 00 21 00 00 00 c0 00 1a 01 01 0d c6 ff
y11: client 0: request 251 opcode 33 len 16 bytes: 21 01 04 00 21 00 00 00 c2 00 1a 01 01 ee f6 db
y11: client 0: request 252 opcode 33 len 16 bytes: 21 01 04 00 21 00 00 00 40 00 1b 01 01 00 00 00
y11: client 0: request 253 opcode 33 len 16 bytes: 21 01 04 00 21 00 00 00 42 00 1b 01 01 00 00 00
y11: client 0: request 254 opcode 33 len 16 bytes: 21 01 04 00 21 00 00 00 c0 00 1b 01 01 13 2d 00
y11: client 0: request 255 opcode 33 len 16 bytes: 21 01 04 00 21 00 00 00 c2 00 1b 01 01 00 00 00
y11: client 0: request 256 opcode 33 len 16 bytes: 21 01 04 00 21 00 00 00 41 00 1f 01 01 ff ff a6
y11: client 0: request 257 opcode 33 len 16 bytes: 21 01 04 00 21 00 00 00 43 00 1f 01 01 00 00 00
y11: client 0: request 258 opcode 33 len 16 bytes: 21 01 04 00 21 00 00 00 c1 00 1f 01 01 00 00 00
y11: client 0: request 259 opcode 33 len 16 bytes: 21 01 04 00 21 00 00 00 c3 00 1f 01 01 00 00 00
y11: client 0: request 260 opcode 33 len 16 bytes: 21 01 04 00 21 00 00 00 40 00 1f 01 01 00 00 00
y11: client 0: request 261 opcode 33 len 16 bytes: 21 01 04 00 21 00 00 00 42 00 1f 01 01 00 00 00
y11: client 0: request 262 opcode 33 len 16 bytes: 21 01 04 00 21 00 00 00 c0 00 1f 01 01 00 00 00
y11: client 0: request 263 opcode 33 len 16 bytes: 21 01 04 00 21 00 00 00 c2 00 1f 01 01 00 00 00
y11: client 0: request 264 opcode 33 len 16 bytes: 21 01 04 00 21 00 00 00 44 00 1f 01 01 00 00 00
y11: client 0: request 265 opcode 33 len 16 bytes: 21 01 04 00 21 00 00 00 46 00 1f 01 01 00 00 00
y11: client 0: request 266 opcode 33 len 16 bytes: 21 01 04 00 21 00 00 00 c4 00 1f 01 01 00 00 00
y11: client 0: request 267 opcode 33 len 16 bytes: 21 01 04 00 21 00 00 00 c6 00 1f 01 01 00 00 00
y11: client 0: request 268 opcode 33 len 16 bytes: 21 01 04 00 21 00 00 00 40 00 24 01 01 00 00 00
y11: client 0: request 269 opcode 33 len 16 bytes: 21 01 04 00 21 00 00 00 42 00 24 01 01 00 00 00
y11: client 0: request 270 opcode 33 len 16 bytes: 21 01 04 00 21 00 00 00 c0 00 24 01 01 00 00 00
y11: client 0: request 271 opcode 33 len 16 bytes: 21 01 04 00 21 00 00 00 c2 00 24 01 01 00 00 00
y11: client 0: request 272 opcode 33 len 16 bytes: 21 01 04 00 21 00 00 00 41 00 24 01 01 00 00 00
y11: client 0: request 273 opcode 33 len 16 bytes: 21 01 04 00 21 00 00 00 43 00 24 01 01 00 00 00
y11: client 0: request 274 opcode 33 len 16 bytes: 21 01 04 00 21 00 00 00 c1 00 24 01 01 00 00 00
y11: client 0: request 275 opcode 33 len 16 bytes: 21 01 04 00 21 00 00 00 c3 00 24 01 01 00 00 00
y11: client 0: request 276 opcode 33 len 16 bytes: 21 01 04 00 21 00 00 00 40 00 27 01 01 00 00 00
y11: client 0: request 277 opcode 33 len 16 bytes: 21 01 04 00 21 00 00 00 42 00 27 01 01 ff ff ff
y11: client 0: request 278 opcode 33 len 16 bytes: 21 01 04 00 21 00 00 00 c0 00 27 01 01 e8 e8 e8
y11: client 0: request 279 opcode 33 len 16 bytes: 21 01 04 00 21 00 00 00 c2 00 27 01 01 77 ff a6
y11: client 0: request 280 opcode 33 len 16 bytes: 21 01 04 00 21 00 00 00 40 00 28 01 01 00 00 00
y11: client 0: request 281 opcode 33 len 16 bytes: 21 01 04 00 21 00 00 00 42 00 28 01 01 00 00 00
y11: client 0: request 282 opcode 33 len 16 bytes: 21 01 04 00 21 00 00 00 c0 00 28 01 01 ea 07 00
y11: client 0: request 283 opcode 33 len 16 bytes: 21 01 04 00 21 00 00 00 c2 00 28 01 01 00 00 00
y11: client 0: request 284 opcode 33 len 16 bytes: 21 01 04 00 21 00 00 00 41 00 28 01 01 00 88 ff
y11: client 0: request 285 opcode 33 len 16 bytes: 21 01 04 00 21 00 00 00 43 00 28 01 01 00 00 00
y11: client 0: request 286 opcode 33 len 16 bytes: 21 01 04 00 21 00 00 00 c1 00 28 01 01 00 00 00
y11: client 0: request 287 opcode 33 len 16 bytes: 21 01 04 00 21 00 00 00 c3 00 28 01 01 ff ec 09
y11: client 0: request 288 opcode 33 len 16 bytes: 21 01 04 00 21 00 00 00 40 00 29 01 01 00 00 00
y11: client 0: request 289 opcode 33 len 16 bytes: 21 01 04 00 21 00 00 00 42 00 29 01 01 00 00 98
y11: client 0: request 290 opcode 33 len 16 bytes: 21 01 04 00 21 00 00 00 c0 00 29 01 01 00 10 00
y11: client 0: request 291 opcode 33 len 16 bytes: 21 01 04 00 21 00 00 00 c2 00 29 01 01 00 11 00
y11: client 0: request 292 opcode 33 len 16 bytes: 21 01 04 00 21 00 00 00 40 00 2b 01 01 00 b1 fe
y11: client 0: request 293 opcode 33 len 16 bytes: 21 01 04 00 21 00 00 00 42 00 2b 01 01 32 ff a9
y11: client 0: request 294 opcode 33 len 16 bytes: 21 01 04 00 21 00 00 00 c0 00 2b 01 01 b2 fd 2b
y11: client 0: request 295 opcode 33 len 16 bytes: 21 01 04 00 21 00 00 00 c2 00 2b 01 01 ff a7 00
y11: client 0: request 296 opcode 33 len 16 bytes: 21 01 04 00 21 00 00 00 41 00 2b 01 01 fd 29 00
y11: client 0: request 297 opcode 33 len 16 bytes: 21 01 04 00 21 00 00 00 43 00 2b 01 01 a5 00 00
y11: client 0: request 298 opcode 33 len 16 bytes: 21 01 04 00 21 00 00 00 c1 00 2b 01 01 27 00 00
y11: client 0: request 299 opcode 33 len 16 bytes: 21 01 04 00 21 00 00 00 c3 00 2b 01 01 00 00 00
y11: client 0: request 300 opcode 33 len 16 bytes: 21 01 04 00 21 00 00 00 40 00 2c 01 01 00 0e 0e
y11: client 0: request 301 opcode 33 len 16 bytes: 21 01 04 00 21 00 00 00 42 00 2c 01 01 c6 ff ff
y11: client 0: request 302 opcode 33 len 16 bytes: 21 01 04 00 21 00 00 00 c0 00 2c 01 01 f4 6f 70
y11: client 0: request 303 opcode 33 len 16 bytes: 21 01 04 00 21 00 00 00 c2 00 2c 01 01 8d 00 00
y11: client 0: request 304 opcode 33 len 16 bytes: 21 01 04 00 21 00 00 00 41 00 2c 01 01 62 00 00
y11: client 0: request 305 opcode 33 len 16 bytes: 21 01 04 00 21 00 00 00 43 00 2c 01 01 61 00 00
y11: client 0: request 306 opcode 33 len 16 bytes: 21 01 04 00 21 00 00 00 c1 00 2c 01 01 87 00 00
y11: client 0: request 307 opcode 33 len 16 bytes: 21 01 04 00 21 00 00 00 c3 00 2c 01 01 ed 50 52
y11: client 0: request 308 opcode 33 len 16 bytes: 21 01 04 00 21 00 00 00 40 00 2d 01 01 a4 f2 f2
y11: client 0: request 309 opcode 33 len 16 bytes: 21 01 04 00 21 00 00 00 42 00 2d 01 01 00 00 00
y11: client 0: request 310 opcode 33 len 16 bytes: 21 01 04 00 21 00 00 00 c0 00 2d 01 01 00 00 00
y11: client 0: request 311 opcode 33 len 16 bytes: 21 01 04 00 21 00 00 00 c2 00 2d 01 01 ff ec dc
y11: client 0: request 312 opcode 33 len 16 bytes: 21 01 04 00 21 00 00 00 41 00 2d 01 01 01 3a d8
y11: client 0: request 313 opcode 33 len 16 bytes: 21 01 04 00 21 00 00 00 43 00 2d 01 01 ff 31 00
y11: client 0: request 314 opcode 33 len 16 bytes: 21 01 04 00 21 00 00 00 c1 00 2d 01 01 ff 74 00
y11: client 0: request 315 opcode 33 len 16 bytes: 21 01 04 00 21 00 00 00 c3 00 2d 01 01 00 00 42
y11: client 0: request 316 opcode 33 len 16 bytes: 21 01 04 00 21 00 00 00 40 00 2e 01 01 94 00 00
y11: client 0: request 317 opcode 33 len 16 bytes: 21 01 04 00 21 00 00 00 42 00 2e 01 01 ff ff ff
y11: client 0: request 318 opcode 33 len 16 bytes: 21 01 04 00 21 00 00 00 c0 00 2e 01 01 91 ff c3
y11: client 0: request 319 opcode 33 len 16 bytes: 21 01 04 00 21 00 00 00 c2 00 2e 01 01 00 00 00
y11: client 0: request 320 opcode 33 len 16 bytes: 21 01 04 00 21 00 00 00 41 00 2e 01 01 ff 74 00
y11: client 0: request 321 opcode 33 len 16 bytes: 21 01 04 00 21 00 00 00 43 00 2e 01 01 00 00 35
y11: client 0: request 322 opcode 33 len 16 bytes: 21 01 04 00 21 00 00 00 c1 00 2e 01 01 ff c6 01
y11: client 0: request 323 opcode 33 len 16 bytes: 21 01 04 00 21 00 00 00 c3 00 2e 01 01 14 4b 00
y11: client 0: request 324 opcode 33 len 16 bytes: 21 01 04 00 21 00 00 00 41 00 36 01 01 00 11 00
y11: client 0: request 325 opcode 33 len 16 bytes: 21 01 04 00 21 00 00 00 43 00 36 01 01 1b fe ff
y11: client 0: request 326 opcode 33 len 16 bytes: 21 01 04 00 21 00 00 00 c1 00 36 01 01 6f ff ff
y11: client 0: request 327 opcode 33 len 16 bytes: 21 01 04 00 21 00 00 00 c3 00 36 01 01 c3 ff dd
y11: client 0: request 328 opcode 33 len 16 bytes: 21 01 04 00 21 00 00 00 40 00 37 01 01 fd e3 7d
y11: client 0: request 329 opcode 33 len 16 bytes: 21 01 04 00 21 00 00 00 42 00 37 01 01 ff 9d 33
y11: client 0: request 330 opcode 33 len 16 bytes: 21 01 04 00 21 00 00 00 c0 00 37 01 01 ff 50 01
y11: client 0: request 331 opcode 33 len 16 bytes: 21 01 04 00 21 00 00 00 c2 00 37 01 01 f6 0a 00
y11: client 0: request 332 opcode 33 len 16 bytes: 21 01 04 00 21 00 00 00 40 00 38 01 01 b0 00 00
y11: client 0: request 333 opcode 33 len 16 bytes: 21 01 04 00 21 00 00 00 42 00 38 01 01 60 00 00
y11: client 0: request 334 opcode 33 len 16 bytes: 21 01 04 00 21 00 00 00 c0 00 38 01 01 13 00 00
y11: client 0: request 335 opcode 33 len 16 bytes: 21 01 04 00 21 00 00 00 c2 00 38 01 01 ff ff ff
y11: client 0: request 336 opcode 33 len 16 bytes: 21 01 04 00 21 00 00 00 40 00 41 01 01 e8 e8 e8
y11: client 0: request 337 opcode 33 len 16 bytes: 21 01 04 00 21 00 00 00 42 00 41 01 01 00 00 00
y11: client 0: request 338 opcode 33 len 16 bytes: 21 01 04 00 21 00 00 00 c0 00 41 01 01 00 00 00
y11: client 0: request 339 opcode 33 len 16 bytes: 21 01 04 00 21 00 00 00 c2 00 41 01 01 00 00 00
y11: client 0: request 340 opcode 33 len 16 bytes: 21 01 04 00 21 00 00 00 41 00 41 01 01 00 00 00
y11: client 0: request 341 opcode 33 len 16 bytes: 21 01 04 00 21 00 00 00 43 00 41 01 01 00 00 00
y11: client 0: request 342 opcode 33 len 16 bytes: 21 01 04 00 21 00 00 00 c1 00 41 01 01 00 10 00
y11: client 0: request 343 opcode 33 len 16 bytes: 21 01 04 00 21 00 00 00 c3 00 41 01 01 ff 11 00
y11: client 0: request 344 opcode 33 len 16 bytes: 21 01 04 00 21 00 00 00 40 00 6f 01 01 fa ff ff
y11: client 0: request 345 opcode 33 len 16 bytes: 21 01 04 00 21 00 00 00 42 00 6f 01 01 ff ff ff
y11: client 0: request 346 opcode 33 len 16 bytes: 21 01 04 00 21 00 00 00 c0 00 6f 01 01 ff d3 ff
y11: client 0: request 347 opcode 33 len 16 bytes: 21 01 04 00 21 00 00 00 c2 00 6f 01 01 f1 a7 ff
y11: client 0: request 348 opcode 33 len 16 bytes: 21 01 04 00 21 00 00 00 41 00 6f 01 01 ab b7 ff
y11: client 0: request 349 opcode 33 len 16 bytes: 21 01 04 00 21 00 00 00 43 00 6f 01 01 5f c4 ff
y11: client 0: request 350 opcode 33 len 16 bytes: 21 01 04 00 21 00 00 00 c1 00 6f 01 01 15 c9 ff
y11: client 0: request 351 opcode 33 len 16 bytes: 21 01 04 00 21 00 00 00 c3 00 6f 01 01 00 ce ff
y11: client 0: request 352 opcode 33 len 16 bytes: 21 01 04 00 21 00 00 00 40 00 71 01 01 00 d0 ff
y11: client 0: request 353 opcode 33 len 16 bytes: 21 01 04 00 21 00 00 00 42 00 71 01 01 00 d0 ff
y11: client 0: request 354 opcode 33 len 16 bytes: 21 01 04 00 21 00 00 00 c0 00 71 01 01 00 d0 ff
y11: client 0: request 355 opcode 33 len 16 bytes: 21 01 04 00 21 00 00 00 c2 00 71 01 01 00 d0 ff
y11: client 0: request 356 opcode 33 len 16 bytes: 21 01 04 00 21 00 00 00 41 00 71 01 01 00 d0 ff
y11: client 0: request 357 opcode 33 len 16 bytes: 21 01 04 00 21 00 00 00 43 00 71 01 01 00 d0 ff
y11: client 0: request 358 opcode 33 len 16 bytes: 21 01 04 00 21 00 00 00 c1 00 71 01 01 00 d0 ff
y11: client 0: request 359 opcode 33 len 16 bytes: 21 01 04 00 21 00 00 00 c3 00 71 01 01 00 d0 ff
y11: client 0: request 360 opcode 33 len 16 bytes: 21 01 04 00 21 00 00 00 40 00 72 01 01 00 d0 ff
y11: client 0: request 361 opcode 33 len 16 bytes: 21 01 04 00 21 00 00 00 42 00 72 01 01 00 00 00
y11: client 0: request 362 opcode 33 len 16 bytes: 21 01 04 00 21 00 00 00 c0 00 72 01 01 00 00 00
y11: client 0: request 363 opcode 33 len 16 bytes: 21 01 04 00 21 00 00 00 c2 00 72 01 01 31 ff fa
y11: client 0: request 364 opcode 33 len 16 bytes: 21 01 04 00 21 00 00 00 41 00 72 01 01 00 00 00
y11: client 0: request 365 opcode 33 len 16 bytes: 21 01 04 00 21 00 00 00 43 00 72 01 01 00 00 00
y11: client 0: request 366 opcode 33 len 16 bytes: 21 01 04 00 21 00 00 00 c1 00 72 01 01 89 ff 6c
y11: client 0: request 367 opcode 33 len 16 bytes: 21 01 04 00 21 00 00 00 c3 00 72 01 01 b6 ab 86
y11: client 0: request 368 opcode 33 len 16 bytes: 21 01 04 00 21 00 00 00 40 00 74 01 01 a2 06 00
y11: client 0: request 369 opcode 33 len 16 bytes: 21 01 04 00 21 00 00 00 42 00 74 01 01 00 00 00
y11: client 0: request 370 opcode 33 len 16 bytes: 21 01 04 00 21 00 00 00 c0 00 74 01 01 00 00 00
y11: client 0: request 371 opcode 33 len 16 bytes: 21 01 04 00 21 00 00 00 c2 00 74 01 01 be ff 75
y11: client 0: request 372 opcode 33 len 16 bytes: 21 01 04 00 21 00 00 00 41 00 74 01 01 00 00 00
y11: client 0: request 373 opcode 33 len 16 bytes: 21 01 04 00 21 00 00 00 43 00 74 01 01 00 0f 6b
y11: client 0: request 374 opcode 33 len 16 bytes: 21 01 04 00 21 00 00 00 c1 00 74 01 01 bc 0b 00
y11: client 0: request 375 opcode 33 len 16 bytes: 21 01 04 00 21 00 00 00 c3 00 74 01 01 14 3a 00
y11: client 0: request 376 opcode 42 len 12 bytes: 2a 01 03 00 21 00 00 00 00 00 00 00
y11: client 0: request 377 opcode 19 len 12 bytes: 13 00 03 00 21 00 00 00 49 00 00 00
y11: client 0: event type 28
y11: client 0: request 378 opcode 70 len 20 bytes: 46 00 05 00 01 00 10 00 02 00 10 00 22 02 00 00 5e 05 2a 00
y11: client 0: request 379 opcode 139 len 20 bytes: 8b 04 05 00 14 00 10 00 01 00 10 00 02 01 00 00 00 00 00 00
y11: client 0: request 380 opcode 139 len 40 bytes: 8b 18 0a 00 03 ff ff 0f 11 00 10 00 14 00 10 00 03 01 00 00
y11: client 0: request 381 opcode 139 len 104 bytes: 8b 17 1a 00 03 00 00 b0 11 00 10 00 14 00 10 00 03 01 00 00
y11: client 0: request 382 opcode 139 len 40 bytes: 8b 18 0a 00 03 e8 36 00 11 00 10 00 14 00 10 00 03 01 00 00
y11: client 0: request 383 opcode 139 len 68 bytes: 8b 17 11 00 03 00 00 00 11 00 10 00 14 00 10 00 03 01 00 00
y11: client 0: request 384 opcode 139 len 8 bytes: 8b 07 02 00 14 00 10 00
y11: client 0: request 385 opcode 56 len 16 bytes: 38 00 04 00 02 00 10 00 04 00 00 00 98 98 a4 00
y11: client 0: request 386 opcode 70 len 20 bytes: 46 00 05 00 01 00 10 00 02 00 10 00 00 00 00 00 30 00 2a 00
y11: client 0: request 387 opcode 139 len 20 bytes: 8b 04 05 00 15 00 10 00 01 00 10 00 02 01 00 00 00 00 00 00
y11: client 0: request 388 opcode 139 len 40 bytes: 8b 17 0a 00 03 11 ff e1 11 00 10 00 15 00 10 00 03 01 00 00
y11: client 0: request 389 opcode 139 len 8 bytes: 8b 07 02 00 15 00 10 00
y11: client 0: request 390 opcode 56 len 16 bytes: 38 00 04 00 02 00 10 00 04 00 00 00 19 15 0a 00
y11: client 0: request 391 opcode 70 len 28 bytes: 46 00 07 00 01 00 10 00 02 00 10 00 30 00 00 00 22 00 2a 00
y11: client 0: request 392 opcode 62 len 28 bytes: 3e 00 07 00 01 00 10 00 0d 00 10 00 02 00 10 00 00 00 00 00
y11: client 0: request 393 opcode 43 len 4 bytes: 2b 00 01 00
y11: client 0: reply seq 393 len 32
y11: client 0: request 394 opcode 15 len 8 bytes: 0f 00 02 00 21 00 00 00
y11: client 0: reply seq 394 len 32
y11: client 0: request 395 opcode 3 len 8 bytes: 03 00 02 00 0d 00 10 00
y11: client 0: reply seq 395 len 44
y11: client 0: request 396 opcode 14 len 8 bytes: 0e 00 02 00 0d 00 10 00
y11: client 0: reply seq 396 len 32
y11: client 1: request 1 opcode 98 len 20 bytes: 62 00 05 00 0c 00 00 00 42 49 47 2d 52 45 51 55 45 53 54 53
y11: client 1: reply seq 1 len 32
y11: client 0: request 397 opcode 3 len 8 bytes: 03 00 02 00 13 00 10 00
y11: client 0: reply seq 397 len 44
y11: client 0: request 398 opcode 14 len 8 bytes: 0e 00 02 00 13 00 10 00
y11: client 0: reply seq 398 len 32
y11: client 1: request 2 opcode 128 len 4 bytes: 80 00 01 00
y11: client 1: reply seq 2 len 32
y11: client 0: request 399 opcode 20 len 24 bytes: 14 00 06 00 13 00 10 00 44 00 00 00 21 00 00 00 00 00 00 00
y11: client 0: reply seq 399 len 32
y11: client 1: request 3 opcode 55 len 20 bytes: 37 00 05 00 00 00 20 00 21 00 00 00 08 00 00 00 ff ff ff 00
y11: client 1: request 4 opcode 20 len 24 bytes: 14 00 06 00 21 00 00 00 17 00 00 00 1f 00 00 00 00 00 00 00
y11: client 1: reply seq 4 len 32
y11: client 0: request 400 opcode 20 len 24 bytes: 14 00 06 00 13 00 10 00 59 00 00 00 59 00 00 00 00 00 00 00
y11: client 0: reply seq 400 len 32
y11: client 1: request 5 opcode 98 len 20 bytes: 62 00 05 00 09 00 20 00 58 4b 45 59 42 4f 41 52 44 00 00 00
y11: client 1: reply seq 5 len 32
y11: client 0: request 401 opcode 3 len 8 bytes: 03 00 02 00 0d 00 10 00
y11: client 0: reply seq 401 len 44
y11: client 0: request 402 opcode 14 len 8 bytes: 0e 00 02 00 0d 00 10 00
y11: client 0: reply seq 402 len 32
y11: client 1: request 6 opcode 91 len 12 bytes: 5b 00 03 00 22 00 00 00 00 00 00 00
y11: client 1: reply seq 6 len 32
y11: client 0: request 403 opcode 20 len 24 bytes: 14 00 06 00 0d 00 10 00 44 00 00 00 21 00 00 00 00 00 00 00
y11: client 0: reply seq 403 len 32
y11: client 0: request 404 opcode 3 len 8 bytes: 03 00 02 00 13 00 10 00
y11: client 0: reply seq 404 len 44
y11: client 0: request 405 opcode 14 len 8 bytes: 0e 00 02 00 13 00 10 00
y11: client 0: reply seq 405 len 32
y11: client 1: request 7 opcode 91 len 12 bytes: 5b 00 03 00 22 00 00 00 ff ff ff 00
y11: client 1: reply seq 7 len 32
y11: client 0: request 406 opcode 20 len 24 bytes: 14 00 06 00 13 00 10 00 44 00 00 00 21 00 00 00 00 00 00 00
y11: client 0: reply seq 406 len 32
y11: client 2: request 1 opcode 98 len 20 bytes: 62 00 05 00 0c 00 00 00 42 49 47 2d 52 45 51 55 45 53 54 53
y11: client 2: reply seq 1 len 32
y11: client 0: request 407 opcode 43 len 4 bytes: 2b 00 01 00
y11: client 0: reply seq 407 len 32
y11: client 0: request 408 opcode 70 len 20 bytes: 46 00 05 00 01 00 10 00 02 00 10 00 22 02 00 00 5e 05 2a 00
y11: client 0: request 409 opcode 139 len 20 bytes: 8b 04 05 00 16 00 10 00 01 00 10 00 02 01 00 00 00 00 00 00
y11: client 0: request 410 opcode 139 len 40 bytes: 8b 18 0a 00 03 00 10 00 11 00 10 00 16 00 10 00 03 01 00 00
y11: client 0: request 411 opcode 139 len 104 bytes: 8b 17 1a 00 03 00 00 00 11 00 10 00 16 00 10 00 03 01 00 00
y11: client 0: request 412 opcode 139 len 40 bytes: 8b 18 0a 00 03 00 00 00 11 00 10 00 16 00 10 00 03 01 00 00
y11: client 0: request 413 opcode 139 len 68 bytes: 8b 17 11 00 03 00 00 00 11 00 10 00 16 00 10 00 03 01 00 00
y11: client 0: request 414 opcode 139 len 8 bytes: 8b 07 02 00 16 00 10 00
y11: client 0: request 415 opcode 56 len 16 bytes: 38 00 04 00 02 00 10 00 04 00 00 00 98 98 a4 00
y11: client 0: request 416 opcode 70 len 20 bytes: 46 00 05 00 01 00 10 00 02 00 10 00 00 00 00 00 30 00 2a 00
y11: client 0: request 417 opcode 139 len 20 bytes: 8b 04 05 00 17 00 10 00 01 00 10 00 02 01 00 00 00 00 00 00
y11: client 0: request 418 opcode 139 len 40 bytes: 8b 17 0a 00 03 00 0c 01 11 00 10 00 17 00 10 00 03 01 00 00
y11: client 0: request 419 opcode 139 len 8 bytes: 8b 07 02 00 17 00 10 00
y11: client 0: request 420 opcode 56 len 16 bytes: 38 00 04 00 02 00 10 00 04 00 00 00 19 15 0a 00
y11: client 0: request 421 opcode 70 len 28 bytes: 46 00 07 00 01 00 10 00 02 00 10 00 30 00 00 00 22 00 2a 00
y11: client 0: request 422 opcode 62 len 28 bytes: 3e 00 07 00 01 00 10 00 0d 00 10 00 02 00 10 00 00 00 00 00
y11: client 0: request 423 opcode 43 len 4 bytes: 2b 00 01 00
y11: client 0: reply seq 423 len 32
y11: client 1: request 8 opcode 45 len 20 bytes: 2d 00 05 00 01 00 20 00 06 00 ff 00 63 75 72 73 6f 72 ff 00
y11: client 1: request 9 opcode 98 len 16 bytes: 62 00 04 00 06 00 00 00 52 45 4e 44 45 52 00 00
y11: client 1: reply seq 9 len 32
y11: client 1: request 10 opcode 139 len 12 bytes: 8b 00 03 00 00 00 00 00 0b 00 00 00
y11: client 1: reply seq 10 len 32
y11: client 1: request 11 opcode 139 len 4 bytes: 8b 01 01 00
y11: client 1: reply seq 11 len 32
y11: client 2: request 2 opcode 128 len 4 bytes: 80 00 01 00
y11: client 2: reply seq 2 len 32
y11: client 1: request 12 opcode 98 len 24 bytes: 62 00 06 00 0f 00 00 00 58 46 72 65 65 38 36 2d 42 69 67 66
y11: client 1: reply seq 12 len 32
y11: client 2: request 3 opcode 55 len 20 bytes: 37 00 05 00 00 00 30 00 21 00 00 00 08 00 00 00 ff ff ff 00
y11: client 2: request 4 opcode 20 len 24 bytes: 14 00 06 00 21 00 00 00 17 00 00 00 1f 00 00 00 00 00 00 00
y11: client 2: reply seq 4 len 32
y11: client 1: request 13 opcode 47 len 8 bytes: 2f 00 02 00 01 00 20 00
y11: client 1: reply seq 13 len 60
y11: client 3: request 1 opcode 16 len 24 bytes: 10 00 06 00 0d 00 00 00 5f 4e 45 54 5f 57 4d 5f 53 54 41 54
y11: client 3: reply seq 1 len 32
y11: client 1: request 14 opcode 16 len 16 bytes: 10 00 04 00 06 00 20 00 63 75 72 73 6f 72 01 00
y11: client 1: reply seq 14 len 32
y11: client 1: request 15 opcode 94 len 32 bytes: 5e 00 08 00 02 00 20 00 01 00 20 00 01 00 20 00 44 00 45 00
y11: client 1: request 16 opcode 2 len 16 bytes: 02 00 04 00 21 00 00 00 00 40 00 00 02 00 20 00
y11: client 1: request 17 opcode 95 len 8 bytes: 5f 00 02 00 02 00 20 00
y11: client 1: request 18 opcode 60 len 8 bytes: 3c 00 02 00 00 00 20 00
y11: client 1: request 19 opcode 43 len 4 bytes: 2b 00 01 00
y11: client 1: reply seq 19 len 32
y11: client 2: request 5 opcode 98 len 20 bytes: 62 00 05 00 09 00 30 00 58 4b 45 59 42 4f 41 52 44 00 00 00
y11: client 2: reply seq 5 len 32
y11: client 3: request 2 opcode 16 len 32 bytes: 10 00 08 00 18 00 00 00 5f 4e 45 54 5f 57 4d 5f 53 54 41 54
y11: client 3: reply seq 2 len 32
y11: client 1: disconnect
y11: client 2: request 6 opcode 16 len 24 bytes: 10 00 06 00 0d 00 30 00 5f 58 52 4f 4f 54 50 4d 41 50 5f 49
y11: client 2: reply seq 6 len 32
y11: client 2: request 7 opcode 16 len 20 bytes: 10 00 05 00 0c 00 30 00 5f 58 53 45 54 52 4f 4f 54 5f 49 44
y11: client 2: reply seq 7 len 32
y11: client 2: request 8 opcode 20 len 24 bytes: 14 00 06 00 21 00 00 00 5f 00 00 00 21 00 00 00 00 00 00 00
y11: client 2: reply seq 8 len 32
y11: client 3: request 3 opcode 98 len 24 bytes: 62 00 06 00 10 00 00 00 4d 49 54 2d 53 43 52 45 45 4e 2d 53
y11: client 3: reply seq 3 len 32
y11: client 2: request 9 opcode 53 len 16 bytes: 35 18 04 00 01 00 30 00 21 00 00 00 80 07 38 04
y11: client 2: request 10 opcode 98 len 16 bytes: 62 00 04 00 07 00 00 00 4d 49 54 2d 53 48 4d 00
y11: client 2: reply seq 10 len 32
y11: client 2: request 11 opcode 98 len 32 bytes: 62 00 08 00 17 00 30 00 47 65 6e 65 72 69 63 20 45 76 65 6e
y11: client 2: reply seq 11 len 32
y11: client 2: request 12 opcode 130 len 4 bytes: 82 00 01 00
y11: client 2: reply seq 12 len 32
y11: client 2: request 13 opcode 98 len 16 bytes: 62 00 04 00 07 00 00 00 4d 49 54 2d 53 48 4d 00
y11: client 2: reply seq 13 len 32
y11: client 2: request 14 opcode 130 len 16 bytes: 82 07 04 00 03 00 30 00 80 5e c6 00 00 00 00 00
y11: client 2: error code 1 res 0x7 major 130
y11: client 2: reply seq 14 len 32
y11: client 2: request 15 opcode 55 len 20 bytes: 37 00 05 00 02 00 30 00 01 00 30 00 00 00 01 00 00 00 00 00
y11: client 2: request 16 opcode 72 len 261836 bytes: 48 02 b3 ff 01 00 30 00 02 00 30 00 d1 08 1d 00 58 ff 4c ff
y11: client 2: request 17 opcode 72 len 261836 bytes: 48 02 b3 ff 01 00 30 00 02 00 30 00 d1 08 1d 00 58 ff 69 ff
y11: client 2: request 18 opcode 72 len 261836 bytes: 48 02 b3 ff 01 00 30 00 02 00 30 00 d1 08 1d 00 58 ff 86 ff
y11: client 2: request 19 opcode 72 len 261836 bytes: 48 02 b3 ff 01 00 30 00 02 00 30 00 d1 08 1d 00 58 ff a3 ff
y11: client 2: request 20 opcode 72 len 261836 bytes: 48 02 b3 ff 01 00 30 00 02 00 30 00 d1 08 1d 00 58 ff c0 ff
y11: client 2: request 21 opcode 72 len 261836 bytes: 48 02 b3 ff 01 00 30 00 02 00 30 00 d1 08 1d 00 58 ff dd ff
y11: client 2: request 22 opcode 72 len 261836 bytes: 48 02 b3 ff 01 00 30 00 02 00 30 00 d1 08 1d 00 58 ff fa ff
y11: client 2: request 23 opcode 72 len 261836 bytes: 48 02 b3 ff 01 00 30 00 02 00 30 00 d1 08 1d 00 58 ff 17 00
y11: client 2: request 24 opcode 72 len 261836 bytes: 48 02 b3 ff 01 00 30 00 02 00 30 00 d1 08 1d 00 58 ff 34 00
y11: client 2: request 25 opcode 72 len 261836 bytes: 48 02 b3 ff 01 00 30 00 02 00 30 00 d1 08 1d 00 58 ff 51 00
y11: client 2: request 26 opcode 72 len 261836 bytes: 48 02 b3 ff 01 00 30 00 02 00 30 00 d1 08 1d 00 58 ff 6e 00
y11: client 2: request 27 opcode 72 len 261836 bytes: 48 02 b3 ff 01 00 30 00 02 00 30 00 d1 08 1d 00 58 ff 8b 00
y11: client 2: request 28 opcode 72 len 261836 bytes: 48 02 b3 ff 01 00 30 00 02 00 30 00 d1 08 1d 00 58 ff a8 00
y11: client 2: request 29 opcode 72 len 261836 bytes: 48 02 b3 ff 01 00 30 00 02 00 30 00 d1 08 1d 00 58 ff c5 00
y11: client 2: request 30 opcode 72 len 261836 bytes: 48 02 b3 ff 01 00 30 00 02 00 30 00 d1 08 1d 00 58 ff e2 00
y11: client 2: request 31 opcode 72 len 261836 bytes: 48 02 b3 ff 01 00 30 00 02 00 30 00 d1 08 1d 00 58 ff ff 00
y11: client 2: request 32 opcode 72 len 261836 bytes: 48 02 b3 ff 01 00 30 00 02 00 30 00 d1 08 1d 00 58 ff 1c 01
y11: client 2: request 33 opcode 72 len 261836 bytes: 48 02 b3 ff 01 00 30 00 02 00 30 00 d1 08 1d 00 58 ff 39 01
y11: client 2: request 34 opcode 72 len 261836 bytes: 48 02 b3 ff 01 00 30 00 02 00 30 00 d1 08 1d 00 58 ff 56 01
y11: client 2: request 35 opcode 72 len 261836 bytes: 48 02 b3 ff 01 00 30 00 02 00 30 00 d1 08 1d 00 58 ff 73 01
y11: client 2: request 36 opcode 72 len 261836 bytes: 48 02 b3 ff 01 00 30 00 02 00 30 00 d1 08 1d 00 58 ff 90 01
y11: client 2: request 37 opcode 72 len 261836 bytes: 48 02 b3 ff 01 00 30 00 02 00 30 00 d1 08 1d 00 58 ff ad 01
y11: client 2: request 38 opcode 72 len 261836 bytes: 48 02 b3 ff 01 00 30 00 02 00 30 00 d1 08 1d 00 58 ff ca 01
y11: client 2: request 39 opcode 72 len 261836 bytes: 48 02 b3 ff 01 00 30 00 02 00 30 00 d1 08 1d 00 58 ff e7 01
y11: client 2: request 40 opcode 72 len 261836 bytes: 48 02 b3 ff 01 00 30 00 02 00 30 00 d1 08 1d 00 58 ff 04 02
y11: client 2: request 41 opcode 72 len 261836 bytes: 48 02 b3 ff 01 00 30 00 02 00 30 00 d1 08 1d 00 58 ff 21 02
y11: client 2: request 42 opcode 72 len 261836 bytes: 48 02 b3 ff 01 00 30 00 02 00 30 00 d1 08 1d 00 58 ff 3e 02
y11: client 2: request 43 opcode 72 len 261836 bytes: 48 02 b3 ff 01 00 30 00 02 00 30 00 d1 08 1d 00 58 ff 5b 02
y11: client 2: request 44 opcode 72 len 261836 bytes: 48 02 b3 ff 01 00 30 00 02 00 30 00 d1 08 1d 00 58 ff 78 02
y11: client 2: request 45 opcode 72 len 261836 bytes: 48 02 b3 ff 01 00 30 00 02 00 30 00 d1 08 1d 00 58 ff 95 02
y11: client 2: request 46 opcode 72 len 261836 bytes: 48 02 b3 ff 01 00 30 00 02 00 30 00 d1 08 1d 00 58 ff b2 02
y11: client 2: request 47 opcode 72 len 261836 bytes: 48 02 b3 ff 01 00 30 00 02 00 30 00 d1 08 1d 00 58 ff cf 02
y11: client 2: request 48 opcode 72 len 261836 bytes: 48 02 b3 ff 01 00 30 00 02 00 30 00 d1 08 1d 00 58 ff ec 02
y11: client 2: request 49 opcode 72 len 261836 bytes: 48 02 b3 ff 01 00 30 00 02 00 30 00 d1 08 1d 00 58 ff 09 03
y11: client 2: request 50 opcode 72 len 261836 bytes: 48 02 b3 ff 01 00 30 00 02 00 30 00 d1 08 1d 00 58 ff 26 03
y11: client 2: request 51 opcode 72 len 261836 bytes: 48 02 b3 ff 01 00 30 00 02 00 30 00 d1 08 1d 00 58 ff 43 03
y11: client 2: request 52 opcode 72 len 261836 bytes: 48 02 b3 ff 01 00 30 00 02 00 30 00 d1 08 1d 00 58 ff 60 03
y11: client 2: request 53 opcode 72 len 261836 bytes: 48 02 b3 ff 01 00 30 00 02 00 30 00 d1 08 1d 00 58 ff 7d 03
y11: client 2: request 54 opcode 72 len 261836 bytes: 48 02 b3 ff 01 00 30 00 02 00 30 00 d1 08 1d 00 58 ff 9a 03
y11: client 2: request 55 opcode 72 len 261836 bytes: 48 02 b3 ff 01 00 30 00 02 00 30 00 d1 08 1d 00 58 ff b7 03
y11: client 2: request 56 opcode 72 len 261836 bytes: 48 02 b3 ff 01 00 30 00 02 00 30 00 d1 08 1d 00 58 ff d4 03
y11: client 2: request 57 opcode 72 len 261836 bytes: 48 02 b3 ff 01 00 30 00 02 00 30 00 d1 08 1d 00 58 ff f1 03
y11: client 2: request 58 opcode 72 len 261836 bytes: 48 02 b3 ff 01 00 30 00 02 00 30 00 d1 08 1d 00 58 ff 0e 04
y11: client 2: request 59 opcode 72 len 261836 bytes: 48 02 b3 ff 01 00 30 00 02 00 30 00 d1 08 1d 00 58 ff 2b 04
y11: client 2: request 60 opcode 72 len 261836 bytes: 48 02 b3 ff 01 00 30 00 02 00 30 00 d1 08 1d 00 58 ff 48 04
y11: client 2: request 61 opcode 72 len 261836 bytes: 48 02 b3 ff 01 00 30 00 02 00 30 00 d1 08 1d 00 58 ff 65 04
y11: client 2: request 62 opcode 72 len 261836 bytes: 48 02 b3 ff 01 00 30 00 02 00 30 00 d1 08 1d 00 58 ff 82 04
y11: client 2: request 63 opcode 72 len 261836 bytes: 48 02 b3 ff 01 00 30 00 02 00 30 00 d1 08 1d 00 58 ff 9f 04
y11: client 2: request 64 opcode 72 len 261836 bytes: 48 02 b3 ff 01 00 30 00 02 00 30 00 d1 08 1d 00 58 ff bc 04
y11: client 2: request 65 opcode 72 len 171556 bytes: 48 02 89 a7 01 00 30 00 02 00 30 00 d1 08 13 00 58 ff d9 04
y11: client 2: request 66 opcode 2 len 16 bytes: 02 00 04 00 21 00 00 00 01 00 00 00 01 00 30 00
y11: client 2: request 67 opcode 61 len 16 bytes: 3d 00 04 00 21 00 00 00 00 00 00 00 00 00 00 00
y11: client 0: event type 12
y11: client 2: request 68 opcode 1 len 40 bytes: 01 00 0a 00 04 00 30 00 21 00 00 00 9c ff 9c ff 01 00 01 00
y11: client 0: event type 16
y11: client 2: request 69 opcode 18 len 28 bytes: 12 00 07 00 21 00 00 00 5e 00 00 00 14 00 00 00 20 00 00 00
y11: client 0: event type 28
y11: client 2: request 70 opcode 18 len 28 bytes: 12 00 07 00 21 00 00 00 5f 00 00 00 21 00 00 00 20 00 00 00
y11: client 0: event type 28
y11: client 2: request 71 opcode 60 len 8 bytes: 3c 00 02 00 00 00 30 00
y11: client 2: request 72 opcode 43 len 4 bytes: 2b 00 01 00
y11: client 2: reply seq 72 len 32
y11: client 2: disconnect
y11: client 0: event type 17
y11: client 0: request 424 opcode 70 len 20 bytes: 46 00 05 00 01 00 10 00 02 00 10 00 22 02 00 00 5e 05 2a 00
y11: client 0: request 425 opcode 139 len 20 bytes: 8b 04 05 00 18 00 10 00 01 00 10 00 02 01 00 00 00 00 00 00
y11: client 0: request 426 opcode 139 len 40 bytes: 8b 18 0a 00 03 00 10 00 11 00 10 00 18 00 10 00 03 01 00 00
y11: client 0: request 427 opcode 139 len 104 bytes: 8b 17 1a 00 03 00 00 00 11 00 10 00 18 00 10 00 03 01 00 00
y11: client 0: request 428 opcode 139 len 40 bytes: 8b 18 0a 00 03 00 00 00 11 00 10 00 18 00 10 00 03 01 00 00
y11: client 0: request 429 opcode 139 len 68 bytes: 8b 17 11 00 03 00 00 00 11 00 10 00 18 00 10 00 03 01 00 00
y11: client 0: request 430 opcode 139 len 8 bytes: 8b 07 02 00 18 00 10 00
y11: client 0: request 431 opcode 56 len 16 bytes: 38 00 04 00 02 00 10 00 04 00 00 00 98 98 a4 00
y11: client 0: request 432 opcode 70 len 20 bytes: 46 00 05 00 01 00 10 00 02 00 10 00 00 00 00 00 30 00 2a 00
y11: client 0: request 433 opcode 139 len 20 bytes: 8b 04 05 00 19 00 10 00 01 00 10 00 02 01 00 00 00 00 00 00
y11: client 0: request 434 opcode 139 len 40 bytes: 8b 17 0a 00 03 00 0c 01 11 00 10 00 19 00 10 00 03 01 00 00
y11: client 0: request 435 opcode 139 len 8 bytes: 8b 07 02 00 19 00 10 00
y11: client 0: request 436 opcode 56 len 16 bytes: 38 00 04 00 02 00 10 00 04 00 00 00 19 15 0a 00
y11: client 0: request 437 opcode 70 len 28 bytes: 46 00 07 00 01 00 10 00 02 00 10 00 30 00 00 00 22 00 2a 00
y11: client 0: request 438 opcode 62 len 28 bytes: 3e 00 07 00 01 00 10 00 0d 00 10 00 02 00 10 00 00 00 00 00
y11: client 0: request 439 opcode 43 len 4 bytes: 2b 00 01 00
y11: client 0: reply seq 439 len 32
y11: client 1: request 1 opcode 98 len 20 bytes: 62 00 05 00 0c 00 00 00 42 49 47 2d 52 45 51 55 45 53 54 53
y11: client 1: reply seq 1 len 32
y11: client 1: request 2 opcode 128 len 4 bytes: 80 00 01 00
y11: client 1: reply seq 2 len 32
y11: client 1: request 3 opcode 55 len 20 bytes: 37 00 05 00 00 00 20 00 21 00 00 00 08 00 00 00 ff ff ff 00
y11: client 1: request 4 opcode 20 len 24 bytes: 14 00 06 00 21 00 00 00 17 00 00 00 1f 00 00 00 00 00 00 00
y11: client 1: reply seq 4 len 32
y11: client 1: request 5 opcode 98 len 20 bytes: 62 00 05 00 09 00 20 00 58 4b 45 59 42 4f 41 52 44 00 00 00
y11: client 1: reply seq 5 len 32
y11: client 1: request 6 opcode 99 len 4 bytes: 63 00 01 00
y11: client 1: reply seq 6 len 32
y11: client 1: request 7 opcode 18 len 668 bytes: 12 00 a7 00 21 00 00 00 17 00 00 00 1f 00 00 00 08 ff ff 00
y11: client 0: event type 28
y11: client 1: request 8 opcode 60 len 8 bytes: 3c 00 02 00 00 00 20 00
y11: client 1: request 9 opcode 43 len 4 bytes: 2b 00 01 00
y11: client 1: reply seq 9 len 32
y11: client 1: disconnect
y11: client 1: request 1 opcode 98 len 20 bytes: 62 00 05 00 0c 00 00 00 42 49 47 2d 52 45 51 55 45 53 54 53
y11: client 1: reply seq 1 len 32
y11: client 1: request 2 opcode 128 len 4 bytes: 80 00 01 00
y11: client 1: reply seq 2 len 32
y11: client 1: request 3 opcode 55 len 20 bytes: 37 00 05 00 00 00 20 00 21 00 00 00 08 00 00 00 ff ff ff 00
y11: client 1: request 4 opcode 20 len 24 bytes: 14 00 06 00 21 00 00 00 17 00 00 00 1f 00 00 00 00 00 00 00
y11: client 1: reply seq 4 len 32
y11: client 1: request 5 opcode 98 len 20 bytes: 62 00 05 00 09 00 20 00 58 4b 45 59 42 4f 41 52 44 00 00 00
y11: client 1: reply seq 5 len 32
y11: client 1: request 6 opcode 18 len 128 bytes: 12 00 20 00 21 00 00 00 27 00 00 00 1f 00 00 00 08 ff ff 00
y11: client 0: event type 28
y11: client 1: request 7 opcode 60 len 8 bytes: 3c 00 02 00 00 00 20 00
y11: client 1: request 8 opcode 43 len 4 bytes: 2b 00 01 00
y11: client 1: reply seq 8 len 32
y11: client 1: disconnect
y11: client 0: request 440 opcode 20 len 24 bytes: 14 00 06 00 21 00 00 00 27 00 00 00 00 00 00 00 00 00 00 00
y11: client 0: reply seq 440 len 32
y11: client 0: request 441 opcode 70 len 20 bytes: 46 00 05 00 01 00 10 00 02 00 10 00 14 02 00 00 6c 05 2a 00
y11: client 0: request 442 opcode 139 len 20 bytes: 8b 04 05 00 1a 00 10 00 01 00 10 00 02 01 00 00 00 00 00 00
y11: client 0: request 443 opcode 139 len 40 bytes: 8b 18 0a 00 03 00 10 00 11 00 10 00 1a 00 10 00 03 01 00 00
y11: client 0: request 444 opcode 139 len 104 bytes: 8b 17 1a 00 03 00 00 00 11 00 10 00 1a 00 10 00 03 01 00 00
y11: client 0: request 445 opcode 139 len 40 bytes: 8b 18 0a 00 03 00 00 00 11 00 10 00 1a 00 10 00 03 01 00 00
y11: client 0: request 446 opcode 139 len 68 bytes: 8b 17 11 00 03 00 00 00 11 00 10 00 1a 00 10 00 03 01 00 00
y11: client 0: request 447 opcode 139 len 8 bytes: 8b 07 02 00 1a 00 10 00
y11: client 0: request 448 opcode 56 len 16 bytes: 38 00 04 00 02 00 10 00 04 00 00 00 98 98 a4 00
y11: client 0: request 449 opcode 70 len 20 bytes: 46 00 05 00 01 00 10 00 02 00 10 00 00 00 00 00 30 00 2a 00
y11: client 0: request 450 opcode 139 len 20 bytes: 8b 04 05 00 1b 00 10 00 01 00 10 00 02 01 00 00 00 00 00 00
y11: client 0: request 451 opcode 139 len 40 bytes: 8b 17 0a 00 03 00 0c 01 11 00 10 00 1b 00 10 00 03 01 00 00
y11: client 0: request 452 opcode 139 len 8 bytes: 8b 07 02 00 1b 00 10 00
y11: client 0: request 453 opcode 56 len 16 bytes: 38 00 04 00 02 00 10 00 04 00 00 00 19 15 0a 00
y11: client 0: request 454 opcode 70 len 28 bytes: 46 00 07 00 01 00 10 00 02 00 10 00 30 00 00 00 22 00 2a 00
y11: client 0: request 455 opcode 62 len 28 bytes: 3e 00 07 00 01 00 10 00 0d 00 10 00 02 00 10 00 00 00 00 00
y11: client 0: request 456 opcode 43 len 4 bytes: 2b 00 01 00
y11: client 0: reply seq 456 len 32
y11: client 1: request 1 opcode 98 len 20 bytes: 62 00 05 00 0c 00 00 00 42 49 47 2d 52 45 51 55 45 53 54 53
y11: client 1: reply seq 1 len 32
y11: client 1: request 2 opcode 128 len 4 bytes: 80 00 01 00
y11: client 1: reply seq 2 len 32
y11: client 1: request 3 opcode 55 len 20 bytes: 37 00 05 00 00 00 20 00 21 00 00 00 08 00 00 00 ff ff ff 00
y11: client 1: request 4 opcode 20 len 24 bytes: 14 00 06 00 21 00 00 00 17 00 00 00 1f 00 00 00 00 00 00 00
y11: client 1: reply seq 4 len 32
y11: client 1: request 5 opcode 98 len 20 bytes: 62 00 05 00 09 00 20 00 58 4b 45 59 42 4f 41 52 44 00 00 00
y11: client 1: reply seq 5 len 32
y11: client 1: request 6 opcode 99 len 4 bytes: 63 00 01 00
y11: client 1: reply seq 6 len 32
y11: client 2: request 1 opcode 98 len 20 bytes: 62 00 05 00 0c 00 00 00 42 49 47 2d 52 45 51 55 45 53 54 53
y11: client 2: reply seq 1 len 32
y11: client 2: request 2 opcode 128 len 4 bytes: 80 00 01 00
y11: client 2: reply seq 2 len 32
y11: client 2: request 3 opcode 55 len 20 bytes: 37 00 05 00 00 00 30 00 21 00 00 00 08 00 00 00 ff ff ff 00
y11: client 2: request 4 opcode 20 len 24 bytes: 14 00 06 00 21 00 00 00 17 00 00 00 1f 00 00 00 00 00 00 00
y11: client 2: reply seq 4 len 32
y11: client 1: request 7 opcode 18 len 668 bytes: 12 00 a7 00 21 00 00 00 17 00 00 00 1f 00 00 00 08 ff ff 00
y11: client 0: event type 28
y11: client 1: request 8 opcode 60 len 8 bytes: 3c 00 02 00 00 00 20 00
y11: client 1: request 9 opcode 43 len 4 bytes: 2b 00 01 00
y11: client 1: reply seq 9 len 32
y11: client 2: request 5 opcode 98 len 20 bytes: 62 00 05 00 09 00 30 00 58 4b 45 59 42 4f 41 52 44 00 00 00
y11: client 2: reply seq 5 len 32
y11: client 1: disconnect
y11: client 2: request 6 opcode 16 len 24 bytes: 10 00 06 00 0d 00 30 00 5f 58 52 4f 4f 54 50 4d 41 50 5f 49
y11: client 2: reply seq 6 len 32
y11: client 2: request 7 opcode 16 len 20 bytes: 10 00 05 00 0c 00 30 00 5f 58 53 45 54 52 4f 4f 54 5f 49 44
y11: client 2: reply seq 7 len 32
y11: client 2: request 8 opcode 20 len 24 bytes: 14 00 06 00 21 00 00 00 5f 00 00 00 21 00 00 00 00 00 00 00
y11: client 2: reply seq 8 len 32
y11: client 2: request 9 opcode 113 len 8 bytes: 71 00 02 00 04 00 30 00
y11: client 2: request 10 opcode 53 len 16 bytes: 35 18 04 00 01 00 30 00 21 00 00 00 80 07 38 04
y11: client 2: request 11 opcode 98 len 16 bytes: 62 00 04 00 07 00 00 00 4d 49 54 2d 53 48 4d 00
y11: client 2: reply seq 11 len 32
y11: client 2: request 12 opcode 98 len 32 bytes: 62 00 08 00 17 00 30 00 47 65 6e 65 72 69 63 20 45 76 65 6e
y11: client 2: reply seq 12 len 32
y11: client 2: request 13 opcode 130 len 4 bytes: 82 00 01 00
y11: client 2: reply seq 13 len 32
y11: client 2: request 14 opcode 98 len 16 bytes: 62 00 04 00 07 00 00 00 4d 49 54 2d 53 48 4d 00
y11: client 2: reply seq 14 len 32
y11: client 2: request 15 opcode 130 len 16 bytes: 82 07 04 00 03 00 30 00 80 5e c6 00 00 00 00 00
y11: client 2: error code 1 res 0x7 major 130
y11: client 2: reply seq 15 len 32
y11: client 2: request 16 opcode 55 len 20 bytes: 37 00 05 00 02 00 30 00 01 00 30 00 00 00 01 00 00 00 00 00
y11: client 2: request 17 opcode 72 len 261836 bytes: 48 02 b3 ff 01 00 30 00 02 00 30 00 d1 08 1d 00 58 ff 4c ff
y11: client 2: request 18 opcode 72 len 261836 bytes: 48 02 b3 ff 01 00 30 00 02 00 30 00 d1 08 1d 00 58 ff 69 ff
y11: client 2: request 19 opcode 72 len 261836 bytes: 48 02 b3 ff 01 00 30 00 02 00 30 00 d1 08 1d 00 58 ff 86 ff
y11: client 2: request 20 opcode 72 len 261836 bytes: 48 02 b3 ff 01 00 30 00 02 00 30 00 d1 08 1d 00 58 ff a3 ff
y11: client 2: request 21 opcode 72 len 261836 bytes: 48 02 b3 ff 01 00 30 00 02 00 30 00 d1 08 1d 00 58 ff c0 ff
y11: client 2: request 22 opcode 72 len 261836 bytes: 48 02 b3 ff 01 00 30 00 02 00 30 00 d1 08 1d 00 58 ff dd ff
y11: client 2: request 23 opcode 72 len 261836 bytes: 48 02 b3 ff 01 00 30 00 02 00 30 00 d1 08 1d 00 58 ff fa ff
y11: client 2: request 24 opcode 72 len 261836 bytes: 48 02 b3 ff 01 00 30 00 02 00 30 00 d1 08 1d 00 58 ff 17 00
y11: client 2: request 25 opcode 72 len 261836 bytes: 48 02 b3 ff 01 00 30 00 02 00 30 00 d1 08 1d 00 58 ff 34 00
y11: client 2: request 26 opcode 72 len 261836 bytes: 48 02 b3 ff 01 00 30 00 02 00 30 00 d1 08 1d 00 58 ff 51 00
y11: client 2: request 27 opcode 72 len 261836 bytes: 48 02 b3 ff 01 00 30 00 02 00 30 00 d1 08 1d 00 58 ff 6e 00
y11: client 2: request 28 opcode 72 len 261836 bytes: 48 02 b3 ff 01 00 30 00 02 00 30 00 d1 08 1d 00 58 ff 8b 00
y11: client 2: request 29 opcode 72 len 261836 bytes: 48 02 b3 ff 01 00 30 00 02 00 30 00 d1 08 1d 00 58 ff a8 00
y11: client 2: request 30 opcode 72 len 261836 bytes: 48 02 b3 ff 01 00 30 00 02 00 30 00 d1 08 1d 00 58 ff c5 00
y11: client 2: request 31 opcode 72 len 261836 bytes: 48 02 b3 ff 01 00 30 00 02 00 30 00 d1 08 1d 00 58 ff e2 00
y11: client 2: request 32 opcode 72 len 261836 bytes: 48 02 b3 ff 01 00 30 00 02 00 30 00 d1 08 1d 00 58 ff ff 00
y11: client 2: request 33 opcode 72 len 261836 bytes: 48 02 b3 ff 01 00 30 00 02 00 30 00 d1 08 1d 00 58 ff 1c 01
y11: client 2: request 34 opcode 72 len 261836 bytes: 48 02 b3 ff 01 00 30 00 02 00 30 00 d1 08 1d 00 58 ff 39 01
y11: client 2: request 35 opcode 72 len 261836 bytes: 48 02 b3 ff 01 00 30 00 02 00 30 00 d1 08 1d 00 58 ff 56 01
y11: client 2: request 36 opcode 72 len 261836 bytes: 48 02 b3 ff 01 00 30 00 02 00 30 00 d1 08 1d 00 58 ff 73 01
y11: client 2: request 37 opcode 72 len 261836 bytes: 48 02 b3 ff 01 00 30 00 02 00 30 00 d1 08 1d 00 58 ff 90 01
y11: client 2: request 38 opcode 72 len 261836 bytes: 48 02 b3 ff 01 00 30 00 02 00 30 00 d1 08 1d 00 58 ff ad 01
y11: client 2: request 39 opcode 72 len 261836 bytes: 48 02 b3 ff 01 00 30 00 02 00 30 00 d1 08 1d 00 58 ff ca 01
y11: client 2: request 40 opcode 72 len 261836 bytes: 48 02 b3 ff 01 00 30 00 02 00 30 00 d1 08 1d 00 58 ff e7 01
y11: client 2: request 41 opcode 72 len 261836 bytes: 48 02 b3 ff 01 00 30 00 02 00 30 00 d1 08 1d 00 58 ff 04 02
y11: client 2: request 42 opcode 72 len 261836 bytes: 48 02 b3 ff 01 00 30 00 02 00 30 00 d1 08 1d 00 58 ff 21 02
y11: client 2: request 43 opcode 72 len 261836 bytes: 48 02 b3 ff 01 00 30 00 02 00 30 00 d1 08 1d 00 58 ff 3e 02
y11: client 2: request 44 opcode 72 len 261836 bytes: 48 02 b3 ff 01 00 30 00 02 00 30 00 d1 08 1d 00 58 ff 5b 02
y11: client 2: request 45 opcode 72 len 261836 bytes: 48 02 b3 ff 01 00 30 00 02 00 30 00 d1 08 1d 00 58 ff 78 02
y11: client 2: request 46 opcode 72 len 261836 bytes: 48 02 b3 ff 01 00 30 00 02 00 30 00 d1 08 1d 00 58 ff 95 02
y11: client 2: request 47 opcode 72 len 261836 bytes: 48 02 b3 ff 01 00 30 00 02 00 30 00 d1 08 1d 00 58 ff b2 02
y11: client 2: request 48 opcode 72 len 261836 bytes: 48 02 b3 ff 01 00 30 00 02 00 30 00 d1 08 1d 00 58 ff cf 02
y11: client 2: request 49 opcode 72 len 261836 bytes: 48 02 b3 ff 01 00 30 00 02 00 30 00 d1 08 1d 00 58 ff ec 02
y11: client 2: request 50 opcode 72 len 261836 bytes: 48 02 b3 ff 01 00 30 00 02 00 30 00 d1 08 1d 00 58 ff 09 03
y11: client 2: request 51 opcode 72 len 261836 bytes: 48 02 b3 ff 01 00 30 00 02 00 30 00 d1 08 1d 00 58 ff 26 03
y11: client 2: request 52 opcode 72 len 261836 bytes: 48 02 b3 ff 01 00 30 00 02 00 30 00 d1 08 1d 00 58 ff 43 03
y11: client 2: request 53 opcode 72 len 261836 bytes: 48 02 b3 ff 01 00 30 00 02 00 30 00 d1 08 1d 00 58 ff 60 03
y11: client 2: request 54 opcode 72 len 261836 bytes: 48 02 b3 ff 01 00 30 00 02 00 30 00 d1 08 1d 00 58 ff 7d 03
y11: client 2: request 55 opcode 72 len 261836 bytes: 48 02 b3 ff 01 00 30 00 02 00 30 00 d1 08 1d 00 58 ff 9a 03
y11: client 2: request 56 opcode 72 len 261836 bytes: 48 02 b3 ff 01 00 30 00 02 00 30 00 d1 08 1d 00 58 ff b7 03
y11: client 2: request 57 opcode 72 len 261836 bytes: 48 02 b3 ff 01 00 30 00 02 00 30 00 d1 08 1d 00 58 ff d4 03
y11: client 2: request 58 opcode 72 len 261836 bytes: 48 02 b3 ff 01 00 30 00 02 00 30 00 d1 08 1d 00 58 ff f1 03
y11: client 2: request 59 opcode 72 len 261836 bytes: 48 02 b3 ff 01 00 30 00 02 00 30 00 d1 08 1d 00 58 ff 0e 04
y11: client 2: request 60 opcode 72 len 261836 bytes: 48 02 b3 ff 01 00 30 00 02 00 30 00 d1 08 1d 00 58 ff 2b 04
y11: client 2: request 61 opcode 72 len 261836 bytes: 48 02 b3 ff 01 00 30 00 02 00 30 00 d1 08 1d 00 58 ff 48 04
y11: client 2: request 62 opcode 72 len 261836 bytes: 48 02 b3 ff 01 00 30 00 02 00 30 00 d1 08 1d 00 58 ff 65 04
y11: client 2: request 63 opcode 72 len 261836 bytes: 48 02 b3 ff 01 00 30 00 02 00 30 00 d1 08 1d 00 58 ff 82 04
y11: client 2: request 64 opcode 72 len 261836 bytes: 48 02 b3 ff 01 00 30 00 02 00 30 00 d1 08 1d 00 58 ff 9f 04
y11: client 2: request 65 opcode 72 len 261836 bytes: 48 02 b3 ff 01 00 30 00 02 00 30 00 d1 08 1d 00 58 ff bc 04
y11: client 2: request 66 opcode 72 len 171556 bytes: 48 02 89 a7 01 00 30 00 02 00 30 00 d1 08 13 00 58 ff d9 04
y11: client 2: request 67 opcode 2 len 16 bytes: 02 00 04 00 21 00 00 00 01 00 00 00 01 00 30 00
y11: client 2: request 68 opcode 61 len 16 bytes: 3d 00 04 00 21 00 00 00 00 00 00 00 00 00 00 00
y11: client 0: event type 12
y11: client 2: request 69 opcode 1 len 40 bytes: 01 00 0a 00 04 00 30 00 21 00 00 00 9c ff 9c ff 01 00 01 00
y11: client 0: event type 16
y11: client 2: request 70 opcode 18 len 28 bytes: 12 00 07 00 21 00 00 00 5e 00 00 00 14 00 00 00 20 00 00 00
y11: client 0: event type 28
y11: client 2: request 71 opcode 18 len 28 bytes: 12 00 07 00 21 00 00 00 5f 00 00 00 21 00 00 00 20 00 00 00
y11: client 0: event type 28
y11: client 2: request 72 opcode 60 len 8 bytes: 3c 00 02 00 00 00 30 00
y11: client 2: request 73 opcode 43 len 4 bytes: 2b 00 01 00
y11: client 2: reply seq 73 len 32
y11: client 2: disconnect
y11: client 0: event type 17
y11: client 0: request 457 opcode 70 len 20 bytes: 46 00 05 00 01 00 10 00 02 00 10 00 14 02 00 00 6c 05 2a 00
y11: client 0: request 458 opcode 139 len 20 bytes: 8b 04 05 00 1c 00 10 00 01 00 10 00 02 01 00 00 00 00 00 00
y11: client 0: request 459 opcode 139 len 40 bytes: 8b 18 0a 00 03 00 10 00 11 00 10 00 1c 00 10 00 03 01 00 00
y11: client 0: request 460 opcode 139 len 104 bytes: 8b 17 1a 00 03 00 00 00 11 00 10 00 1c 00 10 00 03 01 00 00
y11: client 0: request 461 opcode 139 len 40 bytes: 8b 18 0a 00 03 00 00 00 11 00 10 00 1c 00 10 00 03 01 00 00
y11: client 0: request 462 opcode 139 len 68 bytes: 8b 17 11 00 03 00 00 00 11 00 10 00 1c 00 10 00 03 01 00 00
y11: client 0: request 463 opcode 139 len 8 bytes: 8b 07 02 00 1c 00 10 00
y11: client 0: request 464 opcode 56 len 16 bytes: 38 00 04 00 02 00 10 00 04 00 00 00 98 98 a4 00
y11: client 0: request 465 opcode 70 len 20 bytes: 46 00 05 00 01 00 10 00 02 00 10 00 00 00 00 00 30 00 2a 00
y11: client 0: request 466 opcode 139 len 20 bytes: 8b 04 05 00 1d 00 10 00 01 00 10 00 02 01 00 00 00 00 00 00
y11: client 0: request 467 opcode 139 len 40 bytes: 8b 17 0a 00 03 00 0c 01 11 00 10 00 1d 00 10 00 03 01 00 00
y11: client 0: request 468 opcode 139 len 8 bytes: 8b 07 02 00 1d 00 10 00
y11: client 0: request 469 opcode 56 len 16 bytes: 38 00 04 00 02 00 10 00 04 00 00 00 19 15 0a 00
y11: client 0: request 470 opcode 70 len 28 bytes: 46 00 07 00 01 00 10 00 02 00 10 00 30 00 00 00 22 00 2a 00
y11: client 0: request 471 opcode 62 len 28 bytes: 3e 00 07 00 01 00 10 00 0d 00 10 00 02 00 10 00 00 00 00 00
y11: client 0: request 472 opcode 43 len 4 bytes: 2b 00 01 00
y11: client 0: reply seq 472 len 32
y11: client 3: disconnect
y11: client 1: request 1 opcode 98 len 20 bytes: 62 00 05 00 0c 00 00 00 42 49 47 2d 52 45 51 55 45 53 54 53
y11: client 1: reply seq 1 len 32
y11: client 1: request 2 opcode 128 len 4 bytes: 80 00 01 00
y11: client 1: reply seq 2 len 32
y11: client 1: request 3 opcode 55 len 20 bytes: 37 00 05 00 00 00 20 00 21 00 00 00 08 00 00 00 ff ff ff 00
y11: client 1: request 4 opcode 20 len 24 bytes: 14 00 06 00 21 00 00 00 17 00 00 00 1f 00 00 00 00 00 00 00
y11: client 1: reply seq 4 len 32
y11: client 1: request 5 opcode 98 len 20 bytes: 62 00 05 00 09 00 20 00 58 4b 45 59 42 4f 41 52 44 00 00 00
y11: client 1: reply seq 5 len 32
y11: client 1: request 6 opcode 18 len 128 bytes: 12 00 20 00 21 00 00 00 27 00 00 00 1f 00 00 00 08 ff ff 00
y11: client 0: event type 28
y11: client 1: request 7 opcode 60 len 8 bytes: 3c 00 02 00 00 00 20 00
y11: client 1: request 8 opcode 43 len 4 bytes: 2b 00 01 00
y11: client 1: reply seq 8 len 32
y11: client 0: request 473 opcode 20 len 24 bytes: 14 00 06 00 21 00 00 00 27 00 00 00 00 00 00 00 00 00 00 00
y11: client 0: reply seq 473 len 32
y11: client 1: disconnect
y11: client 0: request 474 opcode 70 len 20 bytes: 46 00 05 00 01 00 10 00 02 00 10 00 22 02 00 00 5e 05 2a 00
y11: client 0: request 475 opcode 139 len 20 bytes: 8b 04 05 00 1e 00 10 00 01 00 10 00 02 01 00 00 00 00 00 00
y11: client 0: request 476 opcode 139 len 40 bytes: 8b 18 0a 00 03 00 10 00 11 00 10 00 1e 00 10 00 03 01 00 00
y11: client 0: request 477 opcode 139 len 104 bytes: 8b 17 1a 00 03 00 00 00 11 00 10 00 1e 00 10 00 03 01 00 00
y11: client 0: request 478 opcode 139 len 40 bytes: 8b 18 0a 00 03 00 00 00 11 00 10 00 1e 00 10 00 03 01 00 00
y11: client 0: request 479 opcode 139 len 68 bytes: 8b 17 11 00 03 00 00 00 11 00 10 00 1e 00 10 00 03 01 00 00
y11: client 0: request 480 opcode 139 len 8 bytes: 8b 07 02 00 1e 00 10 00
y11: client 0: request 481 opcode 56 len 16 bytes: 38 00 04 00 02 00 10 00 04 00 00 00 98 98 a4 00
y11: client 0: request 482 opcode 70 len 20 bytes: 46 00 05 00 01 00 10 00 02 00 10 00 00 00 00 00 30 00 2a 00
y11: client 0: request 483 opcode 139 len 20 bytes: 8b 04 05 00 1f 00 10 00 01 00 10 00 02 01 00 00 00 00 00 00
y11: client 0: request 484 opcode 139 len 40 bytes: 8b 17 0a 00 03 00 0c 01 11 00 10 00 1f 00 10 00 03 01 00 00
y11: client 0: request 485 opcode 139 len 8 bytes: 8b 07 02 00 1f 00 10 00
y11: client 0: request 486 opcode 56 len 16 bytes: 38 00 04 00 02 00 10 00 04 00 00 00 19 15 0a 00
y11: client 0: request 487 opcode 70 len 28 bytes: 46 00 07 00 01 00 10 00 02 00 10 00 30 00 00 00 22 00 2a 00
y11: client 0: request 488 opcode 62 len 28 bytes: 3e 00 07 00 01 00 10 00 0d 00 10 00 02 00 10 00 00 00 00 00
y11: client 0: request 489 opcode 43 len 4 bytes: 2b 00 01 00
y11: client 0: reply seq 489 len 32
y11: client 1: request 1 opcode 98 len 20 bytes: 62 00 05 00 0c 00 00 00 42 49 47 2d 52 45 51 55 45 53 54 53
y11: client 1: reply seq 1 len 32
y11: client 1: request 2 opcode 128 len 4 bytes: 80 00 01 00
y11: client 1: reply seq 2 len 32
y11: client 1: request 3 opcode 55 len 20 bytes: 37 00 05 00 00 00 20 00 21 00 00 00 08 00 00 00 ff ff ff 00
y11: client 1: request 4 opcode 20 len 24 bytes: 14 00 06 00 21 00 00 00 17 00 00 00 1f 00 00 00 00 00 00 00
y11: client 1: reply seq 4 len 32
y11: client 1: request 5 opcode 98 len 20 bytes: 62 00 05 00 09 00 20 00 58 4b 45 59 42 4f 41 52 44 00 00 00
y11: client 1: reply seq 5 len 32
y11: client 1: request 6 opcode 18 len 128 bytes: 12 00 20 00 21 00 00 00 27 00 00 00 1f 00 00 00 08 ff ff 00
y11: client 0: event type 28
y11: client 1: request 7 opcode 60 len 8 bytes: 3c 00 02 00 00 00 20 00
y11: client 1: request 8 opcode 43 len 4 bytes: 2b 00 01 00
y11: client 1: reply seq 8 len 32
y11: client 1: disconnect
y11: client 0: request 490 opcode 20 len 24 bytes: 14 00 06 00 21 00 00 00 27 00 00 00 00 00 00 00 00 00 00 00
y11: client 0: reply seq 490 len 32
y11: client 0: request 491 opcode 70 len 20 bytes: 46 00 05 00 01 00 10 00 02 00 10 00 22 02 00 00 5e 05 2a 00
y11: client 0: request 492 opcode 139 len 20 bytes: 8b 04 05 00 20 00 10 00 01 00 10 00 02 01 00 00 00 00 00 00
y11: client 0: request 493 opcode 139 len 40 bytes: 8b 18 0a 00 03 00 10 00 11 00 10 00 20 00 10 00 03 01 00 00
y11: client 0: request 494 opcode 139 len 104 bytes: 8b 17 1a 00 03 00 00 00 11 00 10 00 20 00 10 00 03 01 00 00
y11: client 0: request 495 opcode 139 len 40 bytes: 8b 18 0a 00 03 00 00 00 11 00 10 00 20 00 10 00 03 01 00 00
y11: client 0: request 496 opcode 139 len 68 bytes: 8b 17 11 00 03 00 00 00 11 00 10 00 20 00 10 00 03 01 00 00
y11: client 0: request 497 opcode 139 len 8 bytes: 8b 07 02 00 20 00 10 00
y11: client 0: request 498 opcode 56 len 16 bytes: 38 00 04 00 02 00 10 00 04 00 00 00 98 98 a4 00
y11: client 0: request 499 opcode 70 len 20 bytes: 46 00 05 00 01 00 10 00 02 00 10 00 00 00 00 00 30 00 2a 00
y11: client 0: request 500 opcode 139 len 20 bytes: 8b 04 05 00 21 00 10 00 01 00 10 00 02 01 00 00 00 00 00 00
y11: client 0: request 501 opcode 139 len 40 bytes: 8b 17 0a 00 03 00 0c 01 11 00 10 00 21 00 10 00 03 01 00 00
y11: client 0: request 502 opcode 139 len 8 bytes: 8b 07 02 00 21 00 10 00
y11: client 0: request 503 opcode 56 len 16 bytes: 38 00 04 00 02 00 10 00 04 00 00 00 19 15 0a 00
y11: client 0: request 504 opcode 70 len 28 bytes: 46 00 07 00 01 00 10 00 02 00 10 00 30 00 00 00 22 00 2a 00
y11: client 0: request 505 opcode 62 len 28 bytes: 3e 00 07 00 01 00 10 00 0d 00 10 00 02 00 10 00 00 00 00 00
y11: client 0: request 506 opcode 43 len 4 bytes: 2b 00 01 00
y11: client 0: reply seq 506 len 32
y11: client 1: request 1 opcode 98 len 20 bytes: 62 00 05 00 0c 00 00 00 42 49 47 2d 52 45 51 55 45 53 54 53
y11: client 1: reply seq 1 len 32
y11: client 1: request 2 opcode 128 len 4 bytes: 80 00 01 00
y11: client 1: reply seq 2 len 32
y11: client 1: request 3 opcode 55 len 20 bytes: 37 00 05 00 00 00 20 00 21 00 00 00 08 00 00 00 ff ff ff 00
y11: client 1: request 4 opcode 20 len 24 bytes: 14 00 06 00 21 00 00 00 17 00 00 00 1f 00 00 00 00 00 00 00
y11: client 1: reply seq 4 len 32
y11: client 1: request 5 opcode 98 len 20 bytes: 62 00 05 00 09 00 20 00 58 4b 45 59 42 4f 41 52 44 00 00 00
y11: client 1: reply seq 5 len 32
y11: client 1: request 6 opcode 18 len 128 bytes: 12 00 20 00 21 00 00 00 27 00 00 00 1f 00 00 00 08 ff ff 00
y11: client 0: event type 28
y11: client 1: request 7 opcode 60 len 8 bytes: 3c 00 02 00 00 00 20 00
y11: client 1: request 8 opcode 43 len 4 bytes: 2b 00 01 00
y11: client 1: reply seq 8 len 32
y11: client 1: disconnect
y11: client 0: request 507 opcode 20 len 24 bytes: 14 00 06 00 21 00 00 00 27 00 00 00 00 00 00 00 00 00 00 00
y11: client 0: reply seq 507 len 32
y11: client 0: request 508 opcode 70 len 20 bytes: 46 00 05 00 01 00 10 00 02 00 10 00 22 02 00 00 5e 05 2a 00
y11: client 0: request 509 opcode 139 len 20 bytes: 8b 04 05 00 22 00 10 00 01 00 10 00 02 01 00 00 00 00 00 00
y11: client 0: request 510 opcode 139 len 40 bytes: 8b 18 0a 00 03 00 10 00 11 00 10 00 22 00 10 00 03 01 00 00
y11: client 0: request 511 opcode 139 len 104 bytes: 8b 17 1a 00 03 00 00 00 11 00 10 00 22 00 10 00 03 01 00 00
y11: client 0: request 512 opcode 139 len 40 bytes: 8b 18 0a 00 03 00 00 00 11 00 10 00 22 00 10 00 03 01 00 00
y11: client 0: request 513 opcode 139 len 68 bytes: 8b 17 11 00 03 00 00 00 11 00 10 00 22 00 10 00 03 01 00 00
y11: client 0: request 514 opcode 139 len 8 bytes: 8b 07 02 00 22 00 10 00
y11: client 0: request 515 opcode 56 len 16 bytes: 38 00 04 00 02 00 10 00 04 00 00 00 98 98 a4 00
y11: client 0: request 516 opcode 70 len 20 bytes: 46 00 05 00 01 00 10 00 02 00 10 00 00 00 00 00 30 00 2a 00
y11: client 0: request 517 opcode 139 len 20 bytes: 8b 04 05 00 23 00 10 00 01 00 10 00 02 01 00 00 00 00 00 00
y11: client 0: request 518 opcode 139 len 40 bytes: 8b 17 0a 00 03 00 0c 01 11 00 10 00 23 00 10 00 03 01 00 00
y11: client 0: request 519 opcode 139 len 8 bytes: 8b 07 02 00 23 00 10 00
y11: client 0: request 520 opcode 56 len 16 bytes: 38 00 04 00 02 00 10 00 04 00 00 00 19 15 0a 00
y11: client 0: request 521 opcode 70 len 28 bytes: 46 00 07 00 01 00 10 00 02 00 10 00 30 00 00 00 22 00 2a 00
y11: client 0: request 522 opcode 62 len 28 bytes: 3e 00 07 00 01 00 10 00 0d 00 10 00 02 00 10 00 00 00 00 00
y11: client 0: request 523 opcode 43 len 4 bytes: 2b 00 01 00
y11: client 0: reply seq 523 len 32
y11: client 1: request 1 opcode 98 len 20 bytes: 62 00 05 00 0c 00 00 00 42 49 47 2d 52 45 51 55 45 53 54 53
y11: client 1: reply seq 1 len 32
y11: client 1: request 2 opcode 128 len 4 bytes: 80 00 01 00
y11: client 1: reply seq 2 len 32
y11: client 1: request 3 opcode 55 len 20 bytes: 37 00 05 00 00 00 20 00 21 00 00 00 08 00 00 00 ff ff ff 00
y11: client 1: request 4 opcode 20 len 24 bytes: 14 00 06 00 21 00 00 00 17 00 00 00 1f 00 00 00 00 00 00 00
y11: client 1: reply seq 4 len 32
y11: client 1: request 5 opcode 98 len 20 bytes: 62 00 05 00 09 00 20 00 58 4b 45 59 42 4f 41 52 44 00 00 00
y11: client 1: reply seq 5 len 32
y11: client 1: request 6 opcode 18 len 128 bytes: 12 00 20 00 21 00 00 00 27 00 00 00 1f 00 00 00 08 ff ff 00
y11: client 0: event type 28
y11: client 1: request 7 opcode 60 len 8 bytes: 3c 00 02 00 00 00 20 00
y11: client 1: request 8 opcode 43 len 4 bytes: 2b 00 01 00
y11: client 1: reply seq 8 len 32
y11: client 1: disconnect
y11: client 0: request 524 opcode 20 len 24 bytes: 14 00 06 00 21 00 00 00 27 00 00 00 00 00 00 00 00 00 00 00
y11: client 0: reply seq 524 len 32
y11: client 0: request 525 opcode 70 len 20 bytes: 46 00 05 00 01 00 10 00 02 00 10 00 22 02 00 00 5e 05 2a 00
y11: client 0: request 526 opcode 139 len 20 bytes: 8b 04 05 00 24 00 10 00 01 00 10 00 02 01 00 00 00 00 00 00
y11: client 0: request 527 opcode 139 len 40 bytes: 8b 18 0a 00 03 00 10 00 11 00 10 00 24 00 10 00 03 01 00 00
y11: client 0: request 528 opcode 139 len 104 bytes: 8b 17 1a 00 03 00 00 00 11 00 10 00 24 00 10 00 03 01 00 00
y11: client 0: request 529 opcode 139 len 40 bytes: 8b 18 0a 00 03 00 00 00 11 00 10 00 24 00 10 00 03 01 00 00
y11: client 0: request 530 opcode 139 len 68 bytes: 8b 17 11 00 03 00 00 00 11 00 10 00 24 00 10 00 03 01 00 00
y11: client 0: request 531 opcode 139 len 8 bytes: 8b 07 02 00 24 00 10 00
y11: client 0: request 532 opcode 56 len 16 bytes: 38 00 04 00 02 00 10 00 04 00 00 00 98 98 a4 00
y11: client 0: request 533 opcode 70 len 20 bytes: 46 00 05 00 01 00 10 00 02 00 10 00 00 00 00 00 30 00 2a 00
y11: client 0: request 534 opcode 139 len 20 bytes: 8b 04 05 00 25 00 10 00 01 00 10 00 02 01 00 00 00 00 00 00
y11: client 0: request 535 opcode 139 len 40 bytes: 8b 17 0a 00 03 00 0c 01 11 00 10 00 25 00 10 00 03 01 00 00
y11: client 0: request 536 opcode 139 len 8 bytes: 8b 07 02 00 25 00 10 00
y11: client 0: request 537 opcode 56 len 16 bytes: 38 00 04 00 02 00 10 00 04 00 00 00 19 15 0a 00
y11: client 0: request 538 opcode 70 len 28 bytes: 46 00 07 00 01 00 10 00 02 00 10 00 30 00 00 00 22 00 2a 00
y11: client 0: request 539 opcode 62 len 28 bytes: 3e 00 07 00 01 00 10 00 0d 00 10 00 02 00 10 00 00 00 00 00
y11: client 0: request 540 opcode 43 len 4 bytes: 2b 00 01 00
y11: client 0: reply seq 540 len 32
y11: client 1: request 1 opcode 98 len 20 bytes: 62 00 05 00 0c 00 00 00 42 49 47 2d 52 45 51 55 45 53 54 53
y11: client 1: reply seq 1 len 32
y11: client 1: request 2 opcode 128 len 4 bytes: 80 00 01 00
y11: client 1: reply seq 2 len 32
y11: client 1: request 3 opcode 55 len 20 bytes: 37 00 05 00 00 00 20 00 21 00 00 00 08 00 00 00 ff ff ff 00
y11: client 1: request 4 opcode 20 len 24 bytes: 14 00 06 00 21 00 00 00 17 00 00 00 1f 00 00 00 00 00 00 00
y11: client 1: reply seq 4 len 32
y11: client 1: request 5 opcode 98 len 20 bytes: 62 00 05 00 09 00 20 00 58 4b 45 59 42 4f 41 52 44 00 00 00
y11: client 1: reply seq 5 len 32
y11: client 1: request 6 opcode 18 len 128 bytes: 12 00 20 00 21 00 00 00 27 00 00 00 1f 00 00 00 08 ff ff 00
y11: client 0: event type 28
y11: client 1: request 7 opcode 60 len 8 bytes: 3c 00 02 00 00 00 20 00
y11: client 1: request 8 opcode 43 len 4 bytes: 2b 00 01 00
y11: client 1: reply seq 8 len 32
y11: client 0: request 541 opcode 20 len 24 bytes: 14 00 06 00 21 00 00 00 27 00 00 00 00 00 00 00 00 00 00 00
y11: client 0: reply seq 541 len 32
y11: client 1: disconnect
y11: client 0: request 542 opcode 70 len 20 bytes: 46 00 05 00 01 00 10 00 02 00 10 00 22 02 00 00 5e 05 2a 00
y11: client 0: request 543 opcode 139 len 20 bytes: 8b 04 05 00 26 00 10 00 01 00 10 00 02 01 00 00 00 00 00 00
y11: client 0: request 544 opcode 139 len 40 bytes: 8b 18 0a 00 03 00 10 00 11 00 10 00 26 00 10 00 03 01 00 00
y11: client 0: request 545 opcode 139 len 104 bytes: 8b 17 1a 00 03 00 00 00 11 00 10 00 26 00 10 00 03 01 00 00
y11: client 0: request 546 opcode 139 len 40 bytes: 8b 18 0a 00 03 00 00 00 11 00 10 00 26 00 10 00 03 01 00 00
y11: client 0: request 547 opcode 139 len 68 bytes: 8b 17 11 00 03 00 00 00 11 00 10 00 26 00 10 00 03 01 00 00
y11: client 0: request 548 opcode 139 len 8 bytes: 8b 07 02 00 26 00 10 00
y11: client 0: request 549 opcode 56 len 16 bytes: 38 00 04 00 02 00 10 00 04 00 00 00 98 98 a4 00
y11: client 0: request 550 opcode 70 len 20 bytes: 46 00 05 00 01 00 10 00 02 00 10 00 00 00 00 00 30 00 2a 00
y11: client 0: request 551 opcode 139 len 20 bytes: 8b 04 05 00 27 00 10 00 01 00 10 00 02 01 00 00 00 00 00 00
y11: client 0: request 552 opcode 139 len 40 bytes: 8b 17 0a 00 03 00 0c 01 11 00 10 00 27 00 10 00 03 01 00 00
y11: client 0: request 553 opcode 139 len 8 bytes: 8b 07 02 00 27 00 10 00
y11: client 0: request 554 opcode 56 len 16 bytes: 38 00 04 00 02 00 10 00 04 00 00 00 19 15 0a 00
y11: client 0: request 555 opcode 70 len 28 bytes: 46 00 07 00 01 00 10 00 02 00 10 00 30 00 00 00 22 00 2a 00
y11: client 0: request 556 opcode 62 len 28 bytes: 3e 00 07 00 01 00 10 00 0d 00 10 00 02 00 10 00 00 00 00 00
y11: client 0: request 557 opcode 43 len 4 bytes: 2b 00 01 00
y11: client 0: reply seq 557 len 32
y11: client 1: request 1 opcode 98 len 20 bytes: 62 00 05 00 0c 00 00 00 42 49 47 2d 52 45 51 55 45 53 54 53
y11: client 1: reply seq 1 len 32
y11: client 1: request 2 opcode 128 len 4 bytes: 80 00 01 00
y11: client 1: reply seq 2 len 32
y11: client 1: request 3 opcode 55 len 20 bytes: 37 00 05 00 00 00 20 00 21 00 00 00 08 00 00 00 ff ff ff 00
y11: client 1: request 4 opcode 20 len 24 bytes: 14 00 06 00 21 00 00 00 17 00 00 00 1f 00 00 00 00 00 00 00
y11: client 1: reply seq 4 len 32
y11: client 1: request 5 opcode 98 len 20 bytes: 62 00 05 00 09 00 20 00 58 4b 45 59 42 4f 41 52 44 00 00 00
y11: client 1: reply seq 5 len 32
y11: client 1: request 6 opcode 18 len 128 bytes: 12 00 20 00 21 00 00 00 27 00 00 00 1f 00 00 00 08 ff ff 00
y11: client 0: event type 28
y11: client 1: request 7 opcode 60 len 8 bytes: 3c 00 02 00 00 00 20 00
y11: client 1: request 8 opcode 43 len 4 bytes: 2b 00 01 00
y11: client 1: reply seq 8 len 32
y11: client 1: disconnect
y11: client 0: request 558 opcode 20 len 24 bytes: 14 00 06 00 21 00 00 00 27 00 00 00 00 00 00 00 00 00 00 00
y11: client 0: reply seq 558 len 32
y11: client 0: request 559 opcode 70 len 20 bytes: 46 00 05 00 01 00 10 00 02 00 10 00 22 02 00 00 5e 05 2a 00
y11: client 0: request 560 opcode 139 len 20 bytes: 8b 04 05 00 28 00 10 00 01 00 10 00 02 01 00 00 00 00 00 00
y11: client 0: request 561 opcode 139 len 40 bytes: 8b 18 0a 00 03 00 10 00 11 00 10 00 28 00 10 00 03 01 00 00
y11: client 0: request 562 opcode 139 len 104 bytes: 8b 17 1a 00 03 00 00 00 11 00 10 00 28 00 10 00 03 01 00 00
y11: client 0: request 563 opcode 139 len 40 bytes: 8b 18 0a 00 03 00 00 00 11 00 10 00 28 00 10 00 03 01 00 00
y11: client 0: request 564 opcode 139 len 68 bytes: 8b 17 11 00 03 00 00 00 11 00 10 00 28 00 10 00 03 01 00 00
y11: client 0: request 565 opcode 139 len 8 bytes: 8b 07 02 00 28 00 10 00
y11: client 0: request 566 opcode 56 len 16 bytes: 38 00 04 00 02 00 10 00 04 00 00 00 98 98 a4 00
y11: client 0: request 567 opcode 70 len 20 bytes: 46 00 05 00 01 00 10 00 02 00 10 00 00 00 00 00 30 00 2a 00
y11: client 0: request 568 opcode 139 len 20 bytes: 8b 04 05 00 29 00 10 00 01 00 10 00 02 01 00 00 00 00 00 00
y11: client 0: request 569 opcode 139 len 40 bytes: 8b 17 0a 00 03 00 0c 01 11 00 10 00 29 00 10 00 03 01 00 00
y11: client 0: request 570 opcode 139 len 8 bytes: 8b 07 02 00 29 00 10 00
y11: client 0: request 571 opcode 56 len 16 bytes: 38 00 04 00 02 00 10 00 04 00 00 00 19 15 0a 00
y11: client 0: request 572 opcode 70 len 28 bytes: 46 00 07 00 01 00 10 00 02 00 10 00 30 00 00 00 22 00 2a 00
y11: client 0: request 573 opcode 62 len 28 bytes: 3e 00 07 00 01 00 10 00 0d 00 10 00 02 00 10 00 00 00 00 00
y11: client 0: request 574 opcode 43 len 4 bytes: 2b 00 01 00
y11: client 0: reply seq 574 len 32
y11: client 1: request 1 opcode 98 len 20 bytes: 62 00 05 00 0c 00 00 00 42 49 47 2d 52 45 51 55 45 53 54 53
y11: client 1: reply seq 1 len 32
y11: client 1: request 2 opcode 128 len 4 bytes: 80 00 01 00
y11: client 1: reply seq 2 len 32
y11: client 1: request 3 opcode 55 len 20 bytes: 37 00 05 00 00 00 20 00 21 00 00 00 08 00 00 00 ff ff ff 00
y11: client 1: request 4 opcode 20 len 24 bytes: 14 00 06 00 21 00 00 00 17 00 00 00 1f 00 00 00 00 00 00 00
y11: client 1: reply seq 4 len 32
y11: client 1: request 5 opcode 98 len 20 bytes: 62 00 05 00 09 00 20 00 58 4b 45 59 42 4f 41 52 44 00 00 00
y11: client 1: reply seq 5 len 32
y11: client 1: request 6 opcode 18 len 128 bytes: 12 00 20 00 21 00 00 00 27 00 00 00 1f 00 00 00 08 ff ff 00
y11: client 0: event type 28
y11: client 1: request 7 opcode 60 len 8 bytes: 3c 00 02 00 00 00 20 00
y11: client 1: request 8 opcode 43 len 4 bytes: 2b 00 01 00
y11: client 1: reply seq 8 len 32
y11: client 1: disconnect
y11: client 0: request 575 opcode 20 len 24 bytes: 14 00 06 00 21 00 00 00 27 00 00 00 00 00 00 00 00 00 00 00
y11: client 0: reply seq 575 len 32
y11: client 0: request 576 opcode 70 len 20 bytes: 46 00 05 00 01 00 10 00 02 00 10 00 22 02 00 00 5e 05 2a 00
y11: client 0: request 577 opcode 139 len 20 bytes: 8b 04 05 00 2a 00 10 00 01 00 10 00 02 01 00 00 00 00 00 00
y11: client 0: request 578 opcode 139 len 40 bytes: 8b 18 0a 00 03 00 10 00 11 00 10 00 2a 00 10 00 03 01 00 00
y11: client 0: request 579 opcode 139 len 104 bytes: 8b 17 1a 00 03 00 00 00 11 00 10 00 2a 00 10 00 03 01 00 00
y11: client 0: request 580 opcode 139 len 40 bytes: 8b 18 0a 00 03 00 00 00 11 00 10 00 2a 00 10 00 03 01 00 00
y11: client 0: request 581 opcode 139 len 68 bytes: 8b 17 11 00 03 00 00 00 11 00 10 00 2a 00 10 00 03 01 00 00
y11: client 0: request 582 opcode 139 len 8 bytes: 8b 07 02 00 2a 00 10 00
y11: client 0: request 583 opcode 56 len 16 bytes: 38 00 04 00 02 00 10 00 04 00 00 00 98 98 a4 00
y11: client 0: request 584 opcode 70 len 20 bytes: 46 00 05 00 01 00 10 00 02 00 10 00 00 00 00 00 30 00 2a 00
y11: client 0: request 585 opcode 139 len 20 bytes: 8b 04 05 00 2b 00 10 00 01 00 10 00 02 01 00 00 00 00 00 00
y11: client 0: request 586 opcode 139 len 40 bytes: 8b 17 0a 00 03 00 0c 01 11 00 10 00 2b 00 10 00 03 01 00 00
y11: client 0: request 587 opcode 139 len 8 bytes: 8b 07 02 00 2b 00 10 00
y11: client 0: request 588 opcode 56 len 16 bytes: 38 00 04 00 02 00 10 00 04 00 00 00 19 15 0a 00
y11: client 0: request 589 opcode 70 len 28 bytes: 46 00 07 00 01 00 10 00 02 00 10 00 30 00 00 00 22 00 2a 00
y11: client 0: request 590 opcode 62 len 28 bytes: 3e 00 07 00 01 00 10 00 0d 00 10 00 02 00 10 00 00 00 00 00
y11: client 0: request 591 opcode 43 len 4 bytes: 2b 00 01 00
y11: client 0: reply seq 591 len 32
y11: client 1: request 1 opcode 98 len 20 bytes: 62 00 05 00 0c 00 00 00 42 49 47 2d 52 45 51 55 45 53 54 53
y11: client 1: reply seq 1 len 32
y11: client 1: request 2 opcode 128 len 4 bytes: 80 00 01 00
y11: client 1: reply seq 2 len 32
y11: client 1: request 3 opcode 55 len 20 bytes: 37 00 05 00 00 00 20 00 21 00 00 00 08 00 00 00 ff ff ff 00
y11: client 1: request 4 opcode 20 len 24 bytes: 14 00 06 00 21 00 00 00 17 00 00 00 1f 00 00 00 00 00 00 00
y11: client 1: reply seq 4 len 32
y11: client 1: request 5 opcode 98 len 20 bytes: 62 00 05 00 09 00 20 00 58 4b 45 59 42 4f 41 52 44 00 00 00
y11: client 1: reply seq 5 len 32
y11: client 1: request 6 opcode 18 len 128 bytes: 12 00 20 00 21 00 00 00 27 00 00 00 1f 00 00 00 08 ff ff 00
y11: client 0: event type 28
y11: client 1: request 7 opcode 60 len 8 bytes: 3c 00 02 00 00 00 20 00
y11: client 1: request 8 opcode 43 len 4 bytes: 2b 00 01 00
y11: client 1: reply seq 8 len 32
y11: client 1: disconnect
y11: client 0: request 592 opcode 20 len 24 bytes: 14 00 06 00 21 00 00 00 27 00 00 00 00 00 00 00 00 00 00 00
y11: client 0: reply seq 592 len 32
y11: client 0: request 593 opcode 70 len 20 bytes: 46 00 05 00 01 00 10 00 02 00 10 00 22 02 00 00 5e 05 2a 00
y11: client 0: request 594 opcode 139 len 20 bytes: 8b 04 05 00 2c 00 10 00 01 00 10 00 02 01 00 00 00 00 00 00
y11: client 0: request 595 opcode 139 len 40 bytes: 8b 18 0a 00 03 00 10 00 11 00 10 00 2c 00 10 00 03 01 00 00
y11: client 0: request 596 opcode 139 len 104 bytes: 8b 17 1a 00 03 00 00 00 11 00 10 00 2c 00 10 00 03 01 00 00
y11: client 0: request 597 opcode 139 len 40 bytes: 8b 18 0a 00 03 00 00 00 11 00 10 00 2c 00 10 00 03 01 00 00
y11: client 0: request 598 opcode 139 len 68 bytes: 8b 17 11 00 03 00 00 00 11 00 10 00 2c 00 10 00 03 01 00 00
y11: client 0: request 599 opcode 139 len 8 bytes: 8b 07 02 00 2c 00 10 00
y11: client 0: request 600 opcode 56 len 16 bytes: 38 00 04 00 02 00 10 00 04 00 00 00 98 98 a4 00
y11: client 0: request 601 opcode 70 len 20 bytes: 46 00 05 00 01 00 10 00 02 00 10 00 00 00 00 00 30 00 2a 00
y11: client 0: request 602 opcode 139 len 20 bytes: 8b 04 05 00 2d 00 10 00 01 00 10 00 02 01 00 00 00 00 00 00
y11: client 0: request 603 opcode 139 len 40 bytes: 8b 17 0a 00 03 00 0c 01 11 00 10 00 2d 00 10 00 03 01 00 00
y11: client 0: request 604 opcode 139 len 8 bytes: 8b 07 02 00 2d 00 10 00
y11: client 0: request 605 opcode 56 len 16 bytes: 38 00 04 00 02 00 10 00 04 00 00 00 19 15 0a 00
y11: client 0: request 606 opcode 70 len 28 bytes: 46 00 07 00 01 00 10 00 02 00 10 00 30 00 00 00 22 00 2a 00
y11: client 0: request 607 opcode 62 len 28 bytes: 3e 00 07 00 01 00 10 00 0d 00 10 00 02 00 10 00 00 00 00 00
y11: client 0: request 608 opcode 43 len 4 bytes: 2b 00 01 00
y11: client 0: reply seq 608 len 32
y11: client 1: request 1 opcode 98 len 20 bytes: 62 00 05 00 0c 00 00 00 42 49 47 2d 52 45 51 55 45 53 54 53
y11: client 1: reply seq 1 len 32
y11: client 1: request 2 opcode 128 len 4 bytes: 80 00 01 00
y11: client 1: reply seq 2 len 32
y11: client 1: request 3 opcode 55 len 20 bytes: 37 00 05 00 00 00 20 00 21 00 00 00 08 00 00 00 ff ff ff 00
y11: client 1: request 4 opcode 20 len 24 bytes: 14 00 06 00 21 00 00 00 17 00 00 00 1f 00 00 00 00 00 00 00
y11: client 1: reply seq 4 len 32
y11: client 1: request 5 opcode 98 len 20 bytes: 62 00 05 00 09 00 20 00 58 4b 45 59 42 4f 41 52 44 00 00 00
y11: client 1: reply seq 5 len 32
y11: client 1: request 6 opcode 18 len 128 bytes: 12 00 20 00 21 00 00 00 27 00 00 00 1f 00 00 00 08 ff ff 00
y11: client 0: event type 28
y11: client 1: request 7 opcode 60 len 8 bytes: 3c 00 02 00 00 00 20 00
y11: client 1: request 8 opcode 43 len 4 bytes: 2b 00 01 00
y11: client 1: reply seq 8 len 32
y11: client 1: disconnect
y11: client 0: request 609 opcode 20 len 24 bytes: 14 00 06 00 21 00 00 00 27 00 00 00 00 00 00 00 00 00 00 00
y11: client 0: reply seq 609 len 32
y11: client 0: request 610 opcode 70 len 20 bytes: 46 00 05 00 01 00 10 00 02 00 10 00 22 02 00 00 5e 05 2a 00
y11: client 0: request 611 opcode 139 len 20 bytes: 8b 04 05 00 2e 00 10 00 01 00 10 00 02 01 00 00 00 00 00 00
y11: client 0: request 612 opcode 139 len 40 bytes: 8b 18 0a 00 03 00 10 00 11 00 10 00 2e 00 10 00 03 01 00 00
y11: client 0: request 613 opcode 139 len 104 bytes: 8b 17 1a 00 03 00 00 00 11 00 10 00 2e 00 10 00 03 01 00 00
y11: client 0: request 614 opcode 139 len 40 bytes: 8b 18 0a 00 03 00 00 00 11 00 10 00 2e 00 10 00 03 01 00 00
y11: client 0: request 615 opcode 139 len 68 bytes: 8b 17 11 00 03 00 00 00 11 00 10 00 2e 00 10 00 03 01 00 00
y11: client 0: request 616 opcode 139 len 8 bytes: 8b 07 02 00 2e 00 10 00
y11: client 0: request 617 opcode 56 len 16 bytes: 38 00 04 00 02 00 10 00 04 00 00 00 98 98 a4 00
y11: client 0: request 618 opcode 70 len 20 bytes: 46 00 05 00 01 00 10 00 02 00 10 00 00 00 00 00 30 00 2a 00
y11: client 0: request 619 opcode 139 len 20 bytes: 8b 04 05 00 2f 00 10 00 01 00 10 00 02 01 00 00 00 00 00 00
y11: client 0: request 620 opcode 139 len 40 bytes: 8b 17 0a 00 03 00 0c 01 11 00 10 00 2f 00 10 00 03 01 00 00
y11: client 0: request 621 opcode 139 len 8 bytes: 8b 07 02 00 2f 00 10 00
y11: client 0: request 622 opcode 56 len 16 bytes: 38 00 04 00 02 00 10 00 04 00 00 00 19 15 0a 00
y11: client 0: request 623 opcode 70 len 28 bytes: 46 00 07 00 01 00 10 00 02 00 10 00 30 00 00 00 22 00 2a 00
y11: client 0: request 624 opcode 62 len 28 bytes: 3e 00 07 00 01 00 10 00 0d 00 10 00 02 00 10 00 00 00 00 00
y11: client 0: request 625 opcode 43 len 4 bytes: 2b 00 01 00
y11: client 0: reply seq 625 len 32
y11: client 1: request 1 opcode 98 len 20 bytes: 62 00 05 00 0c 00 00 00 42 49 47 2d 52 45 51 55 45 53 54 53
y11: client 1: reply seq 1 len 32
y11: client 1: request 2 opcode 128 len 4 bytes: 80 00 01 00
y11: client 1: reply seq 2 len 32
y11: client 1: request 3 opcode 55 len 20 bytes: 37 00 05 00 00 00 20 00 21 00 00 00 08 00 00 00 ff ff ff 00
y11: client 1: request 4 opcode 20 len 24 bytes: 14 00 06 00 21 00 00 00 17 00 00 00 1f 00 00 00 00 00 00 00
y11: client 1: reply seq 4 len 32
y11: client 1: request 5 opcode 98 len 20 bytes: 62 00 05 00 09 00 20 00 58 4b 45 59 42 4f 41 52 44 00 00 00
y11: client 1: reply seq 5 len 32
y11: client 1: request 6 opcode 18 len 128 bytes: 12 00 20 00 21 00 00 00 27 00 00 00 1f 00 00 00 08 ff ff 00
y11: client 0: event type 28
y11: client 1: request 7 opcode 60 len 8 bytes: 3c 00 02 00 00 00 20 00
y11: client 1: request 8 opcode 43 len 4 bytes: 2b 00 01 00
y11: client 1: reply seq 8 len 32
y11: client 0: request 626 opcode 20 len 24 bytes: 14 00 06 00 21 00 00 00 27 00 00 00 00 00 00 00 00 00 00 00
y11: client 0: reply seq 626 len 32
y11: client 1: disconnect
y11: client 0: request 627 opcode 70 len 20 bytes: 46 00 05 00 01 00 10 00 02 00 10 00 22 02 00 00 5e 05 2a 00
y11: client 0: request 628 opcode 139 len 20 bytes: 8b 04 05 00 30 00 10 00 01 00 10 00 02 01 00 00 00 00 00 00
y11: client 0: request 629 opcode 139 len 40 bytes: 8b 18 0a 00 03 00 10 00 11 00 10 00 30 00 10 00 03 01 00 00
y11: client 0: request 630 opcode 139 len 104 bytes: 8b 17 1a 00 03 00 00 00 11 00 10 00 30 00 10 00 03 01 00 00
y11: client 0: request 631 opcode 139 len 40 bytes: 8b 18 0a 00 03 00 00 00 11 00 10 00 30 00 10 00 03 01 00 00
y11: client 0: request 632 opcode 139 len 68 bytes: 8b 17 11 00 03 00 00 00 11 00 10 00 30 00 10 00 03 01 00 00
y11: client 0: request 633 opcode 139 len 8 bytes: 8b 07 02 00 30 00 10 00
y11: client 0: request 634 opcode 56 len 16 bytes: 38 00 04 00 02 00 10 00 04 00 00 00 98 98 a4 00
y11: client 0: request 635 opcode 70 len 20 bytes: 46 00 05 00 01 00 10 00 02 00 10 00 00 00 00 00 30 00 2a 00
y11: client 0: request 636 opcode 139 len 20 bytes: 8b 04 05 00 31 00 10 00 01 00 10 00 02 01 00 00 00 00 00 00
y11: client 0: request 637 opcode 139 len 40 bytes: 8b 17 0a 00 03 00 0c 01 11 00 10 00 31 00 10 00 03 01 00 00
y11: client 0: request 638 opcode 139 len 8 bytes: 8b 07 02 00 31 00 10 00
y11: client 0: request 639 opcode 56 len 16 bytes: 38 00 04 00 02 00 10 00 04 00 00 00 19 15 0a 00
y11: client 0: request 640 opcode 70 len 28 bytes: 46 00 07 00 01 00 10 00 02 00 10 00 30 00 00 00 22 00 2a 00
y11: client 0: request 641 opcode 62 len 28 bytes: 3e 00 07 00 01 00 10 00 0d 00 10 00 02 00 10 00 00 00 00 00
y11: client 0: request 642 opcode 43 len 4 bytes: 2b 00 01 00
y11: client 0: reply seq 642 len 32
y11: client 1: request 1 opcode 98 len 20 bytes: 62 00 05 00 0c 00 00 00 42 49 47 2d 52 45 51 55 45 53 54 53
y11: client 1: reply seq 1 len 32
y11: client 1: request 2 opcode 128 len 4 bytes: 80 00 01 00
y11: client 1: reply seq 2 len 32
y11: client 1: request 3 opcode 55 len 20 bytes: 37 00 05 00 00 00 20 00 21 00 00 00 08 00 00 00 ff ff ff 00
y11: client 1: request 4 opcode 20 len 24 bytes: 14 00 06 00 21 00 00 00 17 00 00 00 1f 00 00 00 00 00 00 00
y11: client 1: reply seq 4 len 32
y11: client 1: request 5 opcode 98 len 20 bytes: 62 00 05 00 09 00 20 00 58 4b 45 59 42 4f 41 52 44 00 00 00
y11: client 1: reply seq 5 len 32
y11: client 1: request 6 opcode 18 len 128 bytes: 12 00 20 00 21 00 00 00 27 00 00 00 1f 00 00 00 08 ff ff 00
y11: client 0: event type 28
y11: client 1: request 7 opcode 60 len 8 bytes: 3c 00 02 00 00 00 20 00
y11: client 1: request 8 opcode 43 len 4 bytes: 2b 00 01 00
y11: client 1: reply seq 8 len 32
y11: client 1: disconnect
y11: client 0: request 643 opcode 20 len 24 bytes: 14 00 06 00 21 00 00 00 27 00 00 00 00 00 00 00 00 00 00 00
y11: client 0: reply seq 643 len 32
y11: client 0: request 644 opcode 70 len 20 bytes: 46 00 05 00 01 00 10 00 02 00 10 00 22 02 00 00 5e 05 2a 00
y11: client 0: request 645 opcode 139 len 20 bytes: 8b 04 05 00 32 00 10 00 01 00 10 00 02 01 00 00 00 00 00 00
y11: client 0: request 646 opcode 139 len 40 bytes: 8b 18 0a 00 03 00 10 00 11 00 10 00 32 00 10 00 03 01 00 00
y11: client 0: request 647 opcode 139 len 104 bytes: 8b 17 1a 00 03 00 00 00 11 00 10 00 32 00 10 00 03 01 00 00
y11: client 0: request 648 opcode 139 len 40 bytes: 8b 18 0a 00 03 00 00 00 11 00 10 00 32 00 10 00 03 01 00 00
y11: client 0: request 649 opcode 139 len 68 bytes: 8b 17 11 00 03 00 00 00 11 00 10 00 32 00 10 00 03 01 00 00
y11: client 0: request 650 opcode 139 len 8 bytes: 8b 07 02 00 32 00 10 00
y11: client 0: request 651 opcode 56 len 16 bytes: 38 00 04 00 02 00 10 00 04 00 00 00 98 98 a4 00
y11: client 0: request 652 opcode 70 len 20 bytes: 46 00 05 00 01 00 10 00 02 00 10 00 00 00 00 00 30 00 2a 00
y11: client 0: request 653 opcode 139 len 20 bytes: 8b 04 05 00 33 00 10 00 01 00 10 00 02 01 00 00 00 00 00 00
y11: client 0: request 654 opcode 139 len 40 bytes: 8b 17 0a 00 03 00 0c 01 11 00 10 00 33 00 10 00 03 01 00 00
y11: client 0: request 655 opcode 139 len 8 bytes: 8b 07 02 00 33 00 10 00
y11: client 0: request 656 opcode 56 len 16 bytes: 38 00 04 00 02 00 10 00 04 00 00 00 19 15 0a 00
y11: client 0: request 657 opcode 70 len 28 bytes: 46 00 07 00 01 00 10 00 02 00 10 00 30 00 00 00 22 00 2a 00
y11: client 0: request 658 opcode 62 len 28 bytes: 3e 00 07 00 01 00 10 00 0d 00 10 00 02 00 10 00 00 00 00 00
y11: client 0: request 659 opcode 43 len 4 bytes: 2b 00 01 00
y11: client 0: reply seq 659 len 32
y11: client 1: request 1 opcode 98 len 20 bytes: 62 00 05 00 0c 00 00 00 42 49 47 2d 52 45 51 55 45 53 54 53
y11: client 1: reply seq 1 len 32
y11: client 1: request 2 opcode 128 len 4 bytes: 80 00 01 00
y11: client 1: reply seq 2 len 32
y11: client 1: request 3 opcode 55 len 20 bytes: 37 00 05 00 00 00 20 00 21 00 00 00 08 00 00 00 ff ff ff 00
y11: client 1: request 4 opcode 20 len 24 bytes: 14 00 06 00 21 00 00 00 17 00 00 00 1f 00 00 00 00 00 00 00
y11: client 1: reply seq 4 len 32
y11: client 1: request 5 opcode 98 len 20 bytes: 62 00 05 00 09 00 20 00 58 4b 45 59 42 4f 41 52 44 00 00 00
y11: client 1: reply seq 5 len 32
y11: client 1: request 6 opcode 18 len 128 bytes: 12 00 20 00 21 00 00 00 27 00 00 00 1f 00 00 00 08 ff ff 00
y11: client 0: event type 28
y11: client 1: request 7 opcode 60 len 8 bytes: 3c 00 02 00 00 00 20 00
y11: client 1: request 8 opcode 43 len 4 bytes: 2b 00 01 00
y11: client 1: reply seq 8 len 32
y11: client 1: disconnect
y11: client 0: request 660 opcode 20 len 24 bytes: 14 00 06 00 21 00 00 00 27 00 00 00 00 00 00 00 00 00 00 00
y11: client 0: reply seq 660 len 32
y11: client 0: request 661 opcode 70 len 20 bytes: 46 00 05 00 01 00 10 00 02 00 10 00 22 02 00 00 5e 05 2a 00
y11: client 0: request 662 opcode 139 len 20 bytes: 8b 04 05 00 34 00 10 00 01 00 10 00 02 01 00 00 00 00 00 00
y11: client 0: request 663 opcode 139 len 40 bytes: 8b 18 0a 00 03 00 10 00 11 00 10 00 34 00 10 00 03 01 00 00
y11: client 0: request 664 opcode 139 len 104 bytes: 8b 17 1a 00 03 00 00 00 11 00 10 00 34 00 10 00 03 01 00 00
y11: client 0: request 665 opcode 139 len 40 bytes: 8b 18 0a 00 03 00 00 00 11 00 10 00 34 00 10 00 03 01 00 00
y11: client 0: request 666 opcode 139 len 68 bytes: 8b 17 11 00 03 00 00 00 11 00 10 00 34 00 10 00 03 01 00 00
y11: client 0: request 667 opcode 139 len 8 bytes: 8b 07 02 00 34 00 10 00
y11: client 0: request 668 opcode 56 len 16 bytes: 38 00 04 00 02 00 10 00 04 00 00 00 98 98 a4 00
y11: client 0: request 669 opcode 70 len 20 bytes: 46 00 05 00 01 00 10 00 02 00 10 00 00 00 00 00 30 00 2a 00
y11: client 0: request 670 opcode 139 len 20 bytes: 8b 04 05 00 35 00 10 00 01 00 10 00 02 01 00 00 00 00 00 00
y11: client 0: request 671 opcode 139 len 40 bytes: 8b 17 0a 00 03 00 0c 01 11 00 10 00 35 00 10 00 03 01 00 00
y11: client 0: request 672 opcode 139 len 8 bytes: 8b 07 02 00 35 00 10 00
y11: client 0: request 673 opcode 56 len 16 bytes: 38 00 04 00 02 00 10 00 04 00 00 00 19 15 0a 00
y11: client 0: request 674 opcode 70 len 28 bytes: 46 00 07 00 01 00 10 00 02 00 10 00 30 00 00 00 22 00 2a 00
y11: client 0: request 675 opcode 62 len 28 bytes: 3e 00 07 00 01 00 10 00 0d 00 10 00 02 00 10 00 00 00 00 00
y11: client 0: request 676 opcode 43 len 4 bytes: 2b 00 01 00
y11: client 0: reply seq 676 len 32
y11: client 1: request 1 opcode 98 len 20 bytes: 62 00 05 00 0c 00 00 00 42 49 47 2d 52 45 51 55 45 53 54 53
y11: client 1: reply seq 1 len 32
y11: client 1: request 2 opcode 128 len 4 bytes: 80 00 01 00
y11: client 1: reply seq 2 len 32
y11: client 1: request 3 opcode 55 len 20 bytes: 37 00 05 00 00 00 20 00 21 00 00 00 08 00 00 00 ff ff ff 00
y11: client 1: request 4 opcode 20 len 24 bytes: 14 00 06 00 21 00 00 00 17 00 00 00 1f 00 00 00 00 00 00 00
y11: client 1: reply seq 4 len 32
y11: client 1: request 5 opcode 98 len 20 bytes: 62 00 05 00 09 00 20 00 58 4b 45 59 42 4f 41 52 44 00 00 00
y11: client 1: reply seq 5 len 32
y11: client 1: request 6 opcode 18 len 128 bytes: 12 00 20 00 21 00 00 00 27 00 00 00 1f 00 00 00 08 ff ff 00
y11: client 0: event type 28
y11: client 1: request 7 opcode 60 len 8 bytes: 3c 00 02 00 00 00 20 00
y11: client 1: request 8 opcode 43 len 4 bytes: 2b 00 01 00
y11: client 1: reply seq 8 len 32
y11: client 1: disconnect
y11: client 0: request 677 opcode 20 len 24 bytes: 14 00 06 00 21 00 00 00 27 00 00 00 00 00 00 00 00 00 00 00
y11: client 0: reply seq 677 len 32
y11: client 0: request 678 opcode 70 len 20 bytes: 46 00 05 00 01 00 10 00 02 00 10 00 22 02 00 00 5e 05 2a 00
y11: client 0: request 679 opcode 139 len 20 bytes: 8b 04 05 00 36 00 10 00 01 00 10 00 02 01 00 00 00 00 00 00
y11: client 0: request 680 opcode 139 len 40 bytes: 8b 18 0a 00 03 00 10 00 11 00 10 00 36 00 10 00 03 01 00 00
y11: client 0: request 681 opcode 139 len 104 bytes: 8b 17 1a 00 03 00 00 00 11 00 10 00 36 00 10 00 03 01 00 00
y11: client 0: request 682 opcode 139 len 40 bytes: 8b 18 0a 00 03 00 00 00 11 00 10 00 36 00 10 00 03 01 00 00
y11: client 0: request 683 opcode 139 len 68 bytes: 8b 17 11 00 03 00 00 00 11 00 10 00 36 00 10 00 03 01 00 00
y11: client 0: request 684 opcode 139 len 8 bytes: 8b 07 02 00 36 00 10 00
y11: client 0: request 685 opcode 56 len 16 bytes: 38 00 04 00 02 00 10 00 04 00 00 00 98 98 a4 00
y11: client 0: request 686 opcode 70 len 20 bytes: 46 00 05 00 01 00 10 00 02 00 10 00 00 00 00 00 30 00 2a 00
y11: client 0: request 687 opcode 139 len 20 bytes: 8b 04 05 00 37 00 10 00 01 00 10 00 02 01 00 00 00 00 00 00
y11: client 0: request 688 opcode 139 len 40 bytes: 8b 17 0a 00 03 00 0c 01 11 00 10 00 37 00 10 00 03 01 00 00
y11: client 0: request 689 opcode 139 len 8 bytes: 8b 07 02 00 37 00 10 00
y11: client 0: request 690 opcode 56 len 16 bytes: 38 00 04 00 02 00 10 00 04 00 00 00 19 15 0a 00
y11: client 0: request 691 opcode 70 len 28 bytes: 46 00 07 00 01 00 10 00 02 00 10 00 30 00 00 00 22 00 2a 00
y11: client 0: request 692 opcode 62 len 28 bytes: 3e 00 07 00 01 00 10 00 0d 00 10 00 02 00 10 00 00 00 00 00
y11: client 0: request 693 opcode 43 len 4 bytes: 2b 00 01 00
y11: client 0: reply seq 693 len 32
y11: client 1: request 1 opcode 98 len 20 bytes: 62 00 05 00 0c 00 00 00 42 49 47 2d 52 45 51 55 45 53 54 53
y11: client 1: reply seq 1 len 32
y11: client 1: request 2 opcode 128 len 4 bytes: 80 00 01 00
y11: client 1: reply seq 2 len 32
y11: client 1: request 3 opcode 55 len 20 bytes: 37 00 05 00 00 00 20 00 21 00 00 00 08 00 00 00 ff ff ff 00
y11: client 1: request 4 opcode 20 len 24 bytes: 14 00 06 00 21 00 00 00 17 00 00 00 1f 00 00 00 00 00 00 00
y11: client 1: reply seq 4 len 32
y11: client 1: request 5 opcode 98 len 20 bytes: 62 00 05 00 09 00 20 00 58 4b 45 59 42 4f 41 52 44 00 00 00
y11: client 1: reply seq 5 len 32
y11: client 1: request 6 opcode 18 len 128 bytes: 12 00 20 00 21 00 00 00 27 00 00 00 1f 00 00 00 08 ff ff 00
y11: client 0: event type 28
y11: client 1: request 7 opcode 60 len 8 bytes: 3c 00 02 00 00 00 20 00
y11: client 1: request 8 opcode 43 len 4 bytes: 2b 00 01 00
y11: client 1: reply seq 8 len 32
y11: client 1: disconnect
y11: client 0: request 694 opcode 20 len 24 bytes: 14 00 06 00 21 00 00 00 27 00 00 00 00 00 00 00 00 00 00 00
y11: client 0: reply seq 694 len 32
y11: client 0: request 695 opcode 70 len 20 bytes: 46 00 05 00 01 00 10 00 02 00 10 00 22 02 00 00 5e 05 2a 00
y11: client 0: request 696 opcode 139 len 20 bytes: 8b 04 05 00 38 00 10 00 01 00 10 00 02 01 00 00 00 00 00 00
y11: client 0: request 697 opcode 139 len 40 bytes: 8b 18 0a 00 03 00 10 00 11 00 10 00 38 00 10 00 03 01 00 00
y11: client 0: request 698 opcode 139 len 104 bytes: 8b 17 1a 00 03 00 00 00 11 00 10 00 38 00 10 00 03 01 00 00
y11: client 0: request 699 opcode 139 len 40 bytes: 8b 18 0a 00 03 00 00 00 11 00 10 00 38 00 10 00 03 01 00 00
y11: client 0: request 700 opcode 139 len 68 bytes: 8b 17 11 00 03 00 00 00 11 00 10 00 38 00 10 00 03 01 00 00
y11: client 0: request 701 opcode 139 len 8 bytes: 8b 07 02 00 38 00 10 00
y11: client 0: request 702 opcode 56 len 16 bytes: 38 00 04 00 02 00 10 00 04 00 00 00 98 98 a4 00
y11: client 0: request 703 opcode 70 len 20 bytes: 46 00 05 00 01 00 10 00 02 00 10 00 00 00 00 00 30 00 2a 00
y11: client 0: request 704 opcode 139 len 20 bytes: 8b 04 05 00 39 00 10 00 01 00 10 00 02 01 00 00 00 00 00 00
y11: client 0: request 705 opcode 139 len 40 bytes: 8b 17 0a 00 03 00 0c 01 11 00 10 00 39 00 10 00 03 01 00 00
y11: client 0: request 706 opcode 139 len 8 bytes: 8b 07 02 00 39 00 10 00
y11: client 0: request 707 opcode 56 len 16 bytes: 38 00 04 00 02 00 10 00 04 00 00 00 19 15 0a 00
y11: client 0: request 708 opcode 70 len 28 bytes: 46 00 07 00 01 00 10 00 02 00 10 00 30 00 00 00 22 00 2a 00
y11: client 0: request 709 opcode 62 len 28 bytes: 3e 00 07 00 01 00 10 00 0d 00 10 00 02 00 10 00 00 00 00 00
y11: client 0: request 710 opcode 43 len 4 bytes: 2b 00 01 00
y11: client 0: reply seq 710 len 32
y11: client 1: request 1 opcode 98 len 20 bytes: 62 00 05 00 0c 00 00 00 42 49 47 2d 52 45 51 55 45 53 54 53
y11: client 1: reply seq 1 len 32
y11: client 1: request 2 opcode 128 len 4 bytes: 80 00 01 00
y11: client 1: reply seq 2 len 32
y11: client 1: request 3 opcode 55 len 20 bytes: 37 00 05 00 00 00 20 00 21 00 00 00 08 00 00 00 ff ff ff 00
y11: client 1: request 4 opcode 20 len 24 bytes: 14 00 06 00 21 00 00 00 17 00 00 00 1f 00 00 00 00 00 00 00
y11: client 1: reply seq 4 len 32
y11: client 1: request 5 opcode 98 len 20 bytes: 62 00 05 00 09 00 20 00 58 4b 45 59 42 4f 41 52 44 00 00 00
y11: client 1: reply seq 5 len 32
y11: client 1: request 6 opcode 18 len 128 bytes: 12 00 20 00 21 00 00 00 27 00 00 00 1f 00 00 00 08 ff ff 00
y11: client 0: event type 28
y11: client 1: request 7 opcode 60 len 8 bytes: 3c 00 02 00 00 00 20 00
y11: client 1: request 8 opcode 43 len 4 bytes: 2b 00 01 00
y11: client 1: reply seq 8 len 32
y11: client 0: request 711 opcode 20 len 24 bytes: 14 00 06 00 21 00 00 00 27 00 00 00 00 00 00 00 00 00 00 00
y11: client 0: reply seq 711 len 32
y11: client 1: disconnect
y11: client 0: request 712 opcode 70 len 20 bytes: 46 00 05 00 01 00 10 00 02 00 10 00 22 02 00 00 5e 05 2a 00
y11: client 0: request 713 opcode 139 len 20 bytes: 8b 04 05 00 3a 00 10 00 01 00 10 00 02 01 00 00 00 00 00 00
y11: client 0: request 714 opcode 139 len 40 bytes: 8b 18 0a 00 03 00 10 00 11 00 10 00 3a 00 10 00 03 01 00 00
y11: client 0: request 715 opcode 139 len 104 bytes: 8b 17 1a 00 03 00 00 00 11 00 10 00 3a 00 10 00 03 01 00 00
y11: client 0: request 716 opcode 139 len 40 bytes: 8b 18 0a 00 03 00 00 00 11 00 10 00 3a 00 10 00 03 01 00 00
y11: client 0: request 717 opcode 139 len 68 bytes: 8b 17 11 00 03 00 00 00 11 00 10 00 3a 00 10 00 03 01 00 00
y11: client 0: request 718 opcode 139 len 8 bytes: 8b 07 02 00 3a 00 10 00
y11: client 0: request 719 opcode 56 len 16 bytes: 38 00 04 00 02 00 10 00 04 00 00 00 98 98 a4 00
y11: client 0: request 720 opcode 70 len 20 bytes: 46 00 05 00 01 00 10 00 02 00 10 00 00 00 00 00 30 00 2a 00
y11: client 0: request 721 opcode 139 len 20 bytes: 8b 04 05 00 3b 00 10 00 01 00 10 00 02 01 00 00 00 00 00 00
y11: client 0: request 722 opcode 139 len 40 bytes: 8b 17 0a 00 03 00 0c 01 11 00 10 00 3b 00 10 00 03 01 00 00
y11: client 0: request 723 opcode 139 len 8 bytes: 8b 07 02 00 3b 00 10 00
y11: client 0: request 724 opcode 56 len 16 bytes: 38 00 04 00 02 00 10 00 04 00 00 00 19 15 0a 00
y11: client 0: request 725 opcode 70 len 28 bytes: 46 00 07 00 01 00 10 00 02 00 10 00 30 00 00 00 22 00 2a 00
y11: client 0: request 726 opcode 62 len 28 bytes: 3e 00 07 00 01 00 10 00 0d 00 10 00 02 00 10 00 00 00 00 00
y11: client 0: request 727 opcode 43 len 4 bytes: 2b 00 01 00
y11: client 0: reply seq 727 len 32
y11: client 1: request 1 opcode 98 len 20 bytes: 62 00 05 00 0c 00 00 00 42 49 47 2d 52 45 51 55 45 53 54 53
y11: client 1: reply seq 1 len 32
y11: client 1: request 2 opcode 128 len 4 bytes: 80 00 01 00
y11: client 1: reply seq 2 len 32
y11: client 1: request 3 opcode 55 len 20 bytes: 37 00 05 00 00 00 20 00 21 00 00 00 08 00 00 00 ff ff ff 00
y11: client 1: request 4 opcode 20 len 24 bytes: 14 00 06 00 21 00 00 00 17 00 00 00 1f 00 00 00 00 00 00 00
y11: client 1: reply seq 4 len 32
y11: client 1: request 5 opcode 98 len 20 bytes: 62 00 05 00 09 00 20 00 58 4b 45 59 42 4f 41 52 44 00 00 00
y11: client 1: reply seq 5 len 32
y11: client 1: request 6 opcode 18 len 128 bytes: 12 00 20 00 21 00 00 00 27 00 00 00 1f 00 00 00 08 ff ff 00
y11: client 0: event type 28
y11: client 1: request 7 opcode 60 len 8 bytes: 3c 00 02 00 00 00 20 00
y11: client 1: request 8 opcode 43 len 4 bytes: 2b 00 01 00
y11: client 1: reply seq 8 len 32
y11: client 1: disconnect
y11: client 0: request 728 opcode 20 len 24 bytes: 14 00 06 00 21 00 00 00 27 00 00 00 00 00 00 00 00 00 00 00
y11: client 0: reply seq 728 len 32
y11: client 0: request 729 opcode 70 len 20 bytes: 46 00 05 00 01 00 10 00 02 00 10 00 22 02 00 00 5e 05 2a 00
y11: client 0: request 730 opcode 139 len 20 bytes: 8b 04 05 00 3c 00 10 00 01 00 10 00 02 01 00 00 00 00 00 00
y11: client 0: request 731 opcode 139 len 40 bytes: 8b 18 0a 00 03 00 10 00 11 00 10 00 3c 00 10 00 03 01 00 00
y11: client 0: request 732 opcode 139 len 104 bytes: 8b 17 1a 00 03 00 00 00 11 00 10 00 3c 00 10 00 03 01 00 00
y11: client 0: request 733 opcode 139 len 40 bytes: 8b 18 0a 00 03 00 00 00 11 00 10 00 3c 00 10 00 03 01 00 00
y11: client 0: request 734 opcode 139 len 68 bytes: 8b 17 11 00 03 00 00 00 11 00 10 00 3c 00 10 00 03 01 00 00
y11: client 0: request 735 opcode 139 len 8 bytes: 8b 07 02 00 3c 00 10 00
y11: client 0: request 736 opcode 56 len 16 bytes: 38 00 04 00 02 00 10 00 04 00 00 00 98 98 a4 00
y11: client 0: request 737 opcode 70 len 20 bytes: 46 00 05 00 01 00 10 00 02 00 10 00 00 00 00 00 30 00 2a 00
y11: client 0: request 738 opcode 139 len 20 bytes: 8b 04 05 00 3d 00 10 00 01 00 10 00 02 01 00 00 00 00 00 00
y11: client 0: request 739 opcode 139 len 40 bytes: 8b 17 0a 00 03 00 0c 01 11 00 10 00 3d 00 10 00 03 01 00 00
y11: client 0: request 740 opcode 139 len 8 bytes: 8b 07 02 00 3d 00 10 00
y11: client 0: request 741 opcode 56 len 16 bytes: 38 00 04 00 02 00 10 00 04 00 00 00 19 15 0a 00
y11: client 0: request 742 opcode 70 len 28 bytes: 46 00 07 00 01 00 10 00 02 00 10 00 30 00 00 00 22 00 2a 00
y11: client 0: request 743 opcode 62 len 28 bytes: 3e 00 07 00 01 00 10 00 0d 00 10 00 02 00 10 00 00 00 00 00
y11: client 0: request 744 opcode 43 len 4 bytes: 2b 00 01 00
y11: client 0: reply seq 744 len 32
y11: client 1: request 1 opcode 98 len 20 bytes: 62 00 05 00 0c 00 00 00 42 49 47 2d 52 45 51 55 45 53 54 53
y11: client 1: reply seq 1 len 32
y11: client 1: request 2 opcode 128 len 4 bytes: 80 00 01 00
y11: client 1: reply seq 2 len 32
y11: client 1: request 3 opcode 55 len 20 bytes: 37 00 05 00 00 00 20 00 21 00 00 00 08 00 00 00 ff ff ff 00
y11: client 1: request 4 opcode 20 len 24 bytes: 14 00 06 00 21 00 00 00 17 00 00 00 1f 00 00 00 00 00 00 00
y11: client 1: reply seq 4 len 32
y11: client 1: request 5 opcode 98 len 20 bytes: 62 00 05 00 09 00 20 00 58 4b 45 59 42 4f 41 52 44 00 00 00
y11: client 1: reply seq 5 len 32
y11: client 1: request 6 opcode 18 len 128 bytes: 12 00 20 00 21 00 00 00 27 00 00 00 1f 00 00 00 08 ff ff 00
y11: client 0: event type 28
y11: client 1: request 7 opcode 60 len 8 bytes: 3c 00 02 00 00 00 20 00
y11: client 1: request 8 opcode 43 len 4 bytes: 2b 00 01 00
y11: client 1: reply seq 8 len 32
y11: client 1: disconnect
y11: client 0: request 745 opcode 20 len 24 bytes: 14 00 06 00 21 00 00 00 27 00 00 00 00 00 00 00 00 00 00 00
y11: client 0: reply seq 745 len 32
y11: client 0: request 746 opcode 70 len 20 bytes: 46 00 05 00 01 00 10 00 02 00 10 00 22 02 00 00 5e 05 2a 00
y11: client 0: request 747 opcode 139 len 20 bytes: 8b 04 05 00 3e 00 10 00 01 00 10 00 02 01 00 00 00 00 00 00
y11: client 0: request 748 opcode 139 len 40 bytes: 8b 18 0a 00 03 00 10 00 11 00 10 00 3e 00 10 00 03 01 00 00
y11: client 0: request 749 opcode 139 len 104 bytes: 8b 17 1a 00 03 00 00 00 11 00 10 00 3e 00 10 00 03 01 00 00
y11: client 0: request 750 opcode 139 len 40 bytes: 8b 18 0a 00 03 00 00 00 11 00 10 00 3e 00 10 00 03 01 00 00
y11: client 0: request 751 opcode 139 len 68 bytes: 8b 17 11 00 03 00 00 00 11 00 10 00 3e 00 10 00 03 01 00 00
y11: client 0: request 752 opcode 139 len 8 bytes: 8b 07 02 00 3e 00 10 00
y11: client 0: request 753 opcode 56 len 16 bytes: 38 00 04 00 02 00 10 00 04 00 00 00 98 98 a4 00
y11: client 0: request 754 opcode 70 len 20 bytes: 46 00 05 00 01 00 10 00 02 00 10 00 00 00 00 00 30 00 2a 00
y11: client 0: request 755 opcode 139 len 20 bytes: 8b 04 05 00 3f 00 10 00 01 00 10 00 02 01 00 00 00 00 00 00
y11: client 0: request 756 opcode 139 len 40 bytes: 8b 17 0a 00 03 00 0c 01 11 00 10 00 3f 00 10 00 03 01 00 00
y11: client 0: request 757 opcode 139 len 8 bytes: 8b 07 02 00 3f 00 10 00
y11: client 0: request 758 opcode 56 len 16 bytes: 38 00 04 00 02 00 10 00 04 00 00 00 19 15 0a 00
y11: client 0: request 759 opcode 70 len 28 bytes: 46 00 07 00 01 00 10 00 02 00 10 00 30 00 00 00 22 00 2a 00
y11: client 0: request 760 opcode 62 len 28 bytes: 3e 00 07 00 01 00 10 00 0d 00 10 00 02 00 10 00 00 00 00 00
y11: client 0: request 761 opcode 43 len 4 bytes: 2b 00 01 00
y11: client 0: reply seq 761 len 32
y11: client 1: request 1 opcode 98 len 20 bytes: 62 00 05 00 0c 00 00 00 42 49 47 2d 52 45 51 55 45 53 54 53
y11: client 1: reply seq 1 len 32
y11: client 1: request 2 opcode 128 len 4 bytes: 80 00 01 00
y11: client 1: reply seq 2 len 32
y11: client 1: request 3 opcode 55 len 20 bytes: 37 00 05 00 00 00 20 00 21 00 00 00 08 00 00 00 ff ff ff 00
y11: client 1: request 4 opcode 20 len 24 bytes: 14 00 06 00 21 00 00 00 17 00 00 00 1f 00 00 00 00 00 00 00
y11: client 1: reply seq 4 len 32
y11: client 1: request 5 opcode 98 len 20 bytes: 62 00 05 00 09 00 20 00 58 4b 45 59 42 4f 41 52 44 00 00 00
y11: client 1: reply seq 5 len 32
y11: client 1: request 6 opcode 18 len 128 bytes: 12 00 20 00 21 00 00 00 27 00 00 00 1f 00 00 00 08 ff ff 00
y11: client 0: event type 28
y11: client 1: request 7 opcode 60 len 8 bytes: 3c 00 02 00 00 00 20 00
y11: client 1: request 8 opcode 43 len 4 bytes: 2b 00 01 00
y11: client 1: reply seq 8 len 32
y11: client 1: disconnect
y11: client 0: request 762 opcode 20 len 24 bytes: 14 00 06 00 21 00 00 00 27 00 00 00 00 00 00 00 00 00 00 00
y11: client 0: reply seq 762 len 32
y11: client 0: request 763 opcode 70 len 20 bytes: 46 00 05 00 01 00 10 00 02 00 10 00 22 02 00 00 5e 05 2a 00
y11: client 0: request 764 opcode 139 len 20 bytes: 8b 04 05 00 40 00 10 00 01 00 10 00 02 01 00 00 00 00 00 00
y11: client 0: request 765 opcode 139 len 40 bytes: 8b 18 0a 00 03 00 10 00 11 00 10 00 40 00 10 00 03 01 00 00
y11: client 0: request 766 opcode 139 len 104 bytes: 8b 17 1a 00 03 00 00 00 11 00 10 00 40 00 10 00 03 01 00 00
y11: client 0: request 767 opcode 139 len 40 bytes: 8b 18 0a 00 03 00 00 00 11 00 10 00 40 00 10 00 03 01 00 00
y11: client 0: request 768 opcode 139 len 68 bytes: 8b 17 11 00 03 00 00 00 11 00 10 00 40 00 10 00 03 01 00 00
y11: client 0: request 769 opcode 139 len 8 bytes: 8b 07 02 00 40 00 10 00
y11: client 0: request 770 opcode 56 len 16 bytes: 38 00 04 00 02 00 10 00 04 00 00 00 98 98 a4 00
y11: client 0: request 771 opcode 70 len 20 bytes: 46 00 05 00 01 00 10 00 02 00 10 00 00 00 00 00 30 00 2a 00
y11: client 0: request 772 opcode 139 len 20 bytes: 8b 04 05 00 41 00 10 00 01 00 10 00 02 01 00 00 00 00 00 00
y11: client 0: request 773 opcode 139 len 40 bytes: 8b 17 0a 00 03 00 0c 01 11 00 10 00 41 00 10 00 03 01 00 00
y11: client 0: request 774 opcode 139 len 8 bytes: 8b 07 02 00 41 00 10 00
y11: client 0: request 775 opcode 56 len 16 bytes: 38 00 04 00 02 00 10 00 04 00 00 00 19 15 0a 00
y11: client 0: request 776 opcode 70 len 28 bytes: 46 00 07 00 01 00 10 00 02 00 10 00 30 00 00 00 22 00 2a 00
y11: client 0: request 777 opcode 62 len 28 bytes: 3e 00 07 00 01 00 10 00 0d 00 10 00 02 00 10 00 00 00 00 00
y11: client 0: request 778 opcode 43 len 4 bytes: 2b 00 01 00
y11: client 0: reply seq 778 len 32
y11: client 1: request 1 opcode 98 len 20 bytes: 62 00 05 00 0c 00 00 00 42 49 47 2d 52 45 51 55 45 53 54 53
y11: client 1: reply seq 1 len 32
y11: client 1: request 2 opcode 128 len 4 bytes: 80 00 01 00
y11: client 1: reply seq 2 len 32
y11: client 1: request 3 opcode 55 len 20 bytes: 37 00 05 00 00 00 20 00 21 00 00 00 08 00 00 00 ff ff ff 00
y11: client 1: request 4 opcode 20 len 24 bytes: 14 00 06 00 21 00 00 00 17 00 00 00 1f 00 00 00 00 00 00 00
y11: client 1: reply seq 4 len 32
y11: client 1: request 5 opcode 98 len 20 bytes: 62 00 05 00 09 00 20 00 58 4b 45 59 42 4f 41 52 44 00 00 00
y11: client 1: reply seq 5 len 32
y11: client 1: request 6 opcode 18 len 128 bytes: 12 00 20 00 21 00 00 00 27 00 00 00 1f 00 00 00 08 ff ff 00
y11: client 0: event type 28
y11: client 1: request 7 opcode 60 len 8 bytes: 3c 00 02 00 00 00 20 00
y11: client 1: request 8 opcode 43 len 4 bytes: 2b 00 01 00
y11: client 1: reply seq 8 len 32
y11: client 1: disconnect
y11: client 0: request 779 opcode 20 len 24 bytes: 14 00 06 00 21 00 00 00 27 00 00 00 00 00 00 00 00 00 00 00
y11: client 0: reply seq 779 len 32
y11: client 0: request 780 opcode 70 len 20 bytes: 46 00 05 00 01 00 10 00 02 00 10 00 22 02 00 00 5e 05 2a 00
y11: client 0: request 781 opcode 139 len 20 bytes: 8b 04 05 00 42 00 10 00 01 00 10 00 02 01 00 00 00 00 00 00
y11: client 0: request 782 opcode 139 len 40 bytes: 8b 18 0a 00 03 00 10 00 11 00 10 00 42 00 10 00 03 01 00 00
y11: client 0: request 783 opcode 139 len 104 bytes: 8b 17 1a 00 03 00 00 00 11 00 10 00 42 00 10 00 03 01 00 00
y11: client 0: request 784 opcode 139 len 40 bytes: 8b 18 0a 00 03 00 00 00 11 00 10 00 42 00 10 00 03 01 00 00
y11: client 0: request 785 opcode 139 len 68 bytes: 8b 17 11 00 03 00 00 00 11 00 10 00 42 00 10 00 03 01 00 00
y11: client 0: request 786 opcode 139 len 8 bytes: 8b 07 02 00 42 00 10 00
y11: client 0: request 787 opcode 56 len 16 bytes: 38 00 04 00 02 00 10 00 04 00 00 00 98 98 a4 00
y11: client 0: request 788 opcode 70 len 20 bytes: 46 00 05 00 01 00 10 00 02 00 10 00 00 00 00 00 30 00 2a 00
y11: client 0: request 789 opcode 139 len 20 bytes: 8b 04 05 00 43 00 10 00 01 00 10 00 02 01 00 00 00 00 00 00
y11: client 0: request 790 opcode 139 len 40 bytes: 8b 17 0a 00 03 00 0c 01 11 00 10 00 43 00 10 00 03 01 00 00
y11: client 0: request 791 opcode 139 len 8 bytes: 8b 07 02 00 43 00 10 00
y11: client 0: request 792 opcode 56 len 16 bytes: 38 00 04 00 02 00 10 00 04 00 00 00 19 15 0a 00
y11: client 0: request 793 opcode 70 len 28 bytes: 46 00 07 00 01 00 10 00 02 00 10 00 30 00 00 00 22 00 2a 00
y11: client 0: request 794 opcode 62 len 28 bytes: 3e 00 07 00 01 00 10 00 0d 00 10 00 02 00 10 00 00 00 00 00
y11: client 0: request 795 opcode 43 len 4 bytes: 2b 00 01 00
y11: client 0: reply seq 795 len 32
y11: client 1: request 1 opcode 98 len 20 bytes: 62 00 05 00 0c 00 00 00 42 49 47 2d 52 45 51 55 45 53 54 53
y11: client 1: reply seq 1 len 32
y11: client 1: request 2 opcode 128 len 4 bytes: 80 00 01 00
y11: client 1: reply seq 2 len 32
y11: client 1: request 3 opcode 55 len 20 bytes: 37 00 05 00 00 00 20 00 21 00 00 00 08 00 00 00 ff ff ff 00
y11: client 1: request 4 opcode 20 len 24 bytes: 14 00 06 00 21 00 00 00 17 00 00 00 1f 00 00 00 00 00 00 00
y11: client 1: reply seq 4 len 32
y11: client 1: request 5 opcode 98 len 20 bytes: 62 00 05 00 09 00 20 00 58 4b 45 59 42 4f 41 52 44 00 00 00
y11: client 1: reply seq 5 len 32
y11: client 1: request 6 opcode 18 len 128 bytes: 12 00 20 00 21 00 00 00 27 00 00 00 1f 00 00 00 08 ff ff 00
y11: client 0: event type 28
y11: client 1: request 7 opcode 60 len 8 bytes: 3c 00 02 00 00 00 20 00
y11: client 1: request 8 opcode 43 len 4 bytes: 2b 00 01 00
y11: client 1: reply seq 8 len 32
y11: client 1: disconnect
y11: client 0: request 796 opcode 20 len 24 bytes: 14 00 06 00 21 00 00 00 27 00 00 00 00 00 00 00 00 00 00 00
y11: client 0: reply seq 796 len 32
y11: client 0: request 797 opcode 70 len 20 bytes: 46 00 05 00 01 00 10 00 02 00 10 00 22 02 00 00 5e 05 2a 00
y11: client 0: request 798 opcode 139 len 20 bytes: 8b 04 05 00 44 00 10 00 01 00 10 00 02 01 00 00 00 00 00 00
y11: client 0: request 799 opcode 139 len 40 bytes: 8b 18 0a 00 03 00 10 00 11 00 10 00 44 00 10 00 03 01 00 00
y11: client 0: request 800 opcode 139 len 104 bytes: 8b 17 1a 00 03 00 00 00 11 00 10 00 44 00 10 00 03 01 00 00
y11: client 0: request 801 opcode 139 len 40 bytes: 8b 18 0a 00 03 00 00 00 11 00 10 00 44 00 10 00 03 01 00 00
y11: client 0: request 802 opcode 139 len 68 bytes: 8b 17 11 00 03 00 00 00 11 00 10 00 44 00 10 00 03 01 00 00
y11: client 0: request 803 opcode 139 len 8 bytes: 8b 07 02 00 44 00 10 00
y11: client 0: request 804 opcode 56 len 16 bytes: 38 00 04 00 02 00 10 00 04 00 00 00 98 98 a4 00
y11: client 0: request 805 opcode 70 len 20 bytes: 46 00 05 00 01 00 10 00 02 00 10 00 00 00 00 00 30 00 2a 00
y11: client 0: request 806 opcode 139 len 20 bytes: 8b 04 05 00 45 00 10 00 01 00 10 00 02 01 00 00 00 00 00 00
y11: client 0: request 807 opcode 139 len 40 bytes: 8b 17 0a 00 03 00 0c 01 11 00 10 00 45 00 10 00 03 01 00 00
y11: client 0: request 808 opcode 139 len 8 bytes: 8b 07 02 00 45 00 10 00
y11: client 0: request 809 opcode 56 len 16 bytes: 38 00 04 00 02 00 10 00 04 00 00 00 19 15 0a 00
y11: client 0: request 810 opcode 70 len 28 bytes: 46 00 07 00 01 00 10 00 02 00 10 00 30 00 00 00 22 00 2a 00
y11: client 0: request 811 opcode 62 len 28 bytes: 3e 00 07 00 01 00 10 00 0d 00 10 00 02 00 10 00 00 00 00 00
y11: client 0: request 812 opcode 43 len 4 bytes: 2b 00 01 00
y11: client 0: reply seq 812 len 32
y11: client 1: request 1 opcode 98 len 20 bytes: 62 00 05 00 0c 00 00 00 42 49 47 2d 52 45 51 55 45 53 54 53
y11: client 1: reply seq 1 len 32
y11: client 1: request 2 opcode 128 len 4 bytes: 80 00 01 00
y11: client 1: reply seq 2 len 32
y11: client 1: request 3 opcode 55 len 20 bytes: 37 00 05 00 00 00 20 00 21 00 00 00 08 00 00 00 ff ff ff 00
y11: client 1: request 4 opcode 20 len 24 bytes: 14 00 06 00 21 00 00 00 17 00 00 00 1f 00 00 00 00 00 00 00
y11: client 1: reply seq 4 len 32
y11: client 1: request 5 opcode 98 len 20 bytes: 62 00 05 00 09 00 20 00 58 4b 45 59 42 4f 41 52 44 00 00 00
y11: client 1: reply seq 5 len 32
y11: client 1: request 6 opcode 18 len 128 bytes: 12 00 20 00 21 00 00 00 27 00 00 00 1f 00 00 00 08 ff ff 00
y11: client 0: event type 28
y11: client 1: request 7 opcode 60 len 8 bytes: 3c 00 02 00 00 00 20 00
y11: client 1: request 8 opcode 43 len 4 bytes: 2b 00 01 00
y11: client 1: reply seq 8 len 32
y11: client 1: disconnect
y11: client 0: request 813 opcode 20 len 24 bytes: 14 00 06 00 21 00 00 00 27 00 00 00 00 00 00 00 00 00 00 00
y11: client 0: reply seq 813 len 32
y11: client 0: request 814 opcode 70 len 20 bytes: 46 00 05 00 01 00 10 00 02 00 10 00 22 02 00 00 5e 05 2a 00
y11: client 0: request 815 opcode 139 len 20 bytes: 8b 04 05 00 46 00 10 00 01 00 10 00 02 01 00 00 00 00 00 00
y11: client 0: request 816 opcode 139 len 40 bytes: 8b 18 0a 00 03 00 10 00 11 00 10 00 46 00 10 00 03 01 00 00
y11: client 0: request 817 opcode 139 len 104 bytes: 8b 17 1a 00 03 00 00 00 11 00 10 00 46 00 10 00 03 01 00 00
y11: client 0: request 818 opcode 139 len 40 bytes: 8b 18 0a 00 03 00 00 00 11 00 10 00 46 00 10 00 03 01 00 00
y11: client 0: request 819 opcode 139 len 68 bytes: 8b 17 11 00 03 00 00 00 11 00 10 00 46 00 10 00 03 01 00 00
y11: client 0: request 820 opcode 139 len 8 bytes: 8b 07 02 00 46 00 10 00
y11: client 0: request 821 opcode 56 len 16 bytes: 38 00 04 00 02 00 10 00 04 00 00 00 98 98 a4 00
y11: client 0: request 822 opcode 70 len 20 bytes: 46 00 05 00 01 00 10 00 02 00 10 00 00 00 00 00 30 00 2a 00
y11: client 0: request 823 opcode 139 len 20 bytes: 8b 04 05 00 47 00 10 00 01 00 10 00 02 01 00 00 00 00 00 00
y11: client 0: request 824 opcode 139 len 40 bytes: 8b 17 0a 00 03 00 0c 01 11 00 10 00 47 00 10 00 03 01 00 00
y11: client 0: request 825 opcode 139 len 8 bytes: 8b 07 02 00 47 00 10 00
y11: client 0: request 826 opcode 56 len 16 bytes: 38 00 04 00 02 00 10 00 04 00 00 00 19 15 0a 00
y11: client 0: request 827 opcode 70 len 28 bytes: 46 00 07 00 01 00 10 00 02 00 10 00 30 00 00 00 22 00 2a 00
y11: client 0: request 828 opcode 62 len 28 bytes: 3e 00 07 00 01 00 10 00 0d 00 10 00 02 00 10 00 00 00 00 00
y11: client 0: request 829 opcode 43 len 4 bytes: 2b 00 01 00
y11: client 0: reply seq 829 len 32
y11: client 1: request 1 opcode 98 len 20 bytes: 62 00 05 00 0c 00 00 00 42 49 47 2d 52 45 51 55 45 53 54 53
y11: client 1: reply seq 1 len 32
y11: client 1: request 2 opcode 128 len 4 bytes: 80 00 01 00
y11: client 1: reply seq 2 len 32
y11: client 1: request 3 opcode 55 len 20 bytes: 37 00 05 00 00 00 20 00 21 00 00 00 08 00 00 00 ff ff ff 00
y11: client 1: request 4 opcode 20 len 24 bytes: 14 00 06 00 21 00 00 00 17 00 00 00 1f 00 00 00 00 00 00 00
y11: client 1: reply seq 4 len 32
y11: client 1: request 5 opcode 98 len 20 bytes: 62 00 05 00 09 00 20 00 58 4b 45 59 42 4f 41 52 44 00 00 00
y11: client 1: reply seq 5 len 32
y11: client 1: request 6 opcode 18 len 128 bytes: 12 00 20 00 21 00 00 00 27 00 00 00 1f 00 00 00 08 ff ff 00
y11: client 0: event type 28
y11: client 1: request 7 opcode 60 len 8 bytes: 3c 00 02 00 00 00 20 00
y11: client 1: request 8 opcode 43 len 4 bytes: 2b 00 01 00
y11: client 1: reply seq 8 len 32
y11: client 1: disconnect
y11: client 0: request 830 opcode 20 len 24 bytes: 14 00 06 00 21 00 00 00 27 00 00 00 00 00 00 00 00 00 00 00
y11: client 0: reply seq 830 len 32
y11: client 0: request 831 opcode 70 len 20 bytes: 46 00 05 00 01 00 10 00 02 00 10 00 22 02 00 00 5e 05 2a 00
y11: client 0: request 832 opcode 139 len 20 bytes: 8b 04 05 00 48 00 10 00 01 00 10 00 02 01 00 00 00 00 00 00
y11: client 0: request 833 opcode 139 len 40 bytes: 8b 18 0a 00 03 00 10 00 11 00 10 00 48 00 10 00 03 01 00 00
y11: client 0: request 834 opcode 139 len 104 bytes: 8b 17 1a 00 03 00 00 00 11 00 10 00 48 00 10 00 03 01 00 00
y11: client 0: request 835 opcode 139 len 40 bytes: 8b 18 0a 00 03 00 00 00 11 00 10 00 48 00 10 00 03 01 00 00
y11: client 0: request 836 opcode 139 len 68 bytes: 8b 17 11 00 03 00 00 00 11 00 10 00 48 00 10 00 03 01 00 00
y11: client 0: request 837 opcode 139 len 8 bytes: 8b 07 02 00 48 00 10 00
y11: client 0: request 838 opcode 56 len 16 bytes: 38 00 04 00 02 00 10 00 04 00 00 00 98 98 a4 00
y11: client 0: request 839 opcode 70 len 20 bytes: 46 00 05 00 01 00 10 00 02 00 10 00 00 00 00 00 30 00 2a 00
y11: client 0: request 840 opcode 139 len 20 bytes: 8b 04 05 00 49 00 10 00 01 00 10 00 02 01 00 00 00 00 00 00
y11: client 0: request 841 opcode 139 len 40 bytes: 8b 17 0a 00 03 00 0c 01 11 00 10 00 49 00 10 00 03 01 00 00
y11: client 0: request 842 opcode 139 len 8 bytes: 8b 07 02 00 49 00 10 00
y11: client 0: request 843 opcode 56 len 16 bytes: 38 00 04 00 02 00 10 00 04 00 00 00 19 15 0a 00
y11: client 0: request 844 opcode 70 len 28 bytes: 46 00 07 00 01 00 10 00 02 00 10 00 30 00 00 00 22 00 2a 00
y11: client 0: request 845 opcode 62 len 28 bytes: 3e 00 07 00 01 00 10 00 0d 00 10 00 02 00 10 00 00 00 00 00
y11: client 0: request 846 opcode 43 len 4 bytes: 2b 00 01 00
y11: client 0: reply seq 846 len 32
y11: client 1: request 1 opcode 98 len 20 bytes: 62 00 05 00 0c 00 00 00 42 49 47 2d 52 45 51 55 45 53 54 53
y11: client 1: reply seq 1 len 32
y11: client 1: request 2 opcode 128 len 4 bytes: 80 00 01 00
y11: client 1: reply seq 2 len 32
y11: client 1: request 3 opcode 55 len 20 bytes: 37 00 05 00 00 00 20 00 21 00 00 00 08 00 00 00 ff ff ff 00
y11: client 1: request 4 opcode 20 len 24 bytes: 14 00 06 00 21 00 00 00 17 00 00 00 1f 00 00 00 00 00 00 00
y11: client 1: reply seq 4 len 32
y11: client 1: request 5 opcode 98 len 20 bytes: 62 00 05 00 09 00 20 00 58 4b 45 59 42 4f 41 52 44 00 00 00
y11: client 1: reply seq 5 len 32
y11: client 1: request 6 opcode 18 len 128 bytes: 12 00 20 00 21 00 00 00 27 00 00 00 1f 00 00 00 08 ff ff 00
y11: client 0: event type 28
y11: client 1: request 7 opcode 60 len 8 bytes: 3c 00 02 00 00 00 20 00
y11: client 1: request 8 opcode 43 len 4 bytes: 2b 00 01 00
y11: client 1: reply seq 8 len 32
y11: client 0: request 847 opcode 20 len 24 bytes: 14 00 06 00 21 00 00 00 27 00 00 00 00 00 00 00 00 00 00 00
y11: client 0: reply seq 847 len 32
y11: client 1: disconnect
y11: client 0: request 848 opcode 70 len 20 bytes: 46 00 05 00 01 00 10 00 02 00 10 00 22 02 00 00 5e 05 2a 00
y11: client 0: request 849 opcode 139 len 20 bytes: 8b 04 05 00 4a 00 10 00 01 00 10 00 02 01 00 00 00 00 00 00
y11: client 0: request 850 opcode 139 len 40 bytes: 8b 18 0a 00 03 00 10 00 11 00 10 00 4a 00 10 00 03 01 00 00
y11: client 0: request 851 opcode 139 len 104 bytes: 8b 17 1a 00 03 00 00 00 11 00 10 00 4a 00 10 00 03 01 00 00
y11: client 0: request 852 opcode 139 len 40 bytes: 8b 18 0a 00 03 00 00 00 11 00 10 00 4a 00 10 00 03 01 00 00
y11: client 0: request 853 opcode 139 len 68 bytes: 8b 17 11 00 03 00 00 00 11 00 10 00 4a 00 10 00 03 01 00 00
y11: client 0: request 854 opcode 139 len 8 bytes: 8b 07 02 00 4a 00 10 00
y11: client 0: request 855 opcode 56 len 16 bytes: 38 00 04 00 02 00 10 00 04 00 00 00 98 98 a4 00
y11: client 0: request 856 opcode 70 len 20 bytes: 46 00 05 00 01 00 10 00 02 00 10 00 00 00 00 00 30 00 2a 00
y11: client 0: request 857 opcode 139 len 20 bytes: 8b 04 05 00 4b 00 10 00 01 00 10 00 02 01 00 00 00 00 00 00
y11: client 0: request 858 opcode 139 len 40 bytes: 8b 17 0a 00 03 00 0c 01 11 00 10 00 4b 00 10 00 03 01 00 00
y11: client 0: request 859 opcode 139 len 8 bytes: 8b 07 02 00 4b 00 10 00
y11: client 0: request 860 opcode 56 len 16 bytes: 38 00 04 00 02 00 10 00 04 00 00 00 19 15 0a 00
y11: client 0: request 861 opcode 70 len 28 bytes: 46 00 07 00 01 00 10 00 02 00 10 00 30 00 00 00 22 00 2a 00
y11: client 0: request 862 opcode 62 len 28 bytes: 3e 00 07 00 01 00 10 00 0d 00 10 00 02 00 10 00 00 00 00 00
y11: client 0: request 863 opcode 43 len 4 bytes: 2b 00 01 00
y11: client 0: reply seq 863 len 32
y11: client 1: request 1 opcode 98 len 20 bytes: 62 00 05 00 0c 00 00 00 42 49 47 2d 52 45 51 55 45 53 54 53
y11: client 1: reply seq 1 len 32
y11: client 1: request 2 opcode 128 len 4 bytes: 80 00 01 00
y11: client 1: reply seq 2 len 32
y11: client 1: request 3 opcode 55 len 20 bytes: 37 00 05 00 00 00 20 00 21 00 00 00 08 00 00 00 ff ff ff 00
y11: client 1: request 4 opcode 20 len 24 bytes: 14 00 06 00 21 00 00 00 17 00 00 00 1f 00 00 00 00 00 00 00
y11: client 1: reply seq 4 len 32
y11: client 1: request 5 opcode 98 len 20 bytes: 62 00 05 00 09 00 20 00 58 4b 45 59 42 4f 41 52 44 00 00 00
y11: client 1: reply seq 5 len 32
y11: client 1: request 6 opcode 18 len 128 bytes: 12 00 20 00 21 00 00 00 27 00 00 00 1f 00 00 00 08 ff ff 00
y11: client 0: event type 28
y11: client 1: request 7 opcode 60 len 8 bytes: 3c 00 02 00 00 00 20 00
y11: client 1: request 8 opcode 43 len 4 bytes: 2b 00 01 00
y11: client 1: reply seq 8 len 32
y11: client 1: disconnect
y11: client 0: request 864 opcode 20 len 24 bytes: 14 00 06 00 21 00 00 00 27 00 00 00 00 00 00 00 00 00 00 00
y11: client 0: reply seq 864 len 32
y11: client 0: request 865 opcode 70 len 20 bytes: 46 00 05 00 01 00 10 00 02 00 10 00 22 02 00 00 5e 05 2a 00
y11: client 0: request 866 opcode 139 len 20 bytes: 8b 04 05 00 4c 00 10 00 01 00 10 00 02 01 00 00 00 00 00 00
y11: client 0: request 867 opcode 139 len 40 bytes: 8b 18 0a 00 03 00 10 00 11 00 10 00 4c 00 10 00 03 01 00 00
y11: client 0: request 868 opcode 139 len 104 bytes: 8b 17 1a 00 03 00 00 00 11 00 10 00 4c 00 10 00 03 01 00 00
y11: client 0: request 869 opcode 139 len 40 bytes: 8b 18 0a 00 03 00 00 00 11 00 10 00 4c 00 10 00 03 01 00 00
y11: client 0: request 870 opcode 139 len 68 bytes: 8b 17 11 00 03 00 00 00 11 00 10 00 4c 00 10 00 03 01 00 00
y11: client 0: request 871 opcode 139 len 8 bytes: 8b 07 02 00 4c 00 10 00
y11: client 0: request 872 opcode 56 len 16 bytes: 38 00 04 00 02 00 10 00 04 00 00 00 98 98 a4 00
y11: client 0: request 873 opcode 70 len 20 bytes: 46 00 05 00 01 00 10 00 02 00 10 00 00 00 00 00 30 00 2a 00
y11: client 0: request 874 opcode 139 len 20 bytes: 8b 04 05 00 4d 00 10 00 01 00 10 00 02 01 00 00 00 00 00 00
y11: client 0: request 875 opcode 139 len 40 bytes: 8b 17 0a 00 03 00 0c 01 11 00 10 00 4d 00 10 00 03 01 00 00
y11: client 0: request 876 opcode 139 len 8 bytes: 8b 07 02 00 4d 00 10 00
y11: client 0: request 877 opcode 56 len 16 bytes: 38 00 04 00 02 00 10 00 04 00 00 00 19 15 0a 00
y11: client 0: request 878 opcode 70 len 28 bytes: 46 00 07 00 01 00 10 00 02 00 10 00 30 00 00 00 22 00 2a 00
y11: client 0: request 879 opcode 62 len 28 bytes: 3e 00 07 00 01 00 10 00 0d 00 10 00 02 00 10 00 00 00 00 00
y11: client 0: request 880 opcode 43 len 4 bytes: 2b 00 01 00
y11: client 0: reply seq 880 len 32
y11: client 1: request 1 opcode 98 len 20 bytes: 62 00 05 00 0c 00 00 00 42 49 47 2d 52 45 51 55 45 53 54 53
y11: client 1: reply seq 1 len 32
y11: client 1: request 2 opcode 128 len 4 bytes: 80 00 01 00
y11: client 1: reply seq 2 len 32
y11: client 1: request 3 opcode 55 len 20 bytes: 37 00 05 00 00 00 20 00 21 00 00 00 08 00 00 00 ff ff ff 00
y11: client 1: request 4 opcode 20 len 24 bytes: 14 00 06 00 21 00 00 00 17 00 00 00 1f 00 00 00 00 00 00 00
y11: client 1: reply seq 4 len 32
y11: client 1: request 5 opcode 98 len 20 bytes: 62 00 05 00 09 00 20 00 58 4b 45 59 42 4f 41 52 44 00 00 00
y11: client 1: reply seq 5 len 32
y11: client 1: request 6 opcode 18 len 128 bytes: 12 00 20 00 21 00 00 00 27 00 00 00 1f 00 00 00 08 ff ff 00
y11: client 0: event type 28
y11: client 1: request 7 opcode 60 len 8 bytes: 3c 00 02 00 00 00 20 00
y11: client 1: request 8 opcode 43 len 4 bytes: 2b 00 01 00
y11: client 1: reply seq 8 len 32
y11: client 1: disconnect
y11: client 0: request 881 opcode 20 len 24 bytes: 14 00 06 00 21 00 00 00 27 00 00 00 00 00 00 00 00 00 00 00
y11: client 0: reply seq 881 len 32
y11: client 0: request 882 opcode 70 len 20 bytes: 46 00 05 00 01 00 10 00 02 00 10 00 22 02 00 00 5e 05 2a 00
y11: client 0: request 883 opcode 139 len 20 bytes: 8b 04 05 00 4e 00 10 00 01 00 10 00 02 01 00 00 00 00 00 00
y11: client 0: request 884 opcode 139 len 40 bytes: 8b 18 0a 00 03 00 10 00 11 00 10 00 4e 00 10 00 03 01 00 00
y11: client 0: request 885 opcode 139 len 104 bytes: 8b 17 1a 00 03 00 00 00 11 00 10 00 4e 00 10 00 03 01 00 00
y11: client 0: request 886 opcode 139 len 40 bytes: 8b 18 0a 00 03 00 00 00 11 00 10 00 4e 00 10 00 03 01 00 00
y11: client 0: request 887 opcode 139 len 68 bytes: 8b 17 11 00 03 00 00 00 11 00 10 00 4e 00 10 00 03 01 00 00
y11: client 0: request 888 opcode 139 len 8 bytes: 8b 07 02 00 4e 00 10 00
y11: client 0: request 889 opcode 56 len 16 bytes: 38 00 04 00 02 00 10 00 04 00 00 00 98 98 a4 00
y11: client 0: request 890 opcode 70 len 20 bytes: 46 00 05 00 01 00 10 00 02 00 10 00 00 00 00 00 30 00 2a 00
y11: client 0: request 891 opcode 139 len 20 bytes: 8b 04 05 00 4f 00 10 00 01 00 10 00 02 01 00 00 00 00 00 00
y11: client 0: request 892 opcode 139 len 40 bytes: 8b 17 0a 00 03 00 0c 01 11 00 10 00 4f 00 10 00 03 01 00 00
y11: client 0: request 893 opcode 139 len 8 bytes: 8b 07 02 00 4f 00 10 00
y11: client 0: request 894 opcode 56 len 16 bytes: 38 00 04 00 02 00 10 00 04 00 00 00 19 15 0a 00
y11: client 0: request 895 opcode 70 len 28 bytes: 46 00 07 00 01 00 10 00 02 00 10 00 30 00 00 00 22 00 2a 00
y11: client 0: request 896 opcode 62 len 28 bytes: 3e 00 07 00 01 00 10 00 0d 00 10 00 02 00 10 00 00 00 00 00
y11: client 0: request 897 opcode 43 len 4 bytes: 2b 00 01 00
y11: client 0: reply seq 897 len 32
y11: client 1: request 1 opcode 98 len 20 bytes: 62 00 05 00 0c 00 00 00 42 49 47 2d 52 45 51 55 45 53 54 53
y11: client 1: reply seq 1 len 32
y11: client 1: request 2 opcode 128 len 4 bytes: 80 00 01 00
y11: client 1: reply seq 2 len 32
y11: client 1: request 3 opcode 55 len 20 bytes: 37 00 05 00 00 00 20 00 21 00 00 00 08 00 00 00 ff ff ff 00
y11: client 1: request 4 opcode 20 len 24 bytes: 14 00 06 00 21 00 00 00 17 00 00 00 1f 00 00 00 00 00 00 00
y11: client 1: reply seq 4 len 32
y11: client 1: request 5 opcode 98 len 20 bytes: 62 00 05 00 09 00 20 00 58 4b 45 59 42 4f 41 52 44 00 00 00
y11: client 1: reply seq 5 len 32
y11: client 1: request 6 opcode 18 len 124 bytes: 12 00 1f 00 21 00 00 00 27 00 00 00 1f 00 00 00 08 ff ff 00
y11: client 0: event type 28
y11: client 1: request 7 opcode 60 len 8 bytes: 3c 00 02 00 00 00 20 00
y11: client 1: request 8 opcode 43 len 4 bytes: 2b 00 01 00
y11: client 1: reply seq 8 len 32
y11: client 1: disconnect
y11: client 0: request 898 opcode 20 len 24 bytes: 14 00 06 00 21 00 00 00 27 00 00 00 00 00 00 00 00 00 00 00
y11: client 0: reply seq 898 len 32
y11: client 0: request 899 opcode 70 len 20 bytes: 46 00 05 00 01 00 10 00 02 00 10 00 30 02 00 00 50 05 2a 00
y11: client 0: request 900 opcode 139 len 20 bytes: 8b 04 05 00 50 00 10 00 01 00 10 00 02 01 00 00 00 00 00 00
y11: client 0: request 901 opcode 139 len 40 bytes: 8b 18 0a 00 03 00 10 00 11 00 10 00 50 00 10 00 03 01 00 00
y11: client 0: request 902 opcode 139 len 104 bytes: 8b 17 1a 00 03 00 00 00 11 00 10 00 50 00 10 00 03 01 00 00
y11: client 0: request 903 opcode 139 len 40 bytes: 8b 18 0a 00 03 00 00 00 11 00 10 00 50 00 10 00 03 01 00 00
y11: client 0: request 904 opcode 139 len 68 bytes: 8b 17 11 00 03 00 00 00 11 00 10 00 50 00 10 00 03 01 00 00
y11: client 0: request 905 opcode 139 len 8 bytes: 8b 07 02 00 50 00 10 00
y11: client 0: request 906 opcode 56 len 16 bytes: 38 00 04 00 02 00 10 00 04 00 00 00 98 98 a4 00
y11: client 0: request 907 opcode 70 len 20 bytes: 46 00 05 00 01 00 10 00 02 00 10 00 00 00 00 00 30 00 2a 00
y11: client 0: request 908 opcode 139 len 20 bytes: 8b 04 05 00 51 00 10 00 01 00 10 00 02 01 00 00 00 00 00 00
y11: client 0: request 909 opcode 139 len 40 bytes: 8b 17 0a 00 03 00 0c 01 11 00 10 00 51 00 10 00 03 01 00 00
y11: client 0: request 910 opcode 139 len 8 bytes: 8b 07 02 00 51 00 10 00
y11: client 0: request 911 opcode 56 len 16 bytes: 38 00 04 00 02 00 10 00 04 00 00 00 19 15 0a 00
y11: client 0: request 912 opcode 70 len 28 bytes: 46 00 07 00 01 00 10 00 02 00 10 00 30 00 00 00 22 00 2a 00
y11: client 0: request 913 opcode 62 len 28 bytes: 3e 00 07 00 01 00 10 00 0d 00 10 00 02 00 10 00 00 00 00 00
y11: client 0: request 914 opcode 43 len 4 bytes: 2b 00 01 00
y11: client 0: reply seq 914 len 32
y11: client 1: request 1 opcode 98 len 20 bytes: 62 00 05 00 0c 00 00 00 42 49 47 2d 52 45 51 55 45 53 54 53
y11: client 1: reply seq 1 len 32
y11: client 1: request 2 opcode 128 len 4 bytes: 80 00 01 00
y11: client 1: reply seq 2 len 32
y11: client 1: request 3 opcode 55 len 20 bytes: 37 00 05 00 00 00 20 00 21 00 00 00 08 00 00 00 ff ff ff 00
y11: client 1: request 4 opcode 20 len 24 bytes: 14 00 06 00 21 00 00 00 17 00 00 00 1f 00 00 00 00 00 00 00
y11: client 1: reply seq 4 len 32
y11: client 1: request 5 opcode 98 len 20 bytes: 62 00 05 00 09 00 20 00 58 4b 45 59 42 4f 41 52 44 00 00 00
y11: client 1: reply seq 5 len 32
y11: client 1: request 6 opcode 18 len 124 bytes: 12 00 1f 00 21 00 00 00 27 00 00 00 1f 00 00 00 08 ff ff 00
y11: client 0: event type 28
y11: client 1: request 7 opcode 60 len 8 bytes: 3c 00 02 00 00 00 20 00
y11: client 1: request 8 opcode 43 len 4 bytes: 2b 00 01 00
y11: client 1: reply seq 8 len 32
y11: client 1: disconnect
y11: client 0: request 915 opcode 20 len 24 bytes: 14 00 06 00 21 00 00 00 27 00 00 00 00 00 00 00 00 00 00 00
y11: client 0: reply seq 915 len 32
y11: client 0: request 916 opcode 70 len 20 bytes: 46 00 05 00 01 00 10 00 02 00 10 00 30 02 00 00 50 05 2a 00
y11: client 0: request 917 opcode 139 len 20 bytes: 8b 04 05 00 52 00 10 00 01 00 10 00 02 01 00 00 00 00 00 00
y11: client 0: request 918 opcode 139 len 40 bytes: 8b 18 0a 00 03 00 10 00 11 00 10 00 52 00 10 00 03 01 00 00
y11: client 0: request 919 opcode 139 len 104 bytes: 8b 17 1a 00 03 00 00 00 11 00 10 00 52 00 10 00 03 01 00 00
y11: client 0: request 920 opcode 139 len 40 bytes: 8b 18 0a 00 03 00 00 00 11 00 10 00 52 00 10 00 03 01 00 00
y11: client 0: request 921 opcode 139 len 68 bytes: 8b 17 11 00 03 00 00 00 11 00 10 00 52 00 10 00 03 01 00 00
y11: client 0: request 922 opcode 139 len 8 bytes: 8b 07 02 00 52 00 10 00
y11: client 0: request 923 opcode 56 len 16 bytes: 38 00 04 00 02 00 10 00 04 00 00 00 98 98 a4 00
y11: client 0: request 924 opcode 70 len 20 bytes: 46 00 05 00 01 00 10 00 02 00 10 00 00 00 00 00 30 00 2a 00
y11: client 0: request 925 opcode 139 len 20 bytes: 8b 04 05 00 53 00 10 00 01 00 10 00 02 01 00 00 00 00 00 00
y11: client 0: request 926 opcode 139 len 40 bytes: 8b 17 0a 00 03 00 0c 01 11 00 10 00 53 00 10 00 03 01 00 00
y11: client 0: request 927 opcode 139 len 8 bytes: 8b 07 02 00 53 00 10 00
y11: client 0: request 928 opcode 56 len 16 bytes: 38 00 04 00 02 00 10 00 04 00 00 00 19 15 0a 00
y11: client 0: request 929 opcode 70 len 28 bytes: 46 00 07 00 01 00 10 00 02 00 10 00 30 00 00 00 22 00 2a 00
y11: client 0: request 930 opcode 62 len 28 bytes: 3e 00 07 00 01 00 10 00 0d 00 10 00 02 00 10 00 00 00 00 00
y11: client 0: request 931 opcode 43 len 4 bytes: 2b 00 01 00
y11: client 0: reply seq 931 len 32
y11: client 1: request 1 opcode 98 len 20 bytes: 62 00 05 00 0c 00 00 00 42 49 47 2d 52 45 51 55 45 53 54 53
y11: client 1: reply seq 1 len 32
y11: client 1: request 2 opcode 128 len 4 bytes: 80 00 01 00
y11: client 1: reply seq 2 len 32
y11: client 1: request 3 opcode 55 len 20 bytes: 37 00 05 00 00 00 20 00 21 00 00 00 08 00 00 00 ff ff ff 00
y11: client 1: request 4 opcode 20 len 24 bytes: 14 00 06 00 21 00 00 00 17 00 00 00 1f 00 00 00 00 00 00 00
y11: client 1: reply seq 4 len 32
y11: client 1: request 5 opcode 98 len 20 bytes: 62 00 05 00 09 00 20 00 58 4b 45 59 42 4f 41 52 44 00 00 00
y11: client 1: reply seq 5 len 32
y11: client 1: request 6 opcode 18 len 128 bytes: 12 00 20 00 21 00 00 00 27 00 00 00 1f 00 00 00 08 ff ff 00
y11: client 0: event type 28
y11: client 1: request 7 opcode 60 len 8 bytes: 3c 00 02 00 00 00 20 00
y11: client 1: request 8 opcode 43 len 4 bytes: 2b 00 01 00
y11: client 1: reply seq 8 len 32
y11: client 1: disconnect
y11: client 0: request 932 opcode 20 len 24 bytes: 14 00 06 00 21 00 00 00 27 00 00 00 00 00 00 00 00 00 00 00
y11: client 0: reply seq 932 len 32
y11: client 0: request 933 opcode 70 len 20 bytes: 46 00 05 00 01 00 10 00 02 00 10 00 22 02 00 00 5e 05 2a 00
y11: client 0: request 934 opcode 139 len 20 bytes: 8b 04 05 00 54 00 10 00 01 00 10 00 02 01 00 00 00 00 00 00
y11: client 0: request 935 opcode 139 len 40 bytes: 8b 18 0a 00 03 00 10 00 11 00 10 00 54 00 10 00 03 01 00 00
y11: client 0: request 936 opcode 139 len 104 bytes: 8b 17 1a 00 03 00 00 00 11 00 10 00 54 00 10 00 03 01 00 00
y11: client 0: request 937 opcode 139 len 40 bytes: 8b 18 0a 00 03 00 00 00 11 00 10 00 54 00 10 00 03 01 00 00
y11: client 0: request 938 opcode 139 len 68 bytes: 8b 17 11 00 03 00 00 00 11 00 10 00 54 00 10 00 03 01 00 00
y11: client 0: request 939 opcode 139 len 8 bytes: 8b 07 02 00 54 00 10 00
y11: client 0: request 940 opcode 56 len 16 bytes: 38 00 04 00 02 00 10 00 04 00 00 00 98 98 a4 00
y11: client 0: request 941 opcode 70 len 20 bytes: 46 00 05 00 01 00 10 00 02 00 10 00 00 00 00 00 30 00 2a 00
y11: client 0: request 942 opcode 139 len 20 bytes: 8b 04 05 00 55 00 10 00 01 00 10 00 02 01 00 00 00 00 00 00
y11: client 0: request 943 opcode 139 len 40 bytes: 8b 17 0a 00 03 00 0c 01 11 00 10 00 55 00 10 00 03 01 00 00
y11: client 0: request 944 opcode 139 len 8 bytes: 8b 07 02 00 55 00 10 00
y11: client 0: request 945 opcode 56 len 16 bytes: 38 00 04 00 02 00 10 00 04 00 00 00 19 15 0a 00
y11: client 0: request 946 opcode 70 len 28 bytes: 46 00 07 00 01 00 10 00 02 00 10 00 30 00 00 00 22 00 2a 00
y11: client 0: request 947 opcode 62 len 28 bytes: 3e 00 07 00 01 00 10 00 0d 00 10 00 02 00 10 00 00 00 00 00
y11: client 0: request 948 opcode 43 len 4 bytes: 2b 00 01 00
y11: client 0: reply seq 948 len 32
y11: client 1: request 1 opcode 98 len 20 bytes: 62 00 05 00 0c 00 00 00 42 49 47 2d 52 45 51 55 45 53 54 53
y11: client 1: reply seq 1 len 32
y11: client 1: request 2 opcode 128 len 4 bytes: 80 00 01 00
y11: client 1: reply seq 2 len 32
y11: client 1: request 3 opcode 55 len 20 bytes: 37 00 05 00 00 00 20 00 21 00 00 00 08 00 00 00 ff ff ff 00
y11: client 1: request 4 opcode 20 len 24 bytes: 14 00 06 00 21 00 00 00 17 00 00 00 1f 00 00 00 00 00 00 00
y11: client 1: reply seq 4 len 32
y11: client 1: request 5 opcode 98 len 20 bytes: 62 00 05 00 09 00 20 00 58 4b 45 59 42 4f 41 52 44 00 00 00
y11: client 1: reply seq 5 len 32
y11: client 1: request 6 opcode 18 len 128 bytes: 12 00 20 00 21 00 00 00 27 00 00 00 1f 00 00 00 08 ff ff 00
y11: client 0: event type 28
y11: client 1: request 7 opcode 60 len 8 bytes: 3c 00 02 00 00 00 20 00
y11: client 1: request 8 opcode 43 len 4 bytes: 2b 00 01 00
y11: client 1: reply seq 8 len 32
y11: client 1: disconnect
y11: client 0: request 949 opcode 20 len 24 bytes: 14 00 06 00 21 00 00 00 27 00 00 00 00 00 00 00 00 00 00 00
y11: client 0: reply seq 949 len 32
y11: client 0: request 950 opcode 70 len 20 bytes: 46 00 05 00 01 00 10 00 02 00 10 00 22 02 00 00 5e 05 2a 00
y11: client 0: request 951 opcode 139 len 20 bytes: 8b 04 05 00 56 00 10 00 01 00 10 00 02 01 00 00 00 00 00 00
y11: client 0: request 952 opcode 139 len 40 bytes: 8b 18 0a 00 03 00 10 00 11 00 10 00 56 00 10 00 03 01 00 00
y11: client 0: request 953 opcode 139 len 104 bytes: 8b 17 1a 00 03 00 00 00 11 00 10 00 56 00 10 00 03 01 00 00
y11: client 0: request 954 opcode 139 len 40 bytes: 8b 18 0a 00 03 00 00 00 11 00 10 00 56 00 10 00 03 01 00 00
y11: client 0: request 955 opcode 139 len 68 bytes: 8b 17 11 00 03 00 00 00 11 00 10 00 56 00 10 00 03 01 00 00
y11: client 0: request 956 opcode 139 len 8 bytes: 8b 07 02 00 56 00 10 00
y11: client 0: request 957 opcode 56 len 16 bytes: 38 00 04 00 02 00 10 00 04 00 00 00 98 98 a4 00
y11: client 0: request 958 opcode 70 len 20 bytes: 46 00 05 00 01 00 10 00 02 00 10 00 00 00 00 00 30 00 2a 00
y11: client 0: request 959 opcode 139 len 20 bytes: 8b 04 05 00 57 00 10 00 01 00 10 00 02 01 00 00 00 00 00 00
y11: client 0: request 960 opcode 139 len 40 bytes: 8b 17 0a 00 03 00 0c 01 11 00 10 00 57 00 10 00 03 01 00 00
y11: client 0: request 961 opcode 139 len 8 bytes: 8b 07 02 00 57 00 10 00
y11: client 0: request 962 opcode 56 len 16 bytes: 38 00 04 00 02 00 10 00 04 00 00 00 19 15 0a 00
y11: client 0: request 963 opcode 70 len 28 bytes: 46 00 07 00 01 00 10 00 02 00 10 00 30 00 00 00 22 00 2a 00
y11: client 0: request 964 opcode 62 len 28 bytes: 3e 00 07 00 01 00 10 00 0d 00 10 00 02 00 10 00 00 00 00 00
y11: client 0: request 965 opcode 43 len 4 bytes: 2b 00 01 00
y11: client 0: reply seq 965 len 32
y11: client 1: request 1 opcode 98 len 20 bytes: 62 00 05 00 0c 00 00 00 42 49 47 2d 52 45 51 55 45 53 54 53
y11: client 1: reply seq 1 len 32
y11: client 1: request 2 opcode 128 len 4 bytes: 80 00 01 00
y11: client 1: reply seq 2 len 32
y11: client 1: request 3 opcode 55 len 20 bytes: 37 00 05 00 00 00 20 00 21 00 00 00 08 00 00 00 ff ff ff 00
y11: client 1: request 4 opcode 20 len 24 bytes: 14 00 06 00 21 00 00 00 17 00 00 00 1f 00 00 00 00 00 00 00
y11: client 1: reply seq 4 len 32
y11: client 1: request 5 opcode 98 len 20 bytes: 62 00 05 00 09 00 20 00 58 4b 45 59 42 4f 41 52 44 00 00 00
y11: client 1: reply seq 5 len 32
y11: client 1: request 6 opcode 18 len 128 bytes: 12 00 20 00 21 00 00 00 27 00 00 00 1f 00 00 00 08 ff ff 00
y11: client 0: event type 28
y11: client 1: request 7 opcode 60 len 8 bytes: 3c 00 02 00 00 00 20 00
y11: client 1: request 8 opcode 43 len 4 bytes: 2b 00 01 00
y11: client 1: reply seq 8 len 32
y11: client 0: request 966 opcode 20 len 24 bytes: 14 00 06 00 21 00 00 00 27 00 00 00 00 00 00 00 00 00 00 00
y11: client 0: reply seq 966 len 32
y11: client 1: disconnect
y11: client 0: request 967 opcode 70 len 20 bytes: 46 00 05 00 01 00 10 00 02 00 10 00 22 02 00 00 5e 05 2a 00
y11: client 0: request 968 opcode 139 len 20 bytes: 8b 04 05 00 58 00 10 00 01 00 10 00 02 01 00 00 00 00 00 00
y11: client 0: request 969 opcode 139 len 40 bytes: 8b 18 0a 00 03 00 10 00 11 00 10 00 58 00 10 00 03 01 00 00
y11: client 0: request 970 opcode 139 len 104 bytes: 8b 17 1a 00 03 00 00 00 11 00 10 00 58 00 10 00 03 01 00 00
y11: client 0: request 971 opcode 139 len 40 bytes: 8b 18 0a 00 03 00 00 00 11 00 10 00 58 00 10 00 03 01 00 00
y11: client 0: request 972 opcode 139 len 68 bytes: 8b 17 11 00 03 00 00 00 11 00 10 00 58 00 10 00 03 01 00 00
y11: client 0: request 973 opcode 139 len 8 bytes: 8b 07 02 00 58 00 10 00
y11: client 0: request 974 opcode 56 len 16 bytes: 38 00 04 00 02 00 10 00 04 00 00 00 98 98 a4 00
y11: client 0: request 975 opcode 70 len 20 bytes: 46 00 05 00 01 00 10 00 02 00 10 00 00 00 00 00 30 00 2a 00
y11: client 0: request 976 opcode 139 len 20 bytes: 8b 04 05 00 59 00 10 00 01 00 10 00 02 01 00 00 00 00 00 00
y11: client 0: request 977 opcode 139 len 40 bytes: 8b 17 0a 00 03 00 0c 01 11 00 10 00 59 00 10 00 03 01 00 00
y11: client 0: request 978 opcode 139 len 8 bytes: 8b 07 02 00 59 00 10 00
y11: client 0: request 979 opcode 56 len 16 bytes: 38 00 04 00 02 00 10 00 04 00 00 00 19 15 0a 00
y11: client 0: request 980 opcode 70 len 28 bytes: 46 00 07 00 01 00 10 00 02 00 10 00 30 00 00 00 22 00 2a 00
y11: client 0: request 981 opcode 62 len 28 bytes: 3e 00 07 00 01 00 10 00 0d 00 10 00 02 00 10 00 00 00 00 00
y11: client 0: request 982 opcode 43 len 4 bytes: 2b 00 01 00
y11: client 0: reply seq 982 len 32
y11: client 1: request 1 opcode 98 len 20 bytes: 62 00 05 00 0c 00 00 00 42 49 47 2d 52 45 51 55 45 53 54 53
y11: client 1: reply seq 1 len 32
y11: client 1: request 2 opcode 128 len 4 bytes: 80 00 01 00
y11: client 1: reply seq 2 len 32
y11: client 1: request 3 opcode 55 len 20 bytes: 37 00 05 00 00 00 20 00 21 00 00 00 08 00 00 00 ff ff ff 00
y11: client 1: request 4 opcode 20 len 24 bytes: 14 00 06 00 21 00 00 00 17 00 00 00 1f 00 00 00 00 00 00 00
y11: client 1: reply seq 4 len 32
y11: client 1: request 5 opcode 98 len 20 bytes: 62 00 05 00 09 00 20 00 58 4b 45 59 42 4f 41 52 44 00 00 00
y11: client 1: reply seq 5 len 32
y11: client 1: request 6 opcode 18 len 128 bytes: 12 00 20 00 21 00 00 00 27 00 00 00 1f 00 00 00 08 ff ff 00
y11: client 0: event type 28
y11: client 1: request 7 opcode 60 len 8 bytes: 3c 00 02 00 00 00 20 00
y11: client 1: request 8 opcode 43 len 4 bytes: 2b 00 01 00
y11: client 1: reply seq 8 len 32
y11: client 1: disconnect
y11: client 0: request 983 opcode 20 len 24 bytes: 14 00 06 00 21 00 00 00 27 00 00 00 00 00 00 00 00 00 00 00
y11: client 0: reply seq 983 len 32
y11: client 0: request 984 opcode 70 len 20 bytes: 46 00 05 00 01 00 10 00 02 00 10 00 22 02 00 00 5e 05 2a 00
y11: client 0: request 985 opcode 139 len 20 bytes: 8b 04 05 00 5a 00 10 00 01 00 10 00 02 01 00 00 00 00 00 00
y11: client 0: request 986 opcode 139 len 40 bytes: 8b 18 0a 00 03 00 10 00 11 00 10 00 5a 00 10 00 03 01 00 00
y11: client 0: request 987 opcode 139 len 104 bytes: 8b 17 1a 00 03 00 00 00 11 00 10 00 5a 00 10 00 03 01 00 00
y11: client 0: request 988 opcode 139 len 40 bytes: 8b 18 0a 00 03 00 00 00 11 00 10 00 5a 00 10 00 03 01 00 00
y11: client 0: request 989 opcode 139 len 68 bytes: 8b 17 11 00 03 00 00 00 11 00 10 00 5a 00 10 00 03 01 00 00
y11: client 0: request 990 opcode 139 len 8 bytes: 8b 07 02 00 5a 00 10 00
y11: client 0: request 991 opcode 56 len 16 bytes: 38 00 04 00 02 00 10 00 04 00 00 00 98 98 a4 00
y11: client 0: request 992 opcode 70 len 20 bytes: 46 00 05 00 01 00 10 00 02 00 10 00 00 00 00 00 30 00 2a 00
y11: client 0: request 993 opcode 139 len 20 bytes: 8b 04 05 00 5b 00 10 00 01 00 10 00 02 01 00 00 00 00 00 00
y11: client 0: request 994 opcode 139 len 40 bytes: 8b 17 0a 00 03 00 0c 01 11 00 10 00 5b 00 10 00 03 01 00 00
y11: client 0: request 995 opcode 139 len 8 bytes: 8b 07 02 00 5b 00 10 00
y11: client 0: request 996 opcode 56 len 16 bytes: 38 00 04 00 02 00 10 00 04 00 00 00 19 15 0a 00
y11: client 0: request 997 opcode 70 len 28 bytes: 46 00 07 00 01 00 10 00 02 00 10 00 30 00 00 00 22 00 2a 00
y11: client 0: request 998 opcode 62 len 28 bytes: 3e 00 07 00 01 00 10 00 0d 00 10 00 02 00 10 00 00 00 00 00
y11: client 0: request 999 opcode 43 len 4 bytes: 2b 00 01 00
y11: client 0: reply seq 999 len 32
y11: client 1: request 1 opcode 98 len 20 bytes: 62 00 05 00 0c 00 00 00 42 49 47 2d 52 45 51 55 45 53 54 53
y11: client 1: reply seq 1 len 32
y11: client 1: request 2 opcode 128 len 4 bytes: 80 00 01 00
y11: client 1: reply seq 2 len 32
y11: client 1: request 3 opcode 55 len 20 bytes: 37 00 05 00 00 00 20 00 21 00 00 00 08 00 00 00 ff ff ff 00
y11: client 1: request 4 opcode 20 len 24 bytes: 14 00 06 00 21 00 00 00 17 00 00 00 1f 00 00 00 00 00 00 00
y11: client 1: reply seq 4 len 32
y11: client 1: request 5 opcode 98 len 20 bytes: 62 00 05 00 09 00 20 00 58 4b 45 59 42 4f 41 52 44 00 00 00
y11: client 1: reply seq 5 len 32
y11: client 1: request 6 opcode 18 len 124 bytes: 12 00 1f 00 21 00 00 00 27 00 00 00 1f 00 00 00 08 ff ff 00
y11: client 0: event type 28
y11: client 1: request 7 opcode 60 len 8 bytes: 3c 00 02 00 00 00 20 00
y11: client 1: request 8 opcode 43 len 4 bytes: 2b 00 01 00
y11: client 1: reply seq 8 len 32
y11: client 1: disconnect
y11: client 0: request 1000 opcode 20 len 24 bytes: 14 00 06 00 21 00 00 00 27 00 00 00 00 00 00 00 00 00 00 00
y11: client 0: reply seq 1000 len 32
y11: client 0: request 1001 opcode 70 len 20 bytes: 46 00 05 00 01 00 10 00 02 00 10 00 30 02 00 00 50 05 2a 00
y11: client 0: request 1002 opcode 139 len 20 bytes: 8b 04 05 00 5c 00 10 00 01 00 10 00 02 01 00 00 00 00 00 00
y11: client 0: request 1003 opcode 139 len 40 bytes: 8b 18 0a 00 03 00 10 00 11 00 10 00 5c 00 10 00 03 01 00 00
y11: client 0: request 1004 opcode 139 len 104 bytes: 8b 17 1a 00 03 00 00 00 11 00 10 00 5c 00 10 00 03 01 00 00
y11: client 0: request 1005 opcode 139 len 40 bytes: 8b 18 0a 00 03 00 00 00 11 00 10 00 5c 00 10 00 03 01 00 00
y11: client 0: request 1006 opcode 139 len 68 bytes: 8b 17 11 00 03 00 00 00 11 00 10 00 5c 00 10 00 03 01 00 00
y11: client 0: request 1007 opcode 139 len 8 bytes: 8b 07 02 00 5c 00 10 00
y11: client 0: request 1008 opcode 56 len 16 bytes: 38 00 04 00 02 00 10 00 04 00 00 00 98 98 a4 00
y11: client 0: request 1009 opcode 70 len 20 bytes: 46 00 05 00 01 00 10 00 02 00 10 00 00 00 00 00 30 00 2a 00
y11: client 0: request 1010 opcode 139 len 20 bytes: 8b 04 05 00 5d 00 10 00 01 00 10 00 02 01 00 00 00 00 00 00
y11: client 0: request 1011 opcode 139 len 40 bytes: 8b 17 0a 00 03 00 0c 01 11 00 10 00 5d 00 10 00 03 01 00 00
y11: client 0: request 1012 opcode 139 len 8 bytes: 8b 07 02 00 5d 00 10 00
y11: client 0: request 1013 opcode 56 len 16 bytes: 38 00 04 00 02 00 10 00 04 00 00 00 19 15 0a 00
y11: client 0: request 1014 opcode 70 len 28 bytes: 46 00 07 00 01 00 10 00 02 00 10 00 30 00 00 00 22 00 2a 00
y11: client 0: request 1015 opcode 62 len 28 bytes: 3e 00 07 00 01 00 10 00 0d 00 10 00 02 00 10 00 00 00 00 00
y11: client 0: request 1016 opcode 43 len 4 bytes: 2b 00 01 00
y11: client 0: reply seq 1016 len 32
y11: client 1: request 1 opcode 98 len 20 bytes: 62 00 05 00 0c 00 00 00 42 49 47 2d 52 45 51 55 45 53 54 53
y11: client 1: reply seq 1 len 32
y11: client 1: request 2 opcode 128 len 4 bytes: 80 00 01 00
y11: client 1: reply seq 2 len 32
y11: client 1: request 3 opcode 55 len 20 bytes: 37 00 05 00 00 00 20 00 21 00 00 00 08 00 00 00 ff ff ff 00
y11: client 1: request 4 opcode 20 len 24 bytes: 14 00 06 00 21 00 00 00 17 00 00 00 1f 00 00 00 00 00 00 00
y11: client 1: reply seq 4 len 32
y11: client 1: request 5 opcode 98 len 20 bytes: 62 00 05 00 09 00 20 00 58 4b 45 59 42 4f 41 52 44 00 00 00
y11: client 1: reply seq 5 len 32
y11: client 1: request 6 opcode 18 len 124 bytes: 12 00 1f 00 21 00 00 00 27 00 00 00 1f 00 00 00 08 ff ff 00
y11: client 0: event type 28
y11: client 1: request 7 opcode 60 len 8 bytes: 3c 00 02 00 00 00 20 00
y11: client 1: request 8 opcode 43 len 4 bytes: 2b 00 01 00
y11: client 1: reply seq 8 len 32
y11: client 1: disconnect
y11: client 0: request 1017 opcode 20 len 24 bytes: 14 00 06 00 21 00 00 00 27 00 00 00 00 00 00 00 00 00 00 00
y11: client 0: reply seq 1017 len 32
y11: client 0: request 1018 opcode 70 len 20 bytes: 46 00 05 00 01 00 10 00 02 00 10 00 30 02 00 00 50 05 2a 00
y11: client 0: request 1019 opcode 139 len 20 bytes: 8b 04 05 00 5e 00 10 00 01 00 10 00 02 01 00 00 00 00 00 00
y11: client 0: request 1020 opcode 139 len 40 bytes: 8b 18 0a 00 03 00 10 00 11 00 10 00 5e 00 10 00 03 01 00 00
y11: client 0: request 1021 opcode 139 len 104 bytes: 8b 17 1a 00 03 00 00 00 11 00 10 00 5e 00 10 00 03 01 00 00
y11: client 0: request 1022 opcode 139 len 40 bytes: 8b 18 0a 00 03 00 00 00 11 00 10 00 5e 00 10 00 03 01 00 00
y11: client 0: request 1023 opcode 139 len 68 bytes: 8b 17 11 00 03 00 00 00 11 00 10 00 5e 00 10 00 03 01 00 00
y11: client 0: request 1024 opcode 139 len 8 bytes: 8b 07 02 00 5e 00 10 00
y11: client 0: request 1025 opcode 56 len 16 bytes: 38 00 04 00 02 00 10 00 04 00 00 00 98 98 a4 00
y11: client 0: request 1026 opcode 70 len 20 bytes: 46 00 05 00 01 00 10 00 02 00 10 00 00 00 00 00 30 00 2a 00
y11: client 0: request 1027 opcode 139 len 20 bytes: 8b 04 05 00 5f 00 10 00 01 00 10 00 02 01 00 00 00 00 00 00
y11: client 0: request 1028 opcode 139 len 40 bytes: 8b 17 0a 00 03 00 0c 01 11 00 10 00 5f 00 10 00 03 01 00 00
y11: client 0: request 1029 opcode 139 len 8 bytes: 8b 07 02 00 5f 00 10 00
y11: client 0: request 1030 opcode 56 len 16 bytes: 38 00 04 00 02 00 10 00 04 00 00 00 19 15 0a 00
y11: client 0: request 1031 opcode 70 len 28 bytes: 46 00 07 00 01 00 10 00 02 00 10 00 30 00 00 00 22 00 2a 00
y11: client 0: request 1032 opcode 62 len 28 bytes: 3e 00 07 00 01 00 10 00 0d 00 10 00 02 00 10 00 00 00 00 00
y11: client 0: request 1033 opcode 43 len 4 bytes: 2b 00 01 00
y11: client 0: reply seq 1033 len 32
y11: client 1: request 1 opcode 98 len 20 bytes: 62 00 05 00 0c 00 00 00 42 49 47 2d 52 45 51 55 45 53 54 53
y11: client 1: reply seq 1 len 32
y11: client 1: request 2 opcode 128 len 4 bytes: 80 00 01 00
y11: client 1: reply seq 2 len 32
y11: client 1: request 3 opcode 55 len 20 bytes: 37 00 05 00 00 00 20 00 21 00 00 00 08 00 00 00 ff ff ff 00
y11: client 1: request 4 opcode 20 len 24 bytes: 14 00 06 00 21 00 00 00 17 00 00 00 1f 00 00 00 00 00 00 00
y11: client 1: reply seq 4 len 32
y11: client 1: request 5 opcode 98 len 20 bytes: 62 00 05 00 09 00 20 00 58 4b 45 59 42 4f 41 52 44 00 00 00
y11: client 1: reply seq 5 len 32
y11: client 1: request 6 opcode 18 len 128 bytes: 12 00 20 00 21 00 00 00 27 00 00 00 1f 00 00 00 08 ff ff 00
y11: client 0: event type 28
y11: client 1: request 7 opcode 60 len 8 bytes: 3c 00 02 00 00 00 20 00
y11: client 1: request 8 opcode 43 len 4 bytes: 2b 00 01 00
y11: client 1: reply seq 8 len 32
y11: client 1: disconnect
y11: client 0: request 1034 opcode 20 len 24 bytes: 14 00 06 00 21 00 00 00 27 00 00 00 00 00 00 00 00 00 00 00
y11: client 0: reply seq 1034 len 32
y11: client 0: request 1035 opcode 70 len 20 bytes: 46 00 05 00 01 00 10 00 02 00 10 00 22 02 00 00 5e 05 2a 00
y11: client 0: request 1036 opcode 139 len 20 bytes: 8b 04 05 00 60 00 10 00 01 00 10 00 02 01 00 00 00 00 00 00
y11: client 0: request 1037 opcode 139 len 40 bytes: 8b 18 0a 00 03 00 10 00 11 00 10 00 60 00 10 00 03 01 00 00
y11: client 0: request 1038 opcode 139 len 104 bytes: 8b 17 1a 00 03 00 00 00 11 00 10 00 60 00 10 00 03 01 00 00
y11: client 0: request 1039 opcode 139 len 40 bytes: 8b 18 0a 00 03 00 00 00 11 00 10 00 60 00 10 00 03 01 00 00
y11: client 0: request 1040 opcode 139 len 68 bytes: 8b 17 11 00 03 00 00 00 11 00 10 00 60 00 10 00 03 01 00 00
y11: client 0: request 1041 opcode 139 len 8 bytes: 8b 07 02 00 60 00 10 00
y11: client 0: request 1042 opcode 56 len 16 bytes: 38 00 04 00 02 00 10 00 04 00 00 00 98 98 a4 00
y11: client 0: request 1043 opcode 70 len 20 bytes: 46 00 05 00 01 00 10 00 02 00 10 00 00 00 00 00 30 00 2a 00
y11: client 0: request 1044 opcode 139 len 20 bytes: 8b 04 05 00 61 00 10 00 01 00 10 00 02 01 00 00 00 00 00 00
y11: client 0: request 1045 opcode 139 len 40 bytes: 8b 17 0a 00 03 00 0c 01 11 00 10 00 61 00 10 00 03 01 00 00
y11: client 0: request 1046 opcode 139 len 8 bytes: 8b 07 02 00 61 00 10 00
y11: client 0: request 1047 opcode 56 len 16 bytes: 38 00 04 00 02 00 10 00 04 00 00 00 19 15 0a 00
y11: client 0: request 1048 opcode 70 len 28 bytes: 46 00 07 00 01 00 10 00 02 00 10 00 30 00 00 00 22 00 2a 00
y11: client 0: request 1049 opcode 62 len 28 bytes: 3e 00 07 00 01 00 10 00 0d 00 10 00 02 00 10 00 00 00 00 00
y11: client 0: request 1050 opcode 43 len 4 bytes: 2b 00 01 00
y11: client 0: reply seq 1050 len 32
y11: client 1: request 1 opcode 98 len 20 bytes: 62 00 05 00 0c 00 00 00 42 49 47 2d 52 45 51 55 45 53 54 53
y11: client 1: reply seq 1 len 32
y11: client 1: request 2 opcode 128 len 4 bytes: 80 00 01 00
y11: client 1: reply seq 2 len 32
y11: client 1: request 3 opcode 55 len 20 bytes: 37 00 05 00 00 00 20 00 21 00 00 00 08 00 00 00 ff ff ff 00
y11: client 1: request 4 opcode 20 len 24 bytes: 14 00 06 00 21 00 00 00 17 00 00 00 1f 00 00 00 00 00 00 00
y11: client 1: reply seq 4 len 32
y11: client 1: request 5 opcode 98 len 20 bytes: 62 00 05 00 09 00 20 00 58 4b 45 59 42 4f 41 52 44 00 00 00
y11: client 1: reply seq 5 len 32
y11: client 1: request 6 opcode 18 len 128 bytes: 12 00 20 00 21 00 00 00 27 00 00 00 1f 00 00 00 08 ff ff 00
y11: client 0: event type 28
y11: client 1: request 7 opcode 60 len 8 bytes: 3c 00 02 00 00 00 20 00
y11: client 1: request 8 opcode 43 len 4 bytes: 2b 00 01 00
y11: client 1: reply seq 8 len 32
y11: client 1: disconnect
y11: client 0: request 1051 opcode 20 len 24 bytes: 14 00 06 00 21 00 00 00 27 00 00 00 00 00 00 00 00 00 00 00
y11: client 0: reply seq 1051 len 32
y11: client 0: request 1052 opcode 70 len 20 bytes: 46 00 05 00 01 00 10 00 02 00 10 00 22 02 00 00 5e 05 2a 00
y11: client 0: request 1053 opcode 139 len 20 bytes: 8b 04 05 00 62 00 10 00 01 00 10 00 02 01 00 00 00 00 00 00
y11: client 0: request 1054 opcode 139 len 40 bytes: 8b 18 0a 00 03 00 10 00 11 00 10 00 62 00 10 00 03 01 00 00
y11: client 0: request 1055 opcode 139 len 104 bytes: 8b 17 1a 00 03 00 00 00 11 00 10 00 62 00 10 00 03 01 00 00
y11: client 0: request 1056 opcode 139 len 40 bytes: 8b 18 0a 00 03 00 00 00 11 00 10 00 62 00 10 00 03 01 00 00
y11: client 0: request 1057 opcode 139 len 68 bytes: 8b 17 11 00 03 00 00 00 11 00 10 00 62 00 10 00 03 01 00 00
y11: client 0: request 1058 opcode 139 len 8 bytes: 8b 07 02 00 62 00 10 00
y11: client 0: request 1059 opcode 56 len 16 bytes: 38 00 04 00 02 00 10 00 04 00 00 00 98 98 a4 00
y11: client 0: request 1060 opcode 70 len 20 bytes: 46 00 05 00 01 00 10 00 02 00 10 00 00 00 00 00 30 00 2a 00
y11: client 0: request 1061 opcode 139 len 20 bytes: 8b 04 05 00 63 00 10 00 01 00 10 00 02 01 00 00 00 00 00 00
y11: client 0: request 1062 opcode 139 len 40 bytes: 8b 17 0a 00 03 00 0c 01 11 00 10 00 63 00 10 00 03 01 00 00
y11: client 0: request 1063 opcode 139 len 8 bytes: 8b 07 02 00 63 00 10 00
y11: client 0: request 1064 opcode 56 len 16 bytes: 38 00 04 00 02 00 10 00 04 00 00 00 19 15 0a 00
y11: client 0: request 1065 opcode 70 len 28 bytes: 46 00 07 00 01 00 10 00 02 00 10 00 30 00 00 00 22 00 2a 00
y11: client 0: request 1066 opcode 62 len 28 bytes: 3e 00 07 00 01 00 10 00 0d 00 10 00 02 00 10 00 00 00 00 00
y11: client 0: request 1067 opcode 43 len 4 bytes: 2b 00 01 00
y11: client 0: reply seq 1067 len 32
y11: client 1: request 1 opcode 98 len 20 bytes: 62 00 05 00 0c 00 00 00 42 49 47 2d 52 45 51 55 45 53 54 53
y11: client 1: reply seq 1 len 32
y11: client 1: request 2 opcode 128 len 4 bytes: 80 00 01 00
y11: client 1: reply seq 2 len 32
y11: client 1: request 3 opcode 55 len 20 bytes: 37 00 05 00 00 00 20 00 21 00 00 00 08 00 00 00 ff ff ff 00
y11: client 1: request 4 opcode 20 len 24 bytes: 14 00 06 00 21 00 00 00 17 00 00 00 1f 00 00 00 00 00 00 00
y11: client 1: reply seq 4 len 32
y11: client 1: request 5 opcode 98 len 20 bytes: 62 00 05 00 09 00 20 00 58 4b 45 59 42 4f 41 52 44 00 00 00
y11: client 1: reply seq 5 len 32
y11: client 1: request 6 opcode 18 len 124 bytes: 12 00 1f 00 21 00 00 00 27 00 00 00 1f 00 00 00 08 ff ff 00
y11: client 0: event type 28
y11: client 1: request 7 opcode 60 len 8 bytes: 3c 00 02 00 00 00 20 00
y11: client 1: request 8 opcode 43 len 4 bytes: 2b 00 01 00
y11: client 1: reply seq 8 len 32
y11: client 1: disconnect
y11: client 0: request 1068 opcode 20 len 24 bytes: 14 00 06 00 21 00 00 00 27 00 00 00 00 00 00 00 00 00 00 00
y11: client 0: reply seq 1068 len 32
y11: client 0: request 1069 opcode 70 len 20 bytes: 46 00 05 00 01 00 10 00 02 00 10 00 30 02 00 00 50 05 2a 00
y11: client 0: request 1070 opcode 139 len 20 bytes: 8b 04 05 00 64 00 10 00 01 00 10 00 02 01 00 00 00 00 00 00
y11: client 0: request 1071 opcode 139 len 40 bytes: 8b 18 0a 00 03 00 10 00 11 00 10 00 64 00 10 00 03 01 00 00
y11: client 0: request 1072 opcode 139 len 104 bytes: 8b 17 1a 00 03 00 00 00 11 00 10 00 64 00 10 00 03 01 00 00
y11: client 0: request 1073 opcode 139 len 40 bytes: 8b 18 0a 00 03 00 00 00 11 00 10 00 64 00 10 00 03 01 00 00
y11: client 0: request 1074 opcode 139 len 68 bytes: 8b 17 11 00 03 00 00 00 11 00 10 00 64 00 10 00 03 01 00 00
y11: client 0: request 1075 opcode 139 len 8 bytes: 8b 07 02 00 64 00 10 00
y11: client 0: request 1076 opcode 56 len 16 bytes: 38 00 04 00 02 00 10 00 04 00 00 00 98 98 a4 00
y11: client 0: request 1077 opcode 70 len 20 bytes: 46 00 05 00 01 00 10 00 02 00 10 00 00 00 00 00 30 00 2a 00
y11: client 0: request 1078 opcode 139 len 20 bytes: 8b 04 05 00 65 00 10 00 01 00 10 00 02 01 00 00 00 00 00 00
y11: client 0: request 1079 opcode 139 len 40 bytes: 8b 17 0a 00 03 00 0c 01 11 00 10 00 65 00 10 00 03 01 00 00
y11: client 0: request 1080 opcode 139 len 8 bytes: 8b 07 02 00 65 00 10 00
y11: client 0: request 1081 opcode 56 len 16 bytes: 38 00 04 00 02 00 10 00 04 00 00 00 19 15 0a 00
y11: client 0: request 1082 opcode 70 len 28 bytes: 46 00 07 00 01 00 10 00 02 00 10 00 30 00 00 00 22 00 2a 00
y11: client 0: request 1083 opcode 62 len 28 bytes: 3e 00 07 00 01 00 10 00 0d 00 10 00 02 00 10 00 00 00 00 00
y11: client 0: request 1084 opcode 43 len 4 bytes: 2b 00 01 00
y11: client 0: reply seq 1084 len 32
y11: client 1: request 1 opcode 98 len 20 bytes: 62 00 05 00 0c 00 00 00 42 49 47 2d 52 45 51 55 45 53 54 53
y11: client 1: reply seq 1 len 32
y11: client 1: request 2 opcode 128 len 4 bytes: 80 00 01 00
y11: client 1: reply seq 2 len 32
y11: client 1: request 3 opcode 55 len 20 bytes: 37 00 05 00 00 00 20 00 21 00 00 00 08 00 00 00 ff ff ff 00
y11: client 1: request 4 opcode 20 len 24 bytes: 14 00 06 00 21 00 00 00 17 00 00 00 1f 00 00 00 00 00 00 00
y11: client 1: reply seq 4 len 32
y11: client 1: request 5 opcode 98 len 20 bytes: 62 00 05 00 09 00 20 00 58 4b 45 59 42 4f 41 52 44 00 00 00
y11: client 1: reply seq 5 len 32
y11: client 1: request 6 opcode 18 len 124 bytes: 12 00 1f 00 21 00 00 00 27 00 00 00 1f 00 00 00 08 ff ff 00
y11: client 0: event type 28
y11: client 1: request 7 opcode 60 len 8 bytes: 3c 00 02 00 00 00 20 00
y11: client 1: request 8 opcode 43 len 4 bytes: 2b 00 01 00
y11: client 1: reply seq 8 len 32
y11: client 1: disconnect
y11: client 0: request 1085 opcode 20 len 24 bytes: 14 00 06 00 21 00 00 00 27 00 00 00 00 00 00 00 00 00 00 00
y11: client 0: reply seq 1085 len 32
y11: client 0: request 1086 opcode 70 len 20 bytes: 46 00 05 00 01 00 10 00 02 00 10 00 30 02 00 00 50 05 2a 00
y11: client 0: request 1087 opcode 139 len 20 bytes: 8b 04 05 00 66 00 10 00 01 00 10 00 02 01 00 00 00 00 00 00
y11: client 0: request 1088 opcode 139 len 40 bytes: 8b 18 0a 00 03 00 10 00 11 00 10 00 66 00 10 00 03 01 00 00
y11: client 0: request 1089 opcode 139 len 104 bytes: 8b 17 1a 00 03 00 00 00 11 00 10 00 66 00 10 00 03 01 00 00
y11: client 0: request 1090 opcode 139 len 40 bytes: 8b 18 0a 00 03 00 00 00 11 00 10 00 66 00 10 00 03 01 00 00
y11: client 0: request 1091 opcode 139 len 68 bytes: 8b 17 11 00 03 00 00 00 11 00 10 00 66 00 10 00 03 01 00 00
y11: client 0: request 1092 opcode 139 len 8 bytes: 8b 07 02 00 66 00 10 00
y11: client 0: request 1093 opcode 56 len 16 bytes: 38 00 04 00 02 00 10 00 04 00 00 00 98 98 a4 00
y11: client 0: request 1094 opcode 70 len 20 bytes: 46 00 05 00 01 00 10 00 02 00 10 00 00 00 00 00 30 00 2a 00
y11: client 0: request 1095 opcode 139 len 20 bytes: 8b 04 05 00 67 00 10 00 01 00 10 00 02 01 00 00 00 00 00 00
y11: client 0: request 1096 opcode 139 len 40 bytes: 8b 17 0a 00 03 00 0c 01 11 00 10 00 67 00 10 00 03 01 00 00
y11: client 0: request 1097 opcode 139 len 8 bytes: 8b 07 02 00 67 00 10 00
y11: client 0: request 1098 opcode 56 len 16 bytes: 38 00 04 00 02 00 10 00 04 00 00 00 19 15 0a 00
y11: client 0: request 1099 opcode 70 len 28 bytes: 46 00 07 00 01 00 10 00 02 00 10 00 30 00 00 00 22 00 2a 00
y11: client 0: request 1100 opcode 62 len 28 bytes: 3e 00 07 00 01 00 10 00 0d 00 10 00 02 00 10 00 00 00 00 00
y11: client 0: request 1101 opcode 43 len 4 bytes: 2b 00 01 00
y11: client 0: reply seq 1101 len 32
y11: client 1: request 1 opcode 98 len 20 bytes: 62 00 05 00 0c 00 00 00 42 49 47 2d 52 45 51 55 45 53 54 53
y11: client 1: reply seq 1 len 32
y11: client 1: request 2 opcode 128 len 4 bytes: 80 00 01 00
y11: client 1: reply seq 2 len 32
y11: client 1: request 3 opcode 55 len 20 bytes: 37 00 05 00 00 00 20 00 21 00 00 00 08 00 00 00 ff ff ff 00
y11: client 1: request 4 opcode 20 len 24 bytes: 14 00 06 00 21 00 00 00 17 00 00 00 1f 00 00 00 00 00 00 00
y11: client 1: reply seq 4 len 32
y11: client 1: request 5 opcode 98 len 20 bytes: 62 00 05 00 09 00 20 00 58 4b 45 59 42 4f 41 52 44 00 00 00
y11: client 1: reply seq 5 len 32
y11: client 1: request 6 opcode 18 len 128 bytes: 12 00 20 00 21 00 00 00 27 00 00 00 1f 00 00 00 08 ff ff 00
y11: client 0: event type 28
y11: client 1: request 7 opcode 60 len 8 bytes: 3c 00 02 00 00 00 20 00
y11: client 1: request 8 opcode 43 len 4 bytes: 2b 00 01 00
y11: client 1: reply seq 8 len 32
y11: client 0: request 1102 opcode 20 len 24 bytes: 14 00 06 00 21 00 00 00 27 00 00 00 00 00 00 00 00 00 00 00
y11: client 0: reply seq 1102 len 32
y11: client 1: disconnect
y11: client 0: request 1103 opcode 70 len 20 bytes: 46 00 05 00 01 00 10 00 02 00 10 00 22 02 00 00 5e 05 2a 00
y11: client 0: request 1104 opcode 139 len 20 bytes: 8b 04 05 00 68 00 10 00 01 00 10 00 02 01 00 00 00 00 00 00
y11: client 0: request 1105 opcode 139 len 40 bytes: 8b 18 0a 00 03 00 10 00 11 00 10 00 68 00 10 00 03 01 00 00
y11: client 0: request 1106 opcode 139 len 104 bytes: 8b 17 1a 00 03 00 00 00 11 00 10 00 68 00 10 00 03 01 00 00
y11: client 0: request 1107 opcode 139 len 40 bytes: 8b 18 0a 00 03 00 00 00 11 00 10 00 68 00 10 00 03 01 00 00
y11: client 0: request 1108 opcode 139 len 68 bytes: 8b 17 11 00 03 00 00 00 11 00 10 00 68 00 10 00 03 01 00 00
y11: client 0: request 1109 opcode 139 len 8 bytes: 8b 07 02 00 68 00 10 00
y11: client 0: request 1110 opcode 56 len 16 bytes: 38 00 04 00 02 00 10 00 04 00 00 00 98 98 a4 00
y11: client 0: request 1111 opcode 70 len 20 bytes: 46 00 05 00 01 00 10 00 02 00 10 00 00 00 00 00 30 00 2a 00
y11: client 0: request 1112 opcode 139 len 20 bytes: 8b 04 05 00 69 00 10 00 01 00 10 00 02 01 00 00 00 00 00 00
y11: client 0: request 1113 opcode 139 len 40 bytes: 8b 17 0a 00 03 00 0c 01 11 00 10 00 69 00 10 00 03 01 00 00
y11: client 0: request 1114 opcode 139 len 8 bytes: 8b 07 02 00 69 00 10 00
y11: client 0: request 1115 opcode 56 len 16 bytes: 38 00 04 00 02 00 10 00 04 00 00 00 19 15 0a 00
y11: client 0: request 1116 opcode 70 len 28 bytes: 46 00 07 00 01 00 10 00 02 00 10 00 30 00 00 00 22 00 2a 00
y11: client 0: request 1117 opcode 62 len 28 bytes: 3e 00 07 00 01 00 10 00 0d 00 10 00 02 00 10 00 00 00 00 00
y11: client 0: request 1118 opcode 43 len 4 bytes: 2b 00 01 00
y11: client 0: reply seq 1118 len 32
y11: client 1: request 1 opcode 98 len 20 bytes: 62 00 05 00 0c 00 00 00 42 49 47 2d 52 45 51 55 45 53 54 53
y11: client 1: reply seq 1 len 32
y11: client 1: request 2 opcode 128 len 4 bytes: 80 00 01 00
y11: client 1: reply seq 2 len 32
y11: client 1: request 3 opcode 55 len 20 bytes: 37 00 05 00 00 00 20 00 21 00 00 00 08 00 00 00 ff ff ff 00
y11: client 1: request 4 opcode 20 len 24 bytes: 14 00 06 00 21 00 00 00 17 00 00 00 1f 00 00 00 00 00 00 00
y11: client 1: reply seq 4 len 32
y11: client 1: request 5 opcode 98 len 20 bytes: 62 00 05 00 09 00 20 00 58 4b 45 59 42 4f 41 52 44 00 00 00
y11: client 1: reply seq 5 len 32
y11: client 1: request 6 opcode 18 len 128 bytes: 12 00 20 00 21 00 00 00 27 00 00 00 1f 00 00 00 08 ff ff 00
y11: client 0: event type 28
y11: client 1: request 7 opcode 60 len 8 bytes: 3c 00 02 00 00 00 20 00
y11: client 1: request 8 opcode 43 len 4 bytes: 2b 00 01 00
y11: client 1: reply seq 8 len 32
y11: client 0: request 1119 opcode 20 len 24 bytes: 14 00 06 00 21 00 00 00 27 00 00 00 00 00 00 00 00 00 00 00
y11: client 0: reply seq 1119 len 32
y11: client 1: disconnect
y11: client 0: request 1120 opcode 70 len 20 bytes: 46 00 05 00 01 00 10 00 02 00 10 00 22 02 00 00 5e 05 2a 00
y11: client 0: request 1121 opcode 139 len 20 bytes: 8b 04 05 00 6a 00 10 00 01 00 10 00 02 01 00 00 00 00 00 00
y11: client 0: request 1122 opcode 139 len 40 bytes: 8b 18 0a 00 03 00 10 00 11 00 10 00 6a 00 10 00 03 01 00 00
y11: client 0: request 1123 opcode 139 len 104 bytes: 8b 17 1a 00 03 00 00 00 11 00 10 00 6a 00 10 00 03 01 00 00
y11: client 0: request 1124 opcode 139 len 40 bytes: 8b 18 0a 00 03 00 00 00 11 00 10 00 6a 00 10 00 03 01 00 00
y11: client 0: request 1125 opcode 139 len 68 bytes: 8b 17 11 00 03 00 00 00 11 00 10 00 6a 00 10 00 03 01 00 00
y11: client 0: request 1126 opcode 139 len 8 bytes: 8b 07 02 00 6a 00 10 00
y11: client 0: request 1127 opcode 56 len 16 bytes: 38 00 04 00 02 00 10 00 04 00 00 00 98 98 a4 00
y11: client 0: request 1128 opcode 70 len 20 bytes: 46 00 05 00 01 00 10 00 02 00 10 00 00 00 00 00 30 00 2a 00
y11: client 0: request 1129 opcode 139 len 20 bytes: 8b 04 05 00 6b 00 10 00 01 00 10 00 02 01 00 00 00 00 00 00
y11: client 0: request 1130 opcode 139 len 40 bytes: 8b 17 0a 00 03 00 0c 01 11 00 10 00 6b 00 10 00 03 01 00 00
y11: client 0: request 1131 opcode 139 len 8 bytes: 8b 07 02 00 6b 00 10 00
y11: client 0: request 1132 opcode 56 len 16 bytes: 38 00 04 00 02 00 10 00 04 00 00 00 19 15 0a 00
y11: client 0: request 1133 opcode 70 len 28 bytes: 46 00 07 00 01 00 10 00 02 00 10 00 30 00 00 00 22 00 2a 00
y11: client 0: request 1134 opcode 62 len 28 bytes: 3e 00 07 00 01 00 10 00 0d 00 10 00 02 00 10 00 00 00 00 00
y11: client 0: request 1135 opcode 43 len 4 bytes: 2b 00 01 00
y11: client 0: reply seq 1135 len 32
y11: client 0: disconnect
